date,01,02,04,05,06,08,09,10,11,12,13,15,16,17,18,19,20,21,22,23,24,25,26,27,28,29,30,31,32,33,34,35,36,37,38,39,40,41,42,44,45,46,47,48,49,50,51,53,54,55,56,72
2020-08-08,1767.0,49.0,1658.0,449.0,4836.0,316.0,101.0,7.0,102.0,6733.0,1316.0,218.0,145.0,633.0,407.0,366.0,166.0,1090.0,1476.0,11.0,387.0,171.0,242.0,138.0,766.0,427.0,88.0,69.0,760.0,12.0,180.0,78.0,517.0,1008.0,96.0,449.0,352.0,89.0,626.0,47.0,943.0,47.0,1402.0,6571.0,128.0,3.0,333.0,192.0,96.0,673.0,121.0,182.0
2020-08-15,1803.0,48.0,1473.0,412.0,4273.0,256.0,51.0,30.0,104.0,5817.0,1548.0,268.0,124.0,613.0,397.0,345.0,167.0,1566.0,1342.0,6.0,359.0,142.0,389.0,205.0,791.0,515.0,94.0,130.0,577.0,10.0,177.0,59.0,493.0,782.0,87.0,573.0,466.0,87.0,459.0,58.0,645.0,93.0,1331.0,5840.0,126.0,5.0,421.0,190.0,74.0,485.0,50.0,265.0
2020-08-22,1930.0,63.0,1292.0,425.0,3498.0,147.0,77.0,47.0,89.0,5040.0,2427.0,918.0,147.0,737.0,527.0,329.0,186.0,1307.0,1121.0,10.0,352.0,132.0,378.0,228.0,611.0,655.0,95.0,146.0,578.0,179.0,260.0,102.0,848.0,1150.0,71.0,634.0,549.0,109.0,411.0,42.0,631.0,95.0,1216.0,5549.0,89.0,6.0,413.0,165.0,93.0,447.0,37.0,263.0
2020-08-29,1719.0,56.0,700.0,342.0,3100.0,137.0,62.0,58.0,69.0,4269.0,1458.0,2137.0,107.0,779.0,533.0,359.0,214.0,1776.0,883.0,9.0,316.0,172.0,358.0,263.0,595.0,680.0,104.0,163.0,483.0,209.0,302.0,155.0,485.0,2055.0,92.0,647.0,590.0,60.0,460.0,27.0,613.0,117.0,1124.0,5080.0,126.0,6.0,396.0,143.0,114.0,430.0,37.0,259.0
2020-09-05,1248.0,61.0,1008.0,328.0,2888.0,137.0,78.0,66.0,81.0,3526.0,1548.0,1996.0,104.0,804.0,444.0,378.0,264.0,1495.0,820.0,6.0,304.0,169.0,330.0,265.0,554.0,633.0,125.0,166.0,478.0,153.0,290.0,48.0,480.0,1762.0,85.0,672.0,511.0,55.0,382.0,24.0,487.0,115.0,1191.0,4590.0,139.0,5.0,465.0,192.0,96.0,404.0,42.0,319.0
2020-09-12,1092.0,56.0,537.0,327.0,2572.0,118.0,62.0,51.0,89.0,2922.0,1266.0,1781.0,95.0,732.0,923.0,357.0,254.0,2101.0,809.0,7.0,295.0,178.0,321.0,235.0,481.0,643.0,132.0,175.0,398.0,7.0,244.0,43.0,574.0,941.0,93.0,593.0,503.0,54.0,356.0,27.0,493.0,133.0,1082.0,3998.0,116.0,7.0,428.0,156.0,90.0,503.0,48.0,269.0
2020-09-19,896.0,67.0,657.0,369.0,2253.0,145.0,92.0,33.0,56.0,2441.0,1222.0,1522.0,84.0,778.0,423.0,372.0,239.0,1159.0,770.0,9.0,306.0,195.0,285.0,248.0,447.0,744.0,122.0,224.0,337.0,7.0,245.0,74.0,580.0,901.0,142.0,591.0,614.0,80.0,315.0,22.0,443.0,211.0,1089.0,4104.0,156.0,6.0,429.0,202.0,119.0,592.0,38.0,274.0
2020-09-26,941.0,46.0,788.0,456.0,2191.0,207.0,69.0,49.0,81.0,2099.0,1104.0,1204.0,138.0,765.0,471.0,489.0,250.0,1059.0,689.0,4.0,310.0,250.0,295.0,350.0,395.0,811.0,215.0,244.0,399.0,19.0,291.0,107.0,659.0,888.0,175.0,586.0,742.0,104.0,372.0,40.0,469.0,251.0,1087.0,4032.0,175.0,1.0,352.0,168.0,116.0,683.0,58.0,218.0
2020-10-03,967.0,33.0,332.0,448.0,2176.0,204.0,113.0,63.0,68.0,1984.0,3653.0,1037.0,150.0,817.0,635.0,515.0,294.0,908.0,648.0,8.0,348.0,283.0,450.0,385.0,384.0,929.0,316.0,237.0,339.0,19.0,360.0,115.0,853.0,873.0,241.0,745.0,783.0,91.0,472.0,38.0,376.0,286.0,1265.0,4192.0,193.0,1.0,407.0,142.0,116.0,1029.0,79.0,341.0
2020-10-10,950.0,38.0,456.0,559.0,2223.0,281.0,132.0,90.0,78.0,2156.0,3752.0,838.0,152.0,1094.0,738.0,596.0,458.0,1939.0,852.0,5.0,387.0,295.0,549.0,448.0,555.0,1053.0,339.0,304.0,405.0,17.0,548.0,132.0,843.0,1111.0,276.0,1088.0,892.0,128.0,615.0,52.0,502.0,340.0,1388.0,4935.0,249.0,5.0,480.0,175.0,109.0,1275.0,76.0,330.0
2020-10-17,1005.0,62.0,504.0,604.0,2290.0,458.0,162.0,91.0,55.0,2144.0,3576.0,670.0,187.0,1727.0,901.0,605.0,513.0,1170.0,754.0,8.0,380.0,299.0,687.0,471.0,576.0,1243.0,427.0,392.0,420.0,20.0,661.0,162.0,1003.0,1161.0,226.0,1320.0,1012.0,125.0,661.0,50.0,541.0,314.0,1620.0,6190.0,282.0,0.5,484.0,202.0,158.0,1771.0,112.0,254.0
2020-10-24,1178.0,54.0,655.0,606.0,2364.0,562.0,213.0,85.0,83.0,2441.0,3322.0,48.0,240.0,2012.0,1184.0,603.0,494.0,1434.0,908.0,8.0,419.0,358.0,857.0,599.0,607.0,1189.0,405.0,514.0,483.0,11.0,983.0,282.0,973.0,1274.0,304.0,1537.0,1184.0,172.0,1020.0,102.0,461.0,370.0,1723.0,7142.0,315.0,2.0,488.0,190.0,194.0,2125.0,144.0,794.0
2020-10-31,1317.0,69.0,670.0,596.0,2523.0,742.0,298.0,77.0,87.0,3177.0,3625.0,47.0,276.0,2239.0,1298.0,723.0,616.0,1744.0,775.0,36.0,480.0,392.0,1490.0,741.0,500.0,1292.0,437.0,702.0,553.0,28.0,1019.0,406.0,985.0,1263.0,372.0,1651.0,1101.0,133.0,1149.0,76.0,506.0,468.0,1829.0,7053.0,373.0,12.0,547.0,253.0,196.0,2404.0,123.0,1158.0
2020-11-07,1285.0,91.0,890.0,664.0,2881.0,1096.0,370.0,92.0,72.0,2801.0,3669.0,52.0,309.0,3039.0,1577.0,1066.0,805.0,2091.0,884.0,42.0,582.0,553.0,1852.0,1064.0,497.0,1700.0,525.0,920.0,725.0,29.0,1028.0,528.0,1246.0,1300.0,492.0,2364.0,1316.0,199.0,1666.0,101.0,468.0,513.0,1855.0,8061.0,452.0,6.0,636.0,276.0,242.0,2791.0,170.0,1206.0
2020-11-14,1519.0,121.0,1211.0,794.0,3467.0,1544.0,658.0,144.0,125.0,3344.0,3933.0,53.0,368.0,4089.0,2213.0,1415.0,1080.0,2413.0,995.0,48.0,931.0,709.0,2457.0,1444.0,606.0,2140.0,572.0,1149.0,1069.0,64.0,1654.0,712.0,2118.0,1516.0,473.0,3207.0,1616.0,308.0,2334.0,131.0,515.0,496.0,2379.0,9305.0,548.0,24.0,777.0,422.0,302.0,3325.0,197.0,1280.0
2020-11-21,1623.0,121.0,1600.0,928.0,4864.0,1850.0,694.0,161.0,132.0,3634.0,3744.0,58.0,381.0,4374.0,2457.0,1525.0,1243.0,2717.0,1389.0,97.0,1195.0,949.0,2983.0,1639.0,825.0,2404.0,597.0,1254.0,1315.0,74.0,2227.0,847.0,2546.0,1724.0,506.0,4190.0,2051.0,346.0,3269.0,239.0,571.0,494.0,2656.0,10944.0,646.0,21.0,910.0,594.0,369.0,3310.0,230.0,1068.0
2020-11-28,1806.0,154.0,1933.0,910.0,6828.0,1886.0,808.0,226.0,128.0,4016.0,3923.0,32.0,438.0,4012.0,2529.0,1144.0,1181.0,2847.0,1589.0,97.0,1407.0,952.0,3528.0,1525.0,881.0,2092.0,530.0,1081.0,1438.0,117.0,2443.0,810.0,3176.0,1905.0,399.0,4463.0,2178.0,438.0,3971.0,249.0,649.0,400.0,2730.0,10334.0,631.0,28.0,1104.0,690.0,480.0,2875.0,214.0,870.0
2020-12-05,2313.0,134.0,2629.0,986.0,8883.0,1882.0,936.0,349.0,193.0,4600.0,4854.0,48.0,440.0,3904.0,2584.0,991.0,1174.0,3175.0,1985.0,119.0,1519.0,1382.0,3270.0,1392.0,951.0,2106.0,419.0,932.0,1615.0,166.0,2832.0,945.0,4131.0,2306.0,341.0,4928.0,2130.0,498.0,4888.0,394.0,841.0,346.0,3234.0,10640.0,678.0,36.0,1303.0,695.0,503.0,2673.0,213.0,1355.0
2020-12-12,2557.0,102.0,3115.0,1010.0,11623.0,1677.0,1047.0,358.0,201.0,4878.0,5282.0,50.0,423.0,3747.0,2675.0,824.0,1162.0,3113.0,2109.0,115.0,1452.0,1720.0,2934.0,1194.0,1038.0,2100.0,420.0,758.0,1815.0,269.0,3099.0,876.0,5094.0,2636.0,285.0,4877.0,2007.0,436.0,5218.0,358.0,1026.0,304.0,3534.0,11356.0,670.0,29.0,1453.0,700.0,567.0,2382.0,189.0,1231.0
2020-12-19,2957.0,100.0,3282.0,1063.0,14891.0,1396.0,917.0,358.0,216.0,5607.0,5687.0,47.0,401.0,3389.0,2559.0,651.0,1087.0,3141.0,2074.0,126.0,1535.0,1759.0,2495.0,921.0,1040.0,2000.0,361.0,607.0,1727.0,230.0,2883.0,860.0,5605.0,2813.0,217.0,4747.0,2234.0,445.0,5078.0,269.0,1190.0,225.0,3783.0,12196.0,635.0,45.0,1621.0,710.0,566.0,2249.0,183.0,1341.0
2020-12-26,3075.0,60.0,3456.0,1068.0,15418.0,1150.0,990.0,322.0,188.0,5948.0,6951.0,65.0,305.0,3048.0,2408.0,609.0,952.0,2976.0,2033.0,100.0,1505.0,1899.0,2091.0,798.0,1146.0,1870.0,252.0,548.0,1649.0,254.0,2885.0,854.0,6253.0,3087.0,195.0,3998.0,2307.0,414.0,4586.0,354.0,1323.0,154.0,3439.0,13578.0,548.0,39.0,1683.0,750.0,602.0,1685.0,154.0,1104.0
2021-01-02,3238.0,69.0,3696.0,1204.0,15933.0,1054.0,914.0,319.0,226.0,7184.0,7954.0,72.0,339.0,2869.0,2779.0,582.0,967.0,3276.0,2591.0,86.0,1453.0,2030.0,1827.0,778.0,1164.0,1857.0,259.0,507.0,1552.0,275.0,2851.0,885.0,6689.0,3311.0,183.0,4033.0,2545.0,454.0,4348.0,231.0,1632.0,175.0,3965.0,15823.0,564.0,37.0,1848.0,707.0,677.0,1566.0,136.0,855.0
2021-01-09,3462.0,76.0,4124.0,1251.0,16721.0,957.0,1073.0,379.0,262.0,8108.0,9157.0,77.0,319.0,2823.0,2542.0,613.0,948.0,3276.0,2946.0,117.0,1643.0,2032.0,1955.0,694.0,1145.0,1933.0,283.0,529.0,1640.0,246.0,2985.0,699.0,7413.0,3859.0,135.0,3971.0,2695.0,432.0,4198.0,200.0,1940.0,160.0,3660.0,17256.0,664.0,66.0,2096.0,710.0,630.0,1708.0,115.0,875.0
2021-01-16,3105.0,54.0,3951.0,1135.0,14726.0,908.0,1048.0,373.0,257.0,7724.0,9096.0,69.0,255.0,2576.0,2006.0,538.0,955.0,3319.0,2531.0,130.0,1541.0,2040.0,1712.0,594.0,933.0,1678.0,305.0,525.0,1521.0,196.0,2968.0,734.0,7240.0,3826.0,128.0,3634.0,2266.0,369.0,3856.0,223.0,1900.0,155.0,2920.0,16774.0,605.0,68.0,2160.0,658.0,550.0,1571.0,116.0,904.0
2021-01-23,2577.0,35.0,3631.0,1035.0,13038.0,837.0,975.0,342.0,218.0,7203.0,8468.0,68.0,177.0,2230.0,1696.0,456.0,786.0,2907.0,2138.0,93.0,1409.0,1791.0,1375.0,445.0,778.0,1302.0,240.0,433.0,1360.0,174.0,2666.0,728.0,6689.0,3162.0,101.0,3070.0,1931.0,260.0,3293.0,184.0,1708.0,93.0,2312.0,15161.0,515.0,67.0,1977.0,633.0,496.0,1268.0,83.0,1315.0
2021-01-30,2076.0,29.0,3090.0,846.0,10564.0,681.0,843.0,266.0,214.0,6556.0,7139.0,54.0,172.0,1983.0,1284.0,381.0,593.0,2702.0,1729.0,96.0,1290.0,1546.0,1076.0,388.0,636.0,1136.0,170.0,302.0,1145.0,132.0,2393.0,595.0,6066.0,2812.0,92.0,2533.0,1657.0,306.0,2973.0,184.0,1523.0,82.0,1793.0,13504.0,480.0,100.0,1802.0,570.0,391.0,1110.0,73.0,243.0
2021-02-06,1746.0,25.0,2287.0,743.0,8437.0,626.0,782.0,243.0,217.0,5809.0,6255.0,33.0,153.0,1616.0,1200.0,367.0,493.0,2358.0,1427.0,83.0,1141.0,1311.0,962.0,339.0,527.0,959.0,170.0,283.0,997.0,119.0,2283.0,481.0,5572.0,2274.0,83.0,2070.0,1471.0,272.0,2466.0,131.0,1262.0,77.0,1533.0,11523.0,433.0,61.0,1603.0,500.0,363.0,917.0,62.0,836.0
2021-02-13,1383.0,26.0,1730.0,637.0,6372.0,540.0,649.0,189.0,166.0,5109.0,5141.0,24.0,166.0,1300.0,871.0,278.0,397.0,2003.0,1136.0,70.0,883.0,1009.0,759.0,305.0,391.0,738.0,119.0,178.0,819.0,83.0,1855.0,272.0,5018.0,1842.0,93.0,1767.0,1151.0,226.0,2180.0,104.0,1015.0,55.0,1293.0,9046.0,327.0,49.0,1306.0,381.0,256.0,673.0,72.0,1229.0
2021-02-20,1080.0,37.0,1224.0,443.0,4842.0,508.0,577.0,132.0,160.0,4747.0,4292.0,19.0,113.0,1207.0,706.0,283.0,328.0,1660.0,847.0,49.0,745.0,789.0,641.0,257.0,280.0,646.0,157.0,188.0,675.0,70.0,1575.0,229.0,4171.0,1545.0,79.0,1366.0,929.0,225.0,1772.0,87.0,817.0,77.0,1054.0,6283.0,254.0,32.0,1134.0,377.0,238.0,610.0,32.0,787.0
2021-02-27,828.0,33.0,912.0,400.0,3829.0,475.0,525.0,145.0,145.0,4192.0,3067.0,29.0,129.0,1030.0,604.0,253.0,306.0,1534.0,802.0,42.0,658.0,780.0,646.0,262.0,330.0,543.0,104.0,212.0,553.0,78.0,1620.0,183.0,4201.0,1236.0,74.0,1199.0,829.0,159.0,1706.0,92.0,682.0,80.0,1190.0,6530.0,252.0,38.0,1028.0,312.0,188.0,466.0,33.0,1096.0
2021-03-06,657.0,30.0,709.0,254.0,3139.0,414.0,532.0,90.0,113.0,3867.0,2295.0,14.0,109.0,904.0,491.0,224.0,213.0,1253.0,719.0,49.0,620.0,704.0,720.0,218.0,254.0,473.0,109.0,170.0,448.0,72.0,1577.0,253.0,3836.0,1075.0,50.0,1019.0,526.0,137.0,1443.0,80.0,529.0,63.0,859.0,5254.0,220.0,35.0,908.0,271.0,127.0,421.0,21.0,681.0
2021-03-13,553.0,31.0,599.0,199.0,2612.0,373.0,518.0,77.0,122.0,3404.0,3387.0,24.0,115.0,916.0,441.0,227.0,183.0,1122.0,603.0,52.0,697.0,633.0,916.0,273.0,225.0,402.0,106.0,140.0,374.0,71.0,1662.0,145.0,3720.0,1007.0,75.0,987.0,394.0,128.0,1473.0,96.0,476.0,45.0,779.0,4693.0,207.0,43.0,813.0,274.0,137.0,406.0,18.0,710.0
2021-03-20,598.0,42.0,513.0,213.0,2465.0,426.0,508.0,101.0,126.0,3218.0,2891.0,22.0,133.0,956.0,393.0,236.0,157.0,919.0,441.0,47.0,723.0,615.0,1300.0,343.0,184.0,397.0,83.0,145.0,373.0,71.0,1788.0,138.0,3738.0,945.0,51.0,916.0,327.0,132.0,1603.0,62.0,448.0,46.0,900.0,4173.0,225.0,36.0,782.0,289.0,147.0,372.0,19.0,711.0
2021-03-27,544.0,33.0,470.0,134.0,2120.0,438.0,589.0,110.0,125.0,3169.0,2756.0,33.0,142.0,1185.0,482.0,237.0,156.0,1032.0,478.0,50.0,895.0,688.0,2006.0,369.0,148.0,392.0,75.0,116.0,357.0,65.0,2090.0,108.0,3994.0,873.0,53.0,1055.0,272.0,144.0,1815.0,67.0,424.0,69.0,1028.0,4021.0,181.0,32.0,803.0,251.0,164.0,346.0,28.0,779.0
2021-04-03,464.0,45.0,455.0,135.0,1977.0,490.0,640.0,134.0,126.0,3291.0,2562.0,40.0,115.0,1336.0,587.0,255.0,145.0,806.0,485.0,56.0,947.0,726.0,2973.0,495.0,126.0,373.0,66.0,176.0,357.0,71.0,2170.0,107.0,3754.0,956.0,70.0,1099.0,279.0,161.0,2135.0,84.0,492.0,50.0,1058.0,3766.0,160.0,35.0,796.0,344.0,218.0,383.0,32.0,1010.0
2021-04-10,436.0,43.0,440.0,177.0,1753.0,601.0,687.0,131.0,142.0,3495.0,2685.0,50.0,124.0,1576.0,630.0,299.0,150.0,930.0,440.0,65.0,1067.0,723.0,3958.0,643.0,122.0,409.0,76.0,209.0,412.0,93.0,2177.0,110.0,3611.0,975.0,110.0,1302.0,268.0,173.0,2402.0,79.0,480.0,71.0,1048.0,3831.0,168.0,51.0,825.0,514.0,253.0,523.0,36.0,707.0
2021-04-17,417.0,33.0,425.0,172.0,1904.0,555.0,635.0,154.0,118.0,3762.0,2807.0,35.0,110.0,1862.0,650.0,272.0,164.0,937.0,513.0,85.0,1097.0,727.0,4124.0,702.0,134.0,400.0,67.0,179.0,444.0,124.0,1795.0,121.0,3280.0,1144.0,95.0,1408.0,261.0,205.0,2510.0,79.0,470.0,66.0,1093.0,4188.0,148.0,38.0,800.0,433.0,208.0,596.0,44.0,1462.0
2021-04-24,504.0,50.0,466.0,167.0,1678.0,676.0,553.0,160.0,133.0,3759.0,2774.0,37.0,106.0,1739.0,708.0,248.0,171.0,886.0,461.0,92.0,1056.0,662.0,3341.0,623.0,169.0,434.0,74.0,152.0,394.0,102.0,1608.0,127.0,2833.0,1165.0,92.0,1281.0,260.0,279.0,2478.0,82.0,417.0,81.0,1040.0,3803.0,171.0,43.0,770.0,491.0,235.0,592.0,39.0,1515.0
2021-05-01,451.0,48.0,502.0,204.0,1696.0,781.0,513.0,148.0,96.0,3547.0,2749.0,40.0,109.0,1588.0,721.0,205.0,207.0,883.0,699.0,95.0,823.0,531.0,2560.0,637.0,193.0,500.0,98.0,159.0,464.0,66.0,1216.0,158.0,2196.0,1107.0,112.0,1210.0,246.0,354.0,1878.0,77.0,361.0,64.0,920.0,3569.0,154.0,32.0,580.0,540.0,221.0,581.0,38.0,655.0
2021-05-08,516.0,33.0,463.0,197.0,1526.0,839.0,409.0,89.0,86.0,3081.0,2576.0,46.0,91.0,1580.0,689.0,227.0,180.0,893.0,523.0,101.0,713.0,447.0,2047.0,487.0,185.0,438.0,111.0,132.0,380.0,82.0,995.0,247.0,1804.0,930.0,76.0,1107.0,186.0,286.0,1713.0,48.0,294.0,60.0,826.0,3237.0,171.0,23.0,579.0,478.0,241.0,592.0,42.0,198.0
2021-05-15,545.0,31.0,429.0,180.0,1333.0,677.0,317.0,84.0,74.0,2907.0,2171.0,41.0,89.0,1100.0,575.0,184.0,135.0,872.0,521.0,101.0,561.0,355.0,1526.0,426.0,169.0,379.0,90.0,117.0,359.0,46.0,699.0,157.0,1447.0,863.0,86.0,857.0,186.0,275.0,1330.0,42.0,262.0,38.0,730.0,2954.0,177.0,24.0,444.0,466.0,212.0,578.0,42.0,99.0
2021-05-22,405.0,16.0,391.0,212.0,1323.0,646.0,251.0,67.0,51.0,2370.0,2134.0,32.0,99.0,1020.0,580.0,153.0,156.0,778.0,456.0,104.0,488.0,284.0,1182.0,369.0,183.0,311.0,114.0,87.0,328.0,59.0,544.0,163.0,1217.0,803.0,93.0,896.0,187.0,249.0,1089.0,32.0,208.0,27.0,563.0,2560.0,176.0,15.0,370.0,472.0,207.0,511.0,51.0,70.0
2021-05-29,381.0,16.0,443.0,206.0,1120.0,526.0,119.0,60.0,52.0,2294.0,1980.0,159.0,93.0,865.0,511.0,137.0,151.0,761.0,597.0,85.0,324.0,282.0,872.0,293.0,177.0,371.0,136.0,68.0,278.0,44.0,429.0,140.0,992.0,567.0,81.0,791.0,199.0,216.0,975.0,28.0,186.0,25.0,541.0,2402.0,187.0,16.0,344.0,435.0,172.0,383.0,63.0,38.0
2021-06-05,301.0,25.0,373.0,175.0,1104.0,469.0,115.0,38.0,53.0,1873.0,1609.0,207.0,78.0,611.0,373.0,88.0,107.0,719.0,468.0,51.0,299.0,169.0,541.0,188.0,219.0,396.0,122.0,57.0,242.0,19.0,329.0,101.0,717.0,459.0,38.0,635.0,163.0,181.0,654.0,16.0,146.0,24.0,464.0,2125.0,163.0,6.0,260.0,387.0,134.0,266.0,78.0,27.0
2021-06-12,251.0,17.0,354.0,201.0,1004.0,374.0,81.0,24.0,37.0,1745.0,1577.0,17.0,72.0,462.0,312.0,99.0,106.0,766.0,445.0,43.0,212.0,116.0,411.0,160.0,242.0,483.0,83.0,53.0,244.0,18.0,276.0,94.0,607.0,383.0,34.0,422.0,148.0,154.0,520.0,15.0,104.0,28.0,381.0,2140.0,184.0,4.0,197.0,322.0,113.0,212.0,59.0,15.0
2021-06-19,211.0,9.0,415.0,266.0,936.0,313.0,59.0,17.0,34.0,1728.0,1321.0,29.0,70.0,373.0,246.0,99.0,135.0,745.0,383.0,37.0,181.0,103.0,265.0,108.0,223.0,555.0,90.0,67.0,323.0,17.0,222.0,99.0,465.0,359.0,21.0,365.0,147.0,197.0,361.0,14.0,104.0,15.0,310.0,1746.0,214.0,4.0,181.0,259.0,90.0,143.0,52.0,13.0
2021-06-26,221.0,13.0,436.0,337.0,1026.0,294.0,66.0,13.0,29.0,1757.0,1165.0,30.0,82.0,295.0,195.0,81.0,114.0,584.0,431.0,31.0,124.0,99.0,201.0,97.0,230.0,595.0,81.0,38.0,492.0,9.0,234.0,80.0,415.0,303.0,19.0,310.0,210.0,138.0,301.0,4.0,85.0,21.0,313.0,1362.0,209.0,7.0,181.0,293.0,67.0,116.0,37.0,10.0
2021-07-03,514.0,18.0,474.0,401.0,1189.0,329.0,46.0,9.0,34.0,2088.0,1183.0,27.0,56.0,333.0,227.0,87.0,112.0,556.0,458.0,33.0,108.0,83.0,203.0,91.0,209.0,721.0,71.0,57.0,665.0,10.0,210.0,84.0,384.0,332.0,16.0,232.0,258.0,108.0,273.0,10.0,90.0,31.0,308.0,1553.0,267.0,10.0,169.0,236.0,50.0,106.0,60.0,12.0
2021-07-10,353.0,36.0,412.0,587.0,1410.0,371.0,46.0,20.0,13.0,3059.0,1643.0,52.0,62.0,348.0,280.0,137.0,165.0,554.0,789.0,29.0,133.0,107.0,201.0,105.0,263.0,876.0,79.0,51.0,821.0,19.0,245.0,106.0,382.0,328.0,16.0,259.0,337.0,80.0,247.0,12.0,150.0,28.0,404.0,2007.0,250.0,5.0,179.0,260.0,62.0,101.0,52.0,14.0
2021-07-17,564.0,46.0,623.0,704.0,1927.0,323.0,67.0,18.0,25.0,4571.0,2070.0,33.0,89.0,467.0,327.0,196.0,290.0,703.0,1042.0,206.0,122.0,106.0,221.0,116.0,360.0,1100.0,98.0,96.0,1042.0,14.0,268.0,88.0,444.0,470.0,19.0,319.0,483.0,122.0,240.0,8.0,247.0,41.0,696.0,2963.0,308.0,2.0,227.0,287.0,59.0,157.0,78.0,25.0
2021-07-24,1163.0,76.0,687.0,895.0,2818.0,389.0,105.0,26.0,21.0,7545.0,2777.0,47.0,106.0,628.0,440.0,308.0,357.0,884.0,1918.0,46.0,167.0,133.0,268.0,161.0,510.0,1383.0,106.0,114.0,1096.0,30.0,355.0,135.0,619.0,743.0,28.0,438.0,652.0,159.0,337.0,14.0,349.0,29.0,1172.0,4438.0,308.0,6.0,313.0,358.0,81.0,260.0,109.0,46.0
2021-07-31,1932.0,91.0,975.0,1052.0,3975.0,459.0,151.0,17.0,25.0,10917.0,4512.0,90.0,167.0,916.0,657.0,373.0,464.0,1472.0,2974.0,60.0,276.0,260.0,294.0,241.0,755.0,1677.0,150.0,157.0,1404.0,27.0,456.0,167.0,810.0,1041.0,25.0,658.0,1053.0,284.0,501.0,19.0,725.0,41.0,1935.0,6608.0,376.0,6.0,406.0,524.0,145.0,344.0,87.0,91.0
2021-08-07,2219.0,85.0,1114.0,1130.0,5215.0,579.0,226.0,64.0,47.0,14255.0,6215.0,209.0,200.0,1243.0,936.0,629.0,561.0,2162.0,4271.0,53.0,378.0,334.0,545.0,253.0,1106.0,1684.0,200.0,175.0,1338.0,31.0,621.0,232.0,1211.0,1458.0,39.0,959.0,1492.0,432.0,692.0,38.0,1074.0,52.0,2876.0,9314.0,432.0,10.0,587.0,784.0,234.0,597.0,117.0,182.0
2021-08-14,2803.0,123.0,1279.0,1374.0,6258.0,638.0,306.0,106.0,88.0,15579.0,7698.0,302.0,292.0,1636.0,1260.0,770.0,654.0,2670.0,4555.0,75.0,517.0,420.0,743.0,384.0,1337.0,1844.0,253.0,240.0,1394.0,64.0,763.0,309.0,1766.0,2065.0,69.0,1295.0,1872.0,574.0,985.0,76.0,1379.0,98.0,3894.0,11385.0,416.0,30.0,900.0,781.0,300.0,907.0,140.0,170.0
2021-08-21,2830.0,122.0,1414.0,1211.0,6767.0,852.0,332.0,174.0,111.0,15956.0,8825.0,389.0,336.0,1814.0,1620.0,599.0,709.0,3357.0,3841.0,95.0,623.0,547.0,867.0,480.0,1289.0,1750.0,316.0,262.0,1328.0,91.0,944.0,383.0,1912.0,2398.0,132.0,1751.0,1971.0,688.0,1191.0,97.0,1849.0,112.0,4188.0,11904.0,439.0,27.0,1025.0,1002.0,434.0,1151.0,196.0,226.0
2021-08-28,2751.0,131.0,1391.0,1103.0,6640.0,835.0,372.0,172.0,137.0,13734.0,9805.0,379.0,422.0,1952.0,1931.0,566.0,690.0,4072.0,2943.0,128.0,690.0,557.0,1005.0,496.0,1141.0,1545.0,352.0,315.0,1315.0,147.0,989.0,447.0,2018.0,2603.0,171.0,2065.0,1988.0,913.0,1464.0,79.0,2125.0,222.0,4995.0,11714.0,505.0,52.0,1270.0,1105.0,556.0,1110.0,277.0,189.0
2021-09-04,2905.0,154.0,1594.0,991.0,6133.0,1000.0,283.0,194.0,94.0,11713.0,9442.0,299.0,475.0,1867.0,2089.0,564.0,687.0,4475.0,2213.0,142.0,739.0,560.0,986.0,522.0,1017.0,1329.0,436.0,325.0,1149.0,122.0,991.0,459.0,2120.0,2674.0,193.0,2641.0,1998.0,906.0,1585.0,100.0,2189.0,242.0,5597.0,11494.0,500.0,45.0,1387.0,1189.0,660.0,1364.0,226.0,155.0
2021-09-11,2514.0,199.0,1529.0,863.0,5165.0,982.0,320.0,190.0,143.0,9474.0,8402.0,280.0,548.0,1857.0,2114.0,533.0,722.0,4755.0,1785.0,113.0,679.0,604.0,1161.0,546.0,793.0,1252.0,561.0,310.0,1123.0,121.0,1035.0,386.0,2068.0,2566.0,210.0,3114.0,1951.0,854.0,1781.0,63.0,2320.0,162.0,5506.0,10560.0,585.0,45.0,1517.0,1116.0,649.0,1459.0,231.0,129.0
2021-09-18,1999.0,192.0,1392.0,833.0,4489.0,955.0,277.0,199.0,99.0,7294.0,7012.0,240.0,617.0,1627.0,2022.0,576.0,643.0,3669.0,1530.0,171.0,685.0,580.0,1248.0,645.0,544.0,1129.0,622.0,381.0,1064.0,101.0,995.0,398.0,2078.0,2402.0,199.0,3507.0,1836.0,754.0,2065.0,78.0,2040.0,203.0,4517.0,9238.0,550.0,75.0,1547.0,1044.0,752.0,1485.0,206.0,107.0
2021-09-25,1226.0,182.0,1315.0,707.0,3924.0,993.0,240.0,191.0,103.0,5454.0,5152.0,165.0,683.0,1586.0,1661.0,693.0,601.0,2288.0,1079.0,170.0,701.0,515.0,1283.0,681.0,476.0,1038.0,649.0,379.0,941.0,117.0,900.0,312.0,2044.0,2252.0,273.0,3508.0,1586.0,597.0,2245.0,88.0,1526.0,177.0,3670.0,7593.0,560.0,77.0,1469.0,869.0,749.0,1533.0,191.0,56.0
2021-10-02,924.0,156.0,1239.0,493.0,3176.0,970.0,302.0,184.0,86.0,4088.0,4228.0,136.0,559.0,1354.0,1446.0,645.0,529.0,1842.0,758.0,166.0,656.0,532.0,1430.0,726.0,320.0,841.0,679.0,356.0,828.0,122.0,906.0,344.0,1905.0,1795.0,316.0,3298.0,1245.0,538.0,2205.0,71.0,1164.0,202.0,2948.0,6048.0,538.0,76.0,1293.0,864.0,682.0,1395.0,187.0,29.0
2021-10-09,807.0,147.0,1197.0,453.0,2846.0,1079.0,229.0,176.0,79.0,3215.0,3123.0,93.0,513.0,1245.0,1321.0,608.0,449.0,1446.0,604.0,106.0,611.0,492.0,1698.0,834.0,268.0,735.0,850.0,346.0,824.0,109.0,772.0,358.0,1925.0,1619.0,257.0,3088.0,1184.0,456.0,2359.0,58.0,928.0,192.0,2192.0,4797.0,575.0,46.0,1120.0,778.0,614.0,1423.0,234.0,40.0
2021-10-16,640.0,188.0,1211.0,362.0,2731.0,1231.0,222.0,193.0,83.0,2549.0,2336.0,68.0,446.0,1129.0,1137.0,545.0,456.0,1194.0,516.0,151.0,568.0,815.0,1785.0,824.0,202.0,715.0,688.0,353.0,702.0,168.0,726.0,345.0,2005.0,1373.0,306.0,2778.0,912.0,384.0,2433.0,51.0,679.0,160.0,981.0,3921.0,503.0,69.0,1026.0,740.0,537.0,1316.0,279.0,29.0
2021-10-23,487.0,183.0,1231.0,311.0,2866.0,1340.0,200.0,136.0,47.0,2039.0,2350.0,52.0,393.0,985.0,1036.0,467.0,407.0,1080.0,441.0,160.0,482.0,840.0,1713.0,742.0,231.0,551.0,669.0,315.0,690.0,169.0,681.0,433.0,1800.0,965.0,282.0,2405.0,719.0,349.0,2321.0,61.0,521.0,191.0,728.0,3253.0,530.0,58.0,846.0,669.0,449.0,1163.0,243.0,21.0
2021-10-30,439.0,174.0,1405.0,286.0,3091.0,1357.0,183.0,124.0,47.0,1669.0,2369.0,64.0,340.0,906.0,955.0,470.0,389.0,917.0,329.0,150.0,471.0,548.0,1812.0,786.0,159.0,575.0,633.0,449.0,647.0,148.0,573.0,473.0,1632.0,789.0,250.0,2034.0,589.0,362.0,2065.0,42.0,413.0,208.0,552.0,2600.0,544.0,71.0,716.0,689.0,428.0,961.0,222.0,13.0
2021-11-06,325.0,120.0,1545.0,241.0,2991.0,1519.0,191.0,127.0,30.0,1424.0,1940.0,34.0,312.0,947.0,907.0,471.0,392.0,779.0,268.0,162.0,427.0,412.0,1935.0,845.0,130.0,544.0,476.0,383.0,726.0,185.0,526.0,462.0,1634.0,749.0,225.0,2068.0,506.0,365.0,1987.0,66.0,367.0,192.0,479.0,2137.0,589.0,72.0,607.0,678.0,368.0,1108.0,195.0,18.0
2021-11-13,328.0,142.0,1754.0,217.0,2603.0,1647.0,236.0,121.0,39.0,1303.0,1937.0,42.0,234.0,1223.0,1159.0,533.0,466.0,1279.0,277.0,179.0,453.0,479.0,2582.0,1063.0,98.0,632.0,471.0,392.0,707.0,211.0,592.0,493.0,1831.0,728.0,211.0,2421.0,586.0,335.0,1972.0,63.0,333.0,282.0,475.0,2240.0,537.0,74.0,627.0,614.0,370.0,1299.0,159.0,25.0
2021-11-20,299.0,92.0,1870.0,254.0,2495.0,1689.0,246.0,138.0,47.0,1306.0,1902.0,41.0,239.0,1411.0,1392.0,599.0,520.0,1002.0,292.0,224.0,513.0,610.0,3034.0,1095.0,121.0,761.0,425.0,492.0,626.0,227.0,786.0,526.0,2239.0,773.0,224.0,2879.0,526.0,287.0,2557.0,80.0,355.0,244.0,512.0,2304.0,513.0,76.0,579.0,517.0,384.0,1483.0,158.0,18.0
2021-11-27,330.0,80.0,1969.0,287.0,2248.0,1589.0,320.0,155.0,47.0,1174.0,1698.0,34.0,235.0,1805.0,1725.0,618.0,563.0,973.0,302.0,257.0,553.0,708.0,3258.0,1181.0,143.0,893.0,311.0,462.0,639.0,287.0,843.0,489.0,2639.0,890.0,229.0,3299.0,524.0,300.0,2986.0,92.0,325.0,237.0,593.0,2346.0,484.0,87.0,700.0,462.0,382.0,1660.0,121.0,20.0
2021-12-04,364.0,62.0,2158.0,396.0,2500.0,1486.0,461.0,205.0,69.0,1247.0,1907.0,32.0,199.0,2277.0,2192.0,742.0,683.0,1273.0,337.0,241.0,717.0,873.0,3569.0,1290.0,166.0,1219.0,276.0,536.0,701.0,327.0,1159.0,554.0,3051.0,961.0,255.0,3738.0,702.0,282.0,3456.0,123.0,390.0,245.0,734.0,2749.0,515.0,121.0,866.0,507.0,428.0,1791.0,105.0,20.0
2021-12-11,350.0,60.0,2114.0,438.0,2717.0,1311.0,650.0,243.0,96.0,1365.0,2079.0,35.0,225.0,2870.0,2453.0,786.0,735.0,1621.0,303.0,314.0,933.0,1154.0,3535.0,1207.0,183.0,1553.0,231.0,467.0,697.0,361.0,1603.0,551.0,3272.0,1209.0,248.0,4182.0,927.0,309.0,3716.0,174.0,425.0,287.0,815.0,2940.0,485.0,125.0,1083.0,499.0,524.0,2102.0,110.0,20.0
2021-12-18,394.0,58.0,1842.0,483.0,2697.0,1040.0,772.0,303.0,143.0,1650.0,2115.0,41.0,170.0,3105.0,2466.0,798.0,704.0,1463.0,341.0,285.0,1101.0,1245.0,2944.0,1044.0,174.0,1492.0,162.0,454.0,694.0,322.0,1784.0,441.0,3528.0,1298.0,159.0,4298.0,925.0,243.0,3632.0,218.0,488.0,240.0,804.0,2817.0,447.0,79.0,1107.0,473.0,447.0,1986.0,89.0,45.0
2021-12-25,545.0,45.0,1784.0,420.0,2977.0,1160.0,720.0,275.0,280.0,3186.0,2870.0,91.0,176.0,3522.0,2432.0,745.0,741.0,1469.0,840.0,221.0,1505.0,1344.0,2688.0,1013.0,224.0,1466.0,132.0,330.0,818.0,274.0,2483.0,420.0,4794.0,1512.0,150.0,4252.0,881.0,269.0,3377.0,181.0,579.0,209.0,907.0,3751.0,421.0,80.0,1241.0,561.0,442.0,1804.0,77.0,117.0
2022-01-01,1143.0,51.0,2003.0,639.0,6224.0,1636.0,1250.0,418.0,589.0,7804.0,6072.0,211.0,176.0,5062.0,2595.0,810.0,873.0,1777.0,1792.0,223.0,2594.0,1823.0,3103.0,997.0,670.0,2002.0,165.0,377.0,1115.0,275.0,4571.0,426.0,9080.0,2214.0,188.0,5772.0,1126.0,357.0,4772.0,277.0,1151.0,207.0,1638.0,8013.0,479.0,99.0,2268.0,906.0,588.0,1901.0,64.0,340.0
2022-01-08,2056.0,88.0,2543.0,987.0,11111.0,2316.0,1948.0,655.0,594.0,13049.0,8849.0,323.0,289.0,6041.0,3068.0,1017.0,1023.0,2193.0,3040.0,243.0,3417.0,2538.0,3728.0,1240.0,1088.0,2478.0,330.0,437.0,1838.0,285.0,6239.0,500.0,11945.0,3335.0,182.0,6876.0,1407.0,527.0,6120.0,374.0,1909.0,274.0,2268.0,11456.0,648.0,122.0,3246.0,1422.0,657.0,2427.0,84.0,471.0
2022-01-15,2712.0,117.0,3253.0,1400.0,14412.0,2428.0,1873.0,656.0,580.0,14598.0,8603.0,389.0,365.0,5923.0,3148.0,1180.0,1221.0,2524.0,3382.0,247.0,2848.0,3023.0,3798.0,1396.0,1348.0,2869.0,436.0,502.0,2274.0,383.0,5555.0,614.0,11278.0,3972.0,272.0,6935.0,2197.0,698.0,6509.0,434.0,2467.0,400.0,2583.0,13989.0,918.0,177.0,3337.0,1721.0,775.0,2657.0,122.0,655.0
2022-01-22,3086.0,149.0,3681.0,1812.0,14735.0,2087.0,1532.0,489.0,324.0,13088.0,7971.0,410.0,525.0,4579.0,3116.0,1015.0,1328.0,3186.0,3157.0,267.0,2001.0,2535.0,3339.0,1450.0,1369.0,2952.0,489.0,613.0,2156.0,364.0,3991.0,736.0,8419.0,4200.0,316.0,5478.0,2656.0,830.0,5367.0,334.0,2731.0,471.0,2660.0,14420.0,1171.0,160.0,3077.0,1966.0,853.0,2297.0,153.0,455.0
2022-01-29,3373.0,162.0,3626.0,1890.0,13152.0,1802.0,1115.0,405.0,240.0,10590.0,7263.0,340.0,577.0,3511.0,2497.0,962.0,1208.0,3339.0,2847.0,242.0,1445.0,1942.0,2725.0,1349.0,1386.0,2732.0,536.0,605.0,1914.0,327.0,2795.0,702.0,6450.0,4197.0,342.0,4589.0,2953.0,973.0,4102.0,264.0,2748.0,420.0,2806.0,13063.0,1116.0,144.0,2636.0,1669.0,965.0,1902.0,190.0,258.0
2022-02-05,2543.0,116.0,2912.0,1600.0,9973.0,1246.0,724.0,300.0,136.0,8363.0,5749.0,261.0,528.0,2561.0,2026.0,804.0,897.0,3146.0,2466.0,267.0,1017.0,1180.0,2315.0,1039.0,1059.0,2123.0,525.0,532.0,1460.0,232.0,1653.0,681.0,4516.0,3278.0,309.0,3283.0,2348.0,875.0,2995.0,165.0,1906.0,312.0,2413.0,10188.0,1003.0,116.0,2037.0,1416.0,841.0,1493.0,175.0,181.0
2022-02-12,1723.0,102.0,2181.0,1191.0,7660.0,871.0,499.0,168.0,99.0,6136.0,4212.0,186.0,413.0,1961.0,1568.0,591.0,703.0,2555.0,1696.0,210.0,733.0,849.0,1870.0,840.0,727.0,1667.0,390.0,409.0,1047.0,203.0,1189.0,471.0,2973.0,2424.0,208.0,2544.0,1718.0,702.0,2260.0,94.0,1352.0,235.0,1880.0,7345.0,764.0,90.0,1531.0,1062.0,701.0,1108.0,151.0,96.0
2022-02-19,1100.0,87.0,1745.0,834.0,5236.0,602.0,297.0,115.0,91.0,4318.0,3055.0,169.0,278.0,1249.0,1012.0,392.0,510.0,1539.0,1094.0,142.0,470.0,625.0,1302.0,579.0,359.0,1096.0,263.0,278.0,676.0,137.0,816.0,317.0,2352.0,1762.0,184.0,1633.0,913.0,567.0,1585.0,67.0,865.0,250.0,1353.0,5110.0,509.0,80.0,1144.0,840.0,536.0,771.0,104.0,68.0
2022-02-26,823.0,61.0,1151.0,466.0,3694.0,441.0,281.0,89.0,58.0,2896.0,2141.0,122.0,153.0,977.0,685.0,303.0,394.0,993.0,704.0,91.0,391.0,401.0,972.0,427.0,245.0,806.0,180.0,190.0,507.0,90.0,679.0,248.0,1497.0,1220.0,141.0,1107.0,567.0,478.0,1236.0,55.0,551.0,126.0,876.0,3368.0,353.0,58.0,811.0,640.0,449.0,595.0,61.0,46.0
2022-03-05,503.0,51.0,861.0,384.0,2946.0,278.0,186.0,68.0,65.0,1953.0,1686.0,86.0,94.0,723.0,451.0,209.0,268.0,676.0,467.0,79.0,270.0,309.0,712.0,345.0,154.0,515.0,144.0,139.0,383.0,61.0,520.0,171.0,1262.0,814.0,89.0,825.0,332.0,354.0,995.0,36.0,387.0,84.0,543.0,2432.0,298.0,47.0,559.0,498.0,329.0,432.0,48.0,36.0
2022-03-12,355.0,38.0,680.0,285.0,2106.0,230.0,184.0,55.0,50.0,1391.0,1504.0,84.0,103.0,553.0,344.0,168.0,176.0,492.0,333.0,71.0,227.0,240.0,573.0,250.0,85.0,369.0,76.0,103.0,248.0,55.0,388.0,138.0,1512.0,519.0,66.0,592.0,200.0,235.0,666.0,27.0,271.0,61.0,331.0,1816.0,244.0,30.0,366.0,364.0,214.0,256.0,34.0,29.0
2022-03-19,224.0,33.0,468.0,342.0,1629.0,150.0,149.0,43.0,25.0,1113.0,952.0,65.0,48.0,471.0,257.0,99.0,163.0,387.0,226.0,61.0,186.0,208.0,417.0,226.0,65.0,288.0,82.0,84.0,188.0,52.0,333.0,106.0,829.0,383.0,47.0,509.0,170.0,189.0,510.0,34.0,163.0,40.0,241.0,1423.0,133.0,42.0,329.0,245.0,141.0,256.0,26.0,45.0
2022-03-26,170.0,42.0,419.0,171.0,1302.0,133.0,135.0,47.0,16.0,814.0,805.0,35.0,36.0,435.0,199.0,86.0,132.0,274.0,181.0,76.0,132.0,236.0,388.0,205.0,47.0,263.0,49.0,64.0,199.0,30.0,279.0,87.0,775.0,306.0,30.0,387.0,111.0,127.0,371.0,26.0,127.0,29.0,162.0,1135.0,112.0,38.0,232.0,198.0,130.0,216.0,17.0,44.0
2022-04-02,142.0,40.0,317.0,149.0,1011.0,123.0,142.0,42.0,18.0,711.0,767.0,48.0,18.0,415.0,195.0,85.0,114.0,444.0,177.0,65.0,145.0,233.0,299.0,161.0,31.0,213.0,107.0,52.0,173.0,39.0,321.0,71.0,885.0,275.0,24.0,324.0,127.0,90.0,350.0,116.0,91.0,22.0,123.0,957.0,75.0,33.0,231.0,190.0,105.0,152.0,8.0,32.0
2022-04-09,126.0,36.0,337.0,187.0,964.0,101.0,171.0,45.0,29.0,693.0,582.0,45.0,24.0,453.0,137.0,75.0,106.0,198.0,138.0,69.0,167.0,274.0,347.0,177.0,17.0,178.0,98.0,44.0,133.0,61.0,351.0,45.0,1105.0,237.0,18.0,312.0,68.0,103.0,319.0,100.0,73.0,25.0,94.0,933.0,79.0,48.0,176.0,186.0,70.0,153.0,19.0,54.0
2022-04-16,109.0,28.0,261.0,139.0,876.0,111.0,222.0,36.0,25.0,964.0,676.0,54.0,29.0,509.0,175.0,91.0,82.0,178.0,172.0,73.0,159.0,392.0,391.0,174.0,22.0,160.0,25.0,50.0,128.0,75.0,401.0,58.0,1389.0,282.0,16.0,360.0,64.0,125.0,388.0,35.0,73.0,22.0,110.0,795.0,70.0,44.0,176.0,224.0,77.0,176.0,10.0,105.0
2022-04-23,104.0,32.0,262.0,120.0,1017.0,185.0,236.0,48.0,31.0,923.0,883.0,67.0,37.0,524.0,193.0,97.0,64.0,166.0,190.0,100.0,181.0,478.0,462.0,237.0,34.0,212.0,28.0,56.0,124.0,77.0,463.0,59.0,1720.0,255.0,24.0,392.0,65.0,145.0,482.0,38.0,91.0,36.0,101.0,778.0,67.0,79.0,256.0,259.0,72.0,221.0,8.0,199.0
2022-04-30,140.0,44.0,255.0,132.0,1093.0,183.0,349.0,65.0,64.0,1169.0,588.0,87.0,53.0,708.0,239.0,134.0,73.0,200.0,221.0,131.0,231.0,604.0,690.0,300.0,30.0,179.0,61.0,45.0,119.0,79.0,529.0,53.0,2075.0,371.0,29.0,447.0,56.0,158.0,619.0,57.0,108.0,25.0,142.0,716.0,79.0,130.0,233.0,332.0,101.0,367.0,5.0,235.0
2022-05-07,147.0,45.0,374.0,134.0,1422.0,255.0,352.0,99.0,68.0,1477.0,591.0,101.0,55.0,808.0,301.0,164.0,72.0,318.0,182.0,126.0,328.0,750.0,795.0,359.0,41.0,235.0,58.0,55.0,226.0,104.0,702.0,46.0,2543.0,423.0,41.0,611.0,121.0,214.0,776.0,64.0,162.0,22.0,137.0,792.0,94.0,111.0,357.0,554.0,115.0,359.0,20.0,213.0
2022-05-14,169.0,50.0,368.0,132.0,1597.0,259.0,418.0,125.0,65.0,1761.0,676.0,138.0,49.0,988.0,346.0,204.0,116.0,237.0,211.0,152.0,371.0,875.0,921.0,442.0,60.0,282.0,51.0,64.0,215.0,135.0,840.0,77.0,2773.0,492.0,47.0,738.0,76.0,255.0,1038.0,96.0,149.0,24.0,201.0,871.0,118.0,82.0,439.0,675.0,141.0,480.0,21.0,276.0
2022-05-21,180.0,43.0,406.0,78.0,2235.0,345.0,473.0,151.0,94.0,2184.0,872.0,191.0,66.0,1182.0,381.0,201.0,115.0,294.0,340.0,167.0,563.0,959.0,1002.0,477.0,85.0,348.0,98.0,84.0,275.0,151.0,966.0,108.0,2856.0,601.0,37.0,867.0,81.0,308.0,1251.0,86.0,295.0,29.0,285.0,1011.0,165.0,73.0,571.0,773.0,166.0,469.0,19.0,263.0
2022-05-28,200.0,67.0,442.0,97.0,2553.0,381.0,454.0,147.0,104.0,2867.0,1046.0,191.0,85.0,1257.0,444.0,216.0,153.0,358.0,481.0,122.0,565.0,894.0,947.0,449.0,74.0,363.0,128.0,95.0,344.0,158.0,1131.0,125.0,2619.0,700.0,65.0,1028.0,95.0,346.0,1358.0,78.0,278.0,50.0,282.0,1240.0,182.0,73.0,607.0,536.0,181.0,494.0,25.0,238.0
2022-06-04,318.0,63.0,582.0,144.0,2888.0,480.0,409.0,136.0,88.0,3318.0,1164.0,206.0,95.0,1280.0,581.0,229.0,151.0,373.0,542.0,123.0,548.0,766.0,878.0,471.0,133.0,492.0,125.0,132.0,493.0,106.0,985.0,143.0,2217.0,830.0,55.0,1006.0,148.0,354.0,1276.0,58.0,319.0,49.0,360.0,1579.0,212.0,59.0,644.0,559.0,214.0,490.0,37.0,258.0
2022-06-11,313.0,71.0,649.0,179.0,3342.0,638.0,374.0,106.0,106.0,3836.0,1251.0,239.0,139.0,1229.0,473.0,208.0,189.0,458.0,623.0,84.0,446.0,661.0,764.0,462.0,152.0,573.0,216.0,133.0,497.0,105.0,946.0,146.0,1902.0,787.0,65.0,991.0,148.0,344.0,1230.0,59.0,376.0,69.0,426.0,2107.0,255.0,43.0,712.0,557.0,240.0,511.0,42.0,259.0
2022-06-18,404.0,68.0,685.0,202.0,3379.0,569.0,330.0,122.0,111.0,4144.0,1478.0,237.0,120.0,1179.0,529.0,234.0,200.0,496.0,736.0,101.0,468.0,642.0,780.0,417.0,226.0,610.0,161.0,145.0,515.0,111.0,847.0,197.0,1855.0,789.0,75.0,959.0,242.0,369.0,1087.0,46.0,406.0,62.0,446.0,2327.0,295.0,77.0,700.0,580.0,190.0,503.0,68.0,255.0
2022-06-25,537.0,99.0,767.0,237.0,3841.0,585.0,331.0,103.0,110.0,4346.0,1642.0,279.0,182.0,1262.0,548.0,247.0,218.0,486.0,823.0,64.0,490.0,564.0,655.0,440.0,308.0,684.0,174.0,174.0,597.0,99.0,849.0,247.0,1885.0,771.0,59.0,1038.0,286.0,443.0,1008.0,40.0,472.0,84.0,564.0,2755.0,284.0,43.0,664.0,683.0,224.0,513.0,66.0,224.0
2022-07-02,683.0,101.0,770.0,318.0,4325.0,595.0,353.0,105.0,131.0,4638.0,1956.0,270.0,218.0,1410.0,683.0,256.0,279.0,586.0,901.0,89.0,559.0,620.0,656.0,408.0,327.0,678.0,191.0,175.0,702.0,106.0,934.0,252.0,2066.0,865.0,76.0,1056.0,349.0,497.0,1094.0,35.0,455.0,90.0,607.0,3263.0,368.0,49.0,702.0,749.0,260.0,463.0,70.0,212.0
2022-07-09,723.0,94.0,811.0,374.0,4591.0,784.0,405.0,102.0,125.0,4907.0,2193.0,221.0,221.0,1481.0,714.0,255.0,320.0,640.0,1063.0,79.0,551.0,649.0,729.0,423.0,395.0,879.0,216.0,186.0,672.0,87.0,1024.0,214.0,2310.0,859.0,87.0,1142.0,415.0,491.0,1152.0,64.0,510.0,82.0,669.0,3900.0,373.0,32.0,741.0,810.0,291.0,540.0,68.0,196.0
2022-07-16,889.0,102.0,875.0,465.0,5125.0,635.0,391.0,143.0,140.0,5140.0,2326.0,225.0,242.0,1603.0,731.0,329.0,369.0,771.0,1291.0,81.0,560.0,706.0,766.0,473.0,445.0,885.0,171.0,171.0,714.0,96.0,1134.0,237.0,2581.0,1030.0,89.0,1434.0,495.0,511.0,1317.0,49.0,562.0,98.0,751.0,4318.0,375.0,24.0,833.0,831.0,325.0,564.0,71.0,225.0
2022-07-23,969.0,109.0,889.0,511.0,5290.0,597.0,369.0,140.0,127.0,5321.0,2737.0,224.0,235.0,1641.0,848.0,369.0,402.0,820.0,1346.0,87.0,599.0,777.0,878.0,474.0,459.0,945.0,187.0,194.0,592.0,124.0,1130.0,240.0,2680.0,1215.0,92.0,1624.0,552.0,455.0,1498.0,49.0,713.0,90.0,789.0,4546.0,355.0,37.0,834.0,830.0,369.0,647.0,70.0,201.0
2022-07-30,913.0,131.0,793.0,444.0,4851.0,511.0,439.0,136.0,149.0,5255.0,2782.0,207.0,244.0,1568.0,925.0,324.0,434.0,854.0,1133.0,86.0,615.0,740.0,885.0,494.0,428.0,877.0,184.0,243.0,502.0,90.0,1161.0,237.0,2644.0,1256.0,91.0,1622.0,561.0,491.0,1578.0,50.0,735.0,127.0,833.0,4461.0,356.0,52.0,917.0,695.0,381.0,642.0,82.0,266.0
2022-08-06,828.0,108.0,697.0,428.0,4661.0,499.0,432.0,154.0,140.0,6006.0,2764.0,210.0,202.0,1623.0,932.0,447.0,386.0,879.0,1034.0,91.0,641.0,672.0,1013.0,523.0,382.0,852.0,160.0,220.0,348.0,153.0,1138.0,209.0,2531.0,1251.0,117.0,1684.0,540.0,439.0,1467.0,79.0,732.0,133.0,800.0,4310.0,326.0,42.0,926.0,640.0,387.0,680.0,75.0,264.0
2022-08-13,861.0,109.0,704.0,412.0,4242.0,449.0,439.0,160.0,149.0,4693.0,2686.0,201.0,144.0,1594.0,930.0,391.0,344.0,886.0,986.0,98.0,596.0,675.0,1038.0,573.0,293.0,782.0,185.0,215.0,334.0,137.0,1117.0,219.0,2333.0,1254.0,110.0,1702.0,486.0,370.0,1539.0,97.0,718.0,172.0,783.0,3869.0,304.0,51.0,947.0,625.0,376.0,722.0,64.0,238.0
2022-08-20,791.0,88.0,630.0,386.0,4116.0,371.0,435.0,141.0,147.0,4204.0,2551.0,174.0,163.0,1514.0,913.0,356.0,282.0,808.0,835.0,116.0,584.0,642.0,1042.0,593.0,323.0,781.0,175.0,223.0,255.0,101.0,1051.0,180.0,2319.0,1159.0,118.0,1543.0,451.0,336.0,1665.0,102.0,654.0,118.0,747.0,3357.0,252.0,32.0,912.0,545.0,366.0,629.0,67.0,193.0
2022-08-27,743.0,91.0,483.0,351.0,4031.0,359.0,437.0,132.0,143.0,3831.0,2521.0,171.0,167.0,1425.0,954.0,361.0,323.0,805.0,867.0,127.0,536.0,693.0,1049.0,522.0,275.0,656.0,144.0,201.0,245.0,128.0,1044.0,150.0,2204.0,1069.0,104.0,1671.0,436.0,331.0,1756.0,88.0,668.0,145.0,778.0,3130.0,210.0,55.0,862.0,496.0,342.0,648.0,38.0,189.0
2022-09-03,747.0,75.0,443.0,327.0,3465.0,353.0,428.0,140.0,102.0,3451.0,2265.0,162.0,140.0,1387.0,853.0,344.0,302.0,855.0,815.0,110.0,550.0,675.0,1058.0,514.0,269.0,742.0,133.0,204.0,205.0,199.0,964.0,160.0,2063.0,973.0,100.0,1484.0,441.0,311.0,1510.0,73.0,589.0,141.0,768.0,3044.0,206.0,37.0,833.0,518.0,309.0,593.0,47.0,168.0
2022-09-10,600.0,69.0,388.0,304.0,3270.0,311.0,354.0,110.0,104.0,2929.0,1958.0,161.0,143.0,1390.0,625.0,340.0,242.0,751.0,615.0,117.0,496.0,659.0,1058.0,436.0,235.0,713.0,146.0,150.0,182.0,106.0,893.0,148.0,1925.0,1047.0,72.0,1470.0,434.0,301.0,1440.0,73.0,496.0,105.0,694.0,2834.0,178.0,44.0,786.0,433.0,320.0,526.0,28.0,177.0
2022-09-17,486.0,53.0,308.0,333.0,2977.0,329.0,395.0,94.0,95.0,2536.0,1675.0,101.0,125.0,1239.0,542.0,290.0,245.0,556.0,508.0,123.0,477.0,707.0,1015.0,471.0,157.0,644.0,121.0,152.0,156.0,97.0,798.0,87.0,1951.0,907.0,83.0,1476.0,409.0,246.0,1431.0,90.0,394.0,95.0,539.0,2651.0,163.0,43.0,704.0,422.0,320.0,514.0,48.0,146.0
2022-09-24,373.0,40.0,291.0,288.0,2331.0,271.0,492.0,107.0,85.0,2150.0,1358.0,129.0,122.0,1153.0,470.0,224.0,261.0,507.0,449.0,132.0,475.0,768.0,990.0,448.0,144.0,683.0,131.0,115.0,150.0,96.0,907.0,126.0,2175.0,891.0,79.0,1336.0,354.0,271.0,1376.0,72.0,319.0,109.0,443.0,2225.0,165.0,55.0,617.0,450.0,249.0,513.0,50.0,136.0
2022-10-01,308.0,44.0,299.0,241.0,2202.0,271.0,481.0,124.0,88.0,2272.0,1196.0,123.0,128.0,913.0,356.0,238.0,216.0,430.0,368.0,131.0,414.0,798.0,923.0,435.0,121.0,588.0,139.0,125.0,188.0,129.0,1015.0,105.0,2330.0,781.0,83.0,1082.0,249.0,263.0,1438.0,87.0,279.0,83.0,383.0,1730.0,149.0,45.0,521.0,427.0,196.0,456.0,69.0,122.0
2022-10-08,282.0,32.0,286.0,180.0,2078.0,237.0,502.0,114.0,69.0,1456.0,1087.0,115.0,106.0,1042.0,391.0,209.0,189.0,353.0,402.0,160.0,374.0,888.0,993.0,466.0,98.0,494.0,101.0,124.0,164.0,131.0,1110.0,106.0,2467.0,696.0,79.0,975.0,209.0,236.0,1480.0,100.0,277.0,80.0,325.0,1497.0,129.0,54.0,590.0,395.0,196.0,520.0,51.0,109.0
2022-10-15,231.0,40.0,262.0,132.0,2039.0,269.0,518.0,95.0,71.0,1365.0,979.0,104.0,135.0,1029.0,368.0,205.0,190.0,356.0,326.0,152.0,386.0,874.0,949.0,394.0,87.0,532.0,106.0,92.0,177.0,140.0,1143.0,104.0,2604.0,554.0,54.0,1123.0,145.0,282.0,1522.0,94.0,228.0,72.0,303.0,1336.0,156.0,59.0,517.0,324.0,158.0,535.0,49.0,85.0
2022-10-22,452.0,39.0,361.0,127.0,1945.0,304.0,520.0,83.0,76.0,1201.0,934.0,132.0,139.0,1111.0,416.0,188.0,197.0,327.0,251.0,155.0,424.0,908.0,950.0,493.0,77.0,512.0,119.0,96.0,220.0,162.0,1160.0,150.0,2609.0,572.0,56.0,1160.0,217.0,208.0,1412.0,78.0,216.0,71.0,333.0,1184.0,131.0,79.0,464.0,273.0,164.0,523.0,54.0,87.0
2022-10-29,284.0,31.0,359.0,134.0,1767.0,382.0,475.0,70.0,69.0,1278.0,1077.0,122.0,107.0,1198.0,467.0,199.0,265.0,312.0,275.0,117.0,418.0,770.0,986.0,515.0,70.0,528.0,101.0,111.0,232.0,138.0,1090.0,133.0,2643.0,577.0,85.0,1276.0,221.0,248.0,1381.0,95.0,253.0,62.0,328.0,1247.0,176.0,44.0,485.0,323.0,148.0,596.0,31.0,104.0
2022-11-05,234.0,25.0,525.0,144.0,1987.0,504.0,440.0,85.0,100.0,2008.0,1094.0,118.0,88.0,1243.0,512.0,248.0,214.0,409.0,263.0,100.0,421.0,667.0,936.0,458.0,78.0,551.0,110.0,149.0,254.0,122.0,1126.0,161.0,2563.0,549.0,66.0,1341.0,190.0,177.0,1450.0,68.0,244.0,86.0,345.0,1081.0,170.0,38.0,563.0,323.0,164.0,605.0,60.0,118.0
2022-11-12,242.0,35.0,707.0,117.0,2436.0,598.0,422.0,70.0,91.0,5614.0,1198.0,96.0,97.0,1187.0,496.0,205.0,265.0,393.0,300.0,86.0,407.0,613.0,815.0,466.0,75.0,507.0,97.0,157.0,277.0,104.0,1101.0,174.0,2459.0,529.0,75.0,1167.0,217.0,271.0,1431.0,56.0,264.0,95.0,348.0,1204.0,207.0,53.0,541.0,285.0,136.0,516.0,31.0,93.0
2022-11-19,266.0,28.0,906.0,143.0,2812.0,697.0,411.0,78.0,78.0,1283.0,989.0,101.0,123.0,1224.0,471.0,192.0,235.0,290.0,309.0,71.0,423.0,621.0,805.0,521.0,83.0,524.0,107.0,144.0,315.0,97.0,1053.0,215.0,2410.0,463.0,64.0,1183.0,156.0,248.0,1262.0,78.0,205.0,106.0,343.0,1294.0,242.0,46.0,482.0,343.0,115.0,453.0,50.0,133.0
2022-11-26,263.0,42.0,1093.0,144.0,3598.0,791.0,411.0,99.0,75.0,1294.0,981.0,91.0,149.0,1318.0,579.0,224.0,297.0,330.0,448.0,77.0,408.0,660.0,793.0,508.0,88.0,612.0,96.0,206.0,384.0,72.0,1059.0,237.0,2480.0,487.0,82.0,1218.0,227.0,337.0,1237.0,67.0,216.0,83.0,371.0,1618.0,254.0,35.0,435.0,378.0,125.0,460.0,55.0,108.0
2022-12-03,437.0,44.0,1247.0,240.0,4953.0,849.0,530.0,118.0,118.0,1702.0,1340.0,112.0,166.0,1639.0,773.0,289.0,395.0,685.0,509.0,81.0,513.0,771.0,872.0,584.0,177.0,781.0,118.0,277.0,454.0,135.0,1317.0,258.0,3002.0,603.0,93.0,1629.0,367.0,403.0,1378.0,89.0,319.0,90.0,518.0,2333.0,338.0,31.0,605.0,488.0,164.0,598.0,85.0,172.0
2022-12-10,457.0,50.0,1232.0,249.0,4981.0,699.0,516.0,100.0,134.0,1803.0,1514.0,121.0,153.0,1750.0,878.0,329.0,400.0,408.0,492.0,91.0,561.0,878.0,1003.0,555.0,191.0,839.0,127.0,241.0,467.0,108.0,1263.0,215.0,3219.0,658.0,50.0,1640.0,365.0,350.0,1400.0,79.0,368.0,76.0,579.0,2555.0,280.0,54.0,682.0,437.0,173.0,598.0,47.0,162.0
2022-12-17,532.0,45.0,952.0,302.0,4922.0,595.0,632.0,114.0,132.0,2157.0,1686.0,111.0,164.0,2218.0,888.0,330.0,332.0,449.0,428.0,74.0,587.0,992.0,1163.0,541.0,219.0,886.0,102.0,242.0,374.0,129.0,1442.0,182.0,3470.0,800.0,65.0,1722.0,414.0,398.0,1529.0,112.0,435.0,83.0,620.0,2722.0,258.0,54.0,879.0,418.0,196.0,648.0,30.0,181.0
2022-12-24,581.0,25.0,837.0,327.0,5015.0,564.0,667.0,104.0,161.0,2461.0,1560.0,123.0,136.0,1981.0,877.0,301.0,370.0,445.0,475.0,88.0,712.0,1093.0,1185.0,559.0,252.0,869.0,109.0,218.0,335.0,141.0,1564.0,151.0,3632.0,1064.0,80.0,1845.0,476.0,325.0,1563.0,109.0,582.0,82.0,678.0,2888.0,273.0,38.0,868.0,484.0,261.0,637.0,36.0,182.0
2022-12-31,756.0,32.0,830.0,438.0,5349.0,527.0,797.0,159.0,157.0,2983.0,1743.0,121.0,160.0,2063.0,957.0,325.0,354.0,640.0,503.0,100.0,804.0,1435.0,1198.0,563.0,472.0,951.0,133.0,201.0,301.0,182.0,1638.0,169.0,3532.0,1753.0,68.0,1974.0,488.0,334.0,1678.0,109.0,793.0,61.0,797.0,3910.0,288.0,58.0,1241.0,467.0,348.0,662.0,27.0,165.0
2023-01-07,788.0,39.0,697.0,473.0,4825.0,439.0,751.0,168.0,191.0,3643.0,1944.0,119.0,113.0,1877.0,797.0,309.0,375.0,581.0,702.0,87.0,820.0,1431.0,1126.0,553.0,459.0,841.0,98.0,165.0,283.0,165.0,1754.0,109.0,3800.0,1634.0,47.0,1670.0,494.0,289.0,1818.0,141.0,869.0,56.0,779.0,4115.0,272.0,42.0,1206.0,474.0,314.0,585.0,25.0,198.0
2023-01-14,585.0,36.0,573.0,420.0,4089.0,319.0,816.0,140.0,166.0,3160.0,1491.0,114.0,124.0,1488.0,589.0,242.0,241.0,479.0,681.0,94.0,710.0,1274.0,917.0,436.0,371.0,758.0,92.0,167.0,226.0,183.0,1570.0,118.0,3293.0,1300.0,57.0,1290.0,438.0,277.0,1499.0,137.0,627.0,51.0,709.0,3615.0,191.0,33.0,1066.0,423.0,273.0,501.0,40.0,252.0
2023-01-21,530.0,47.0,446.0,286.0,3228.0,284.0,671.0,113.0,157.0,2788.0,1201.0,151.0,93.0,1297.0,511.0,215.0,234.0,426.0,533.0,83.0,627.0,1047.0,697.0,381.0,281.0,583.0,73.0,127.0,191.0,150.0,1434.0,111.0,2668.0,1060.0,51.0,1070.0,420.0,239.0,1324.0,104.0,533.0,56.0,556.0,2997.0,126.0,46.0,951.0,412.0,235.0,529.0,34.0,147.0
2023-01-28,500.0,49.0,376.0,236.0,2818.0,271.0,539.0,103.0,102.0,2511.0,1077.0,97.0,92.0,1151.0,460.0,174.0,219.0,394.0,412.0,104.0,540.0,867.0,654.0,415.0,188.0,485.0,63.0,102.0,150.0,66.0,1248.0,106.0,2522.0,978.0,47.0,916.0,399.0,229.0,1406.0,97.0,427.0,72.0,481.0,2724.0,139.0,48.0,758.0,385.0,203.0,492.0,19.0,164.0
2023-02-04,488.0,42.0,380.0,193.0,2878.0,306.0,514.0,130.0,110.0,2286.0,958.0,97.0,86.0,1029.0,415.0,165.0,267.0,471.0,423.0,91.0,450.0,810.0,614.0,359.0,194.0,514.0,74.0,74.0,129.0,104.0,1147.0,84.0,2258.0,793.0,65.0,942.0,371.0,237.0,1262.0,104.0,398.0,81.0,494.0,2283.0,110.0,48.0,706.0,379.0,228.0,482.0,18.0,111.0
2023-02-11,500.0,44.0,386.0,185.0,3031.0,305.0,413.0,112.0,105.0,2062.0,925.0,87.0,100.0,1014.0,471.0,180.0,258.0,429.0,504.0,103.0,463.0,747.0,643.0,403.0,203.0,469.0,104.0,109.0,136.0,92.0,1183.0,79.0,1971.0,797.0,71.0,888.0,355.0,228.0,1332.0,107.0,337.0,98.0,568.0,2237.0,138.0,42.0,690.0,416.0,197.0,476.0,24.0,117.0
2023-02-18,459.0,40.0,369.0,188.0,2999.0,327.0,408.0,108.0,66.0,1762.0,851.0,114.0,117.0,1114.0,490.0,205.0,244.0,437.0,425.0,124.0,401.0,689.0,673.0,401.0,189.0,498.0,96.0,149.0,164.0,92.0,1058.0,94.0,1949.0,743.0,69.0,1036.0,351.0,283.0,1294.0,69.0,297.0,95.0,496.0,2071.0,178.0,43.0,562.0,410.0,184.0,503.0,30.0,84.0
2023-02-25,404.0,34.0,431.0,180.0,3141.0,351.0,384.0,94.0,72.0,1721.0,735.0,107.0,110.0,1092.0,452.0,185.0,227.0,345.0,372.0,113.0,348.0,631.0,700.0,347.0,163.0,492.0,155.0,190.0,175.0,78.0,793.0,83.0,1739.0,708.0,69.0,1025.0,297.0,223.0,1199.0,61.0,278.0,96.0,436.0,2044.0,157.0,37.0,473.0,365.0,194.0,512.0,42.0,74.0
2023-03-04,339.0,50.0,398.0,168.0,2930.0,338.0,333.0,61.0,73.0,1552.0,640.0,69.0,103.0,1081.0,427.0,231.0,299.0,330.0,345.0,145.0,313.0,636.0,735.0,368.0,112.0,488.0,122.0,205.0,135.0,108.0,581.0,116.0,1559.0,614.0,72.0,1022.0,239.0,223.0,1059.0,53.0,223.0,119.0,422.0,1920.0,197.0,43.0,411.0,390.0,201.0,437.0,27.0,83.0
2023-03-11,239.0,29.0,439.0,159.0,2691.0,315.0,275.0,65.0,43.0,1446.0,481.0,123.0,121.0,1002.0,411.0,275.0,251.0,235.0,278.0,112.0,278.0,481.0,675.0,344.0,80.0,468.0,82.0,183.0,169.0,72.0,590.0,106.0,1324.0,491.0,48.0,1035.0,251.0,225.0,997.0,54.0,179.0,86.0,315.0,1765.0,171.0,36.0,375.0,365.0,148.0,388.0,23.0,73.0
2023-03-18,238.0,42.0,383.0,136.0,2372.0,315.0,214.0,89.0,52.0,1282.0,558.0,109.0,104.0,997.0,323.0,230.0,213.0,228.0,213.0,107.0,231.0,454.0,703.0,267.0,79.0,445.0,148.0,187.0,131.0,69.0,484.0,95.0,1150.0,409.0,58.0,977.0,295.0,220.0,885.0,46.0,165.0,55.0,258.0,1527.0,153.0,30.0,301.0,315.0,140.0,419.0,17.0,67.0
2023-03-25,268.0,40.0,398.0,142.0,2029.0,310.0,174.0,57.0,46.0,1295.0,493.0,107.0,86.0,964.0,326.0,203.0,233.0,200.0,218.0,92.0,235.0,452.0,750.0,247.0,87.0,399.0,93.0,150.0,163.0,50.0,443.0,121.0,1014.0,381.0,36.0,861.0,274.0,212.0,811.0,40.0,187.0,74.0,291.0,1472.0,138.0,23.0,245.0,342.0,126.0,400.0,31.0,72.0
2023-04-01,296.0,36.0,313.0,118.0,1917.0,271.0,173.0,62.0,50.0,1265.0,406.0,136.0,110.0,964.0,286.0,228.0,176.0,199.0,179.0,68.0,169.0,368.0,689.0,262.0,70.0,373.0,73.0,189.0,131.0,51.0,372.0,108.0,944.0,353.0,46.0,821.0,200.0,175.0,668.0,24.0,136.0,68.0,237.0,1303.0,156.0,22.0,239.0,308.0,113.0,403.0,20.0,51.0
2023-04-08,219.0,34.0,335.0,102.0,1775.0,250.0,167.0,63.0,31.0,1202.0,373.0,99.0,95.0,792.0,285.0,200.0,136.0,193.0,180.0,63.0,160.0,365.0,597.0,224.0,78.0,368.0,62.0,111.0,123.0,55.0,342.0,109.0,856.0,298.0,24.0,743.0,188.0,148.0,570.0,31.0,154.0,40.0,219.0,1338.0,114.0,17.0,216.0,245.0,102.0,389.0,14.0,33.0
2023-04-15,185.0,26.0,360.0,119.0,1766.0,273.0,134.0,52.0,42.0,1106.0,327.0,115.0,74.0,713.0,277.0,155.0,137.0,181.0,166.0,65.0,150.0,333.0,511.0,201.0,84.0,289.0,53.0,82.0,118.0,40.0,270.0,116.0,777.0,227.0,34.0,632.0,170.0,126.0,441.0,40.0,125.0,42.0,220.0,1374.0,116.0,23.0,182.0,210.0,91.0,374.0,10.0,55.0
2023-04-22,166.0,22.0,344.0,103.0,1642.0,212.0,142.0,40.0,27.0,1024.0,314.0,109.0,62.0,613.0,209.0,123.0,90.0,177.0,134.0,41.0,111.0,271.0,469.0,169.0,88.0,275.0,46.0,81.0,108.0,54.0,235.0,121.0,689.0,235.0,30.0,528.0,125.0,127.0,413.0,26.0,104.0,35.0,189.0,1189.0,111.0,17.0,178.0,211.0,59.0,294.0,16.0,60.0
2023-04-29,195.0,24.0,285.0,90.0,1551.0,149.0,120.0,31.0,13.0,911.0,295.0,112.0,57.0,484.0,159.0,91.0,82.0,145.0,137.0,30.0,106.0,205.0,365.0,139.0,73.0,203.0,43.0,59.0,87.0,55.0,172.0,90.0,606.0,152.0,36.0,375.0,115.0,131.0,331.0,17.0,112.0,37.0,162.0,991.0,95.0,10.0,115.0,227.0,46.0,253.0,12.0,86.0
2023-05-06,176.0,29.0,297.0,91.0,1414.0,173.0,103.0,20.0,19.0,909.0,284.0,106.0,55.0,482.0,188.0,80.0,75.0,112.0,122.0,42.0,90.0,239.0,344.0,134.0,47.0,201.0,47.0,26.0,94.0,47.0,204.0,91.0,636.0,197.0,22.0,402.0,97.0,114.0,316.0,15.0,89.0,40.0,155.0,983.0,72.0,10.0,128.0,198.0,55.0,199.0,14.0,90.0
2023-05-13,146.0,29.0,260.0,132.0,1400.0,148.0,91.0,14.0,18.0,859.0,293.0,98.0,40.0,476.0,207.0,72.0,111.0,129.0,114.0,30.0,86.0,230.0,607.0,157.0,47.0,189.0,28.0,47.0,83.0,37.0,171.0,82.0,590.0,171.0,34.0,392.0,94.0,109.0,394.0,11.0,96.0,39.0,157.0,910.0,86.0,12.0,130.0,170.0,35.0,190.0,11.0,84.0
2023-05-20,152.0,10.0,244.0,103.0,1382.0,146.0,88.0,18.0,22.0,790.0,253.0,89.0,31.0,384.0,148.0,53.0,54.0,117.0,125.0,23.0,80.0,210.0,263.0,81.0,51.0,140.0,27.0,40.0,82.0,39.0,129.0,59.0,596.0,177.0,17.0,335.0,79.0,105.0,266.0,16.0,90.0,26.0,139.0,830.0,85.0,7.0,112.0,169.0,32.0,170.0,20.0,115.0
2023-05-27,144.0,22.0,173.0,91.0,1377.0,130.0,83.0,19.0,16.0,807.0,214.0,96.0,35.0,329.0,140.0,39.0,36.0,108.0,93.0,28.0,99.0,236.0,232.0,81.0,54.0,114.0,23.0,26.0,91.0,34.0,147.0,55.0,551.0,150.0,12.0,300.0,54.0,70.0,252.0,24.0,83.0,14.0,123.0,729.0,62.0,14.0,87.0,185.0,35.0,130.0,20.0,119.0
2023-06-03,139.0,19.0,191.0,72.0,1221.0,111.0,98.0,12.0,15.0,835.0,207.0,91.0,27.0,304.0,105.0,30.0,55.0,86.0,117.0,19.0,82.0,215.0,216.0,67.0,51.0,116.0,23.0,34.0,82.0,29.0,171.0,40.0,533.0,155.0,14.0,277.0,54.0,72.0,245.0,22.0,85.0,15.0,93.0,692.0,70.0,11.0,118.0,166.0,33.0,127.0,18.0,126.0
2023-06-10,127.0,32.0,178.0,67.0,1256.0,116.0,88.0,12.0,19.0,895.0,249.0,88.0,32.0,200.0,112.0,35.0,61.0,54.0,130.0,19.0,75.0,208.0,167.0,43.0,33.0,97.0,16.0,19.0,103.0,34.0,160.0,23.0,514.0,118.0,12.0,196.0,59.0,76.0,222.0,15.0,94.0,17.0,93.0,640.0,68.0,11.0,83.0,176.0,25.0,126.0,18.0,148.0
2023-06-17,116.0,23.0,165.0,82.0,1295.0,82.0,83.0,26.0,16.0,817.0,208.0,91.0,28.0,239.0,78.0,32.0,34.0,40.0,84.0,21.0,82.0,191.0,174.0,42.0,17.0,81.0,18.0,40.0,72.0,30.0,154.0,33.0,494.0,145.0,17.0,148.0,50.0,64.0,226.0,23.0,78.0,17.0,60.0,572.0,60.0,12.0,121.0,137.0,28.0,80.0,10.0,163.0
2023-06-24,136.0,25.0,168.0,92.0,1193.0,101.0,70.0,10.0,15.0,877.0,196.0,87.0,22.0,233.0,70.0,33.0,40.0,51.0,81.0,17.0,62.0,165.0,170.0,48.0,40.0,91.0,16.0,17.0,86.0,25.0,249.0,37.0,384.0,120.0,5.0,129.0,51.0,70.0,177.0,23.0,57.0,7.0,75.0,479.0,49.0,19.0,121.0,131.0,28.0,86.0,14.0,163.0
2023-07-01,123.0,23.0,160.0,52.0,1181.0,93.0,83.0,15.0,18.0,977.0,198.0,109.0,30.0,196.0,67.0,25.0,49.0,57.0,86.0,9.0,64.0,141.0,156.0,35.0,36.0,75.0,22.0,20.0,84.0,29.0,142.0,28.0,480.0,149.0,8.0,131.0,39.0,80.0,187.0,14.0,83.0,10.0,75.0,615.0,43.0,9.0,122.0,150.0,25.0,53.0,12.0,179.0
2023-07-08,122.0,25.0,165.0,35.0,1224.0,60.0,68.0,21.0,14.0,1016.0,217.0,86.0,27.0,246.0,81.0,12.0,32.0,43.0,105.0,11.0,87.0,136.0,121.0,49.0,34.0,112.0,23.0,16.0,75.0,41.0,119.0,30.0,547.0,129.0,7.0,139.0,29.0,82.0,212.0,16.0,75.0,18.0,85.0,578.0,42.0,7.0,125.0,143.0,22.0,63.0,15.0,195.0
2023-07-15,165.0,26.0,201.0,51.0,1268.0,87.0,79.0,22.0,32.0,1130.0,270.0,114.0,22.0,181.0,77.0,48.0,49.0,64.0,128.0,20.0,82.0,152.0,104.0,52.0,50.0,99.0,57.0,27.0,64.0,22.0,129.0,30.0,448.0,178.0,11.0,135.0,44.0,114.0,233.0,13.0,88.0,7.0,94.0,738.0,55.0,9.0,122.0,134.0,19.0,66.0,17.0,188.0
2023-07-22,188.0,21.0,160.0,58.0,1398.0,95.0,97.0,16.0,28.0,1223.0,269.0,131.0,27.0,194.0,102.0,32.0,27.0,72.0,187.0,21.0,93.0,191.0,97.0,78.0,56.0,100.0,43.0,31.0,84.0,28.0,166.0,26.0,559.0,192.0,19.0,164.0,55.0,95.0,225.0,12.0,102.0,10.0,125.0,821.0,48.0,7.0,125.0,140.0,31.0,76.0,8.0,233.0
2023-07-29,267.0,25.0,121.0,77.0,1455.0,93.0,103.0,16.0,15.0,1521.0,330.0,138.0,25.0,265.0,137.0,41.0,42.0,91.0,187.0,29.0,126.0,231.0,104.0,60.0,76.0,120.0,40.0,27.0,80.0,61.0,200.0,27.0,669.0,226.0,13.0,190.0,69.0,93.0,278.0,11.0,110.0,15.0,144.0,900.0,52.0,12.0,156.0,161.0,31.0,76.0,10.0,150.0
2023-08-05,332.0,19.0,149.0,106.0,1688.0,118.0,121.0,24.0,29.0,1753.0,447.0,134.0,37.0,313.0,159.0,53.0,59.0,100.0,201.0,23.0,132.0,294.0,129.0,77.0,103.0,127.0,41.0,28.0,84.0,46.0,247.0,26.0,713.0,256.0,14.0,231.0,86.0,128.0,292.0,21.0,166.0,13.0,181.0,1076.0,51.0,18.0,167.0,217.0,52.0,107.0,9.0,187.0
2023-08-12,295.0,33.0,152.0,124.0,2034.0,134.0,162.0,30.0,41.0,1969.0,565.0,130.0,40.0,369.0,157.0,77.0,55.0,168.0,282.0,23.0,140.0,404.0,201.0,103.0,137.0,187.0,36.0,52.0,109.0,54.0,286.0,42.0,1003.0,320.0,15.0,318.0,118.0,132.0,387.0,16.0,250.0,11.0,232.0,1215.0,57.0,28.0,236.0,228.0,54.0,143.0,12.0,163.0
2023-08-19,423.0,20.0,213.0,182.0,2422.0,155.0,190.0,31.0,35.0,2819.0,753.0,142.0,55.0,459.0,211.0,115.0,61.0,194.0,323.0,28.0,210.0,401.0,273.0,117.0,198.0,257.0,43.0,49.0,156.0,44.0,294.0,46.0,1130.0,419.0,14.0,304.0,106.0,164.0,446.0,33.0,251.0,25.0,301.0,1492.0,73.0,32.0,302.0,244.0,84.0,160.0,23.0,154.0
2023-08-26,470.0,22.0,253.0,234.0,2701.0,203.0,184.0,36.0,41.0,3563.0,911.0,146.0,63.0,582.0,314.0,124.0,118.0,230.0,361.0,26.0,230.0,412.0,325.0,176.0,213.0,309.0,56.0,58.0,137.0,46.0,314.0,38.0,1194.0,476.0,21.0,391.0,144.0,173.0,487.0,34.0,329.0,88.0,400.0,1788.0,101.0,28.0,361.0,310.0,87.0,199.0,28.0,150.0
2023-09-02,518.0,34.0,290.0,244.0,2854.0,246.0,195.0,27.0,78.0,3208.0,942.0,122.0,82.0,653.0,381.0,150.0,122.0,304.0,361.0,42.0,265.0,485.0,352.0,171.0,154.0,366.0,60.0,56.0,153.0,58.0,356.0,57.0,1386.0,482.0,20.0,447.0,233.0,189.0,576.0,42.0,378.0,48.0,418.0,2063.0,102.0,20.0,377.0,319.0,128.0,210.0,13.0,180.0
2023-09-09,488.0,35.0,272.0,318.0,2908.0,270.0,204.0,44.0,71.0,2940.0,766.0,114.0,82.0,717.0,382.0,136.0,181.0,376.0,420.0,42.0,297.0,487.0,424.0,176.0,158.0,440.0,67.0,68.0,194.0,54.0,450.0,74.0,1689.0,626.0,24.0,583.0,287.0,271.0,765.0,50.0,388.0,60.0,466.0,2241.0,130.0,35.0,479.0,340.0,150.0,193.0,33.0,153.0
2023-09-16,406.0,38.0,303.0,296.0,2751.0,306.0,220.0,44.0,68.0,2631.0,700.0,107.0,84.0,756.0,349.0,158.0,171.0,349.0,284.0,53.0,271.0,558.0,488.0,209.0,176.0,456.0,97.0,90.0,159.0,84.0,446.0,48.0,1725.0,617.0,28.0,688.0,200.0,271.0,655.0,48.0,364.0,47.0,389.0,2128.0,134.0,26.0,444.0,387.0,146.0,260.0,26.0,156.0
2023-09-23,371.0,24.0,281.0,240.0,2589.0,299.0,289.0,58.0,74.0,1669.0,598.0,122.0,100.0,736.0,362.0,164.0,161.0,289.0,236.0,50.0,347.0,569.0,570.0,254.0,123.0,434.0,133.0,84.0,204.0,106.0,525.0,57.0,1754.0,604.0,35.0,653.0,214.0,263.0,784.0,53.0,314.0,82.0,320.0,1856.0,137.0,40.0,467.0,391.0,176.0,346.0,35.0,109.0
2023-09-30,298.0,21.0,329.0,210.0,2248.0,342.0,263.0,70.0,61.0,1375.0,480.0,91.0,124.0,604.0,409.0,143.0,129.0,284.0,192.0,66.0,321.0,604.0,574.0,260.0,127.0,430.0,142.0,97.0,195.0,77.0,619.0,89.0,1924.0,565.0,40.0,604.0,167.0,318.0,704.0,71.0,271.0,74.0,301.0,1631.0,155.0,62.0,443.0,355.0,175.0,337.0,31.0,113.0
2023-10-07,254.0,25.0,373.0,186.0,2049.0,336.0,233.0,57.0,50.0,1160.0,379.0,101.0,134.0,604.0,315.0,121.0,138.0,256.0,167.0,66.0,340.0,541.0,524.0,260.0,104.0,306.0,97.0,69.0,162.0,105.0,689.0,97.0,1899.0,575.0,44.0,651.0,166.0,312.0,747.0,90.0,261.0,60.0,245.0,1354.0,146.0,32.0,426.0,383.0,179.0,359.0,47.0,86.0
2023-10-14,232.0,30.0,389.0,118.0,1833.0,434.0,245.0,63.0,50.0,1578.0,427.0,106.0,112.0,531.0,323.0,127.0,128.0,241.0,189.0,59.0,263.0,574.0,477.0,276.0,54.0,337.0,122.0,69.0,181.0,94.0,597.0,117.0,1606.0,464.0,66.0,539.0,183.0,265.0,654.0,56.0,249.0,54.0,246.0,1224.0,157.0,31.0,412.0,394.0,131.0,285.0,27.0,96.0
2023-10-21,235.0,16.0,467.0,137.0,1939.0,438.0,216.0,46.0,55.0,947.0,397.0,102.0,111.0,608.0,386.0,170.0,180.0,235.0,144.0,56.0,290.0,463.0,495.0,285.0,81.0,321.0,111.0,91.0,182.0,76.0,542.0,121.0,1385.0,425.0,57.0,597.0,184.0,230.0,764.0,54.0,210.0,57.0,249.0,1094.0,130.0,40.0,455.0,309.0,148.0,316.0,29.0,79.0
2023-10-28,267.0,16.0,431.0,142.0,1620.0,478.0,204.0,38.0,48.0,829.0,375.0,107.0,88.0,686.0,346.0,161.0,235.0,274.0,140.0,55.0,277.0,446.0,536.0,268.0,91.0,368.0,62.0,137.0,190.0,82.0,455.0,148.0,1307.0,420.0,53.0,696.0,188.0,230.0,795.0,45.0,216.0,67.0,259.0,1238.0,123.0,33.0,454.0,240.0,167.0,362.0,38.0,79.0
2023-11-04,210.0,20.0,421.0,164.0,1694.0,442.0,183.0,48.0,39.0,857.0,376.0,118.0,94.0,661.0,354.0,111.0,261.0,316.0,143.0,52.0,284.0,422.0,477.0,216.0,88.0,360.0,66.0,124.0,160.0,75.0,401.0,151.0,1119.0,382.0,39.0,631.0,180.0,208.0,667.0,51.0,209.0,78.0,258.0,1213.0,135.0,25.0,383.0,248.0,144.0,319.0,34.0,82.0
2023-11-11,263.0,32.0,502.0,189.0,1806.0,467.0,204.0,44.0,51.0,742.0,432.0,111.0,107.0,859.0,409.0,193.0,288.0,371.0,157.0,52.0,269.0,443.0,554.0,293.0,118.0,417.0,97.0,186.0,163.0,78.0,439.0,205.0,1167.0,392.0,60.0,739.0,222.0,201.0,842.0,34.0,220.0,78.0,352.0,1655.0,156.0,43.0,465.0,252.0,193.0,422.0,36.0,108.0
2023-11-18,226.0,19.0,566.0,154.0,2061.0,518.0,261.0,48.0,34.0,753.0,466.0,80.0,91.0,974.0,451.0,193.0,285.0,369.0,159.0,61.0,290.0,482.0,667.0,389.0,90.0,488.0,96.0,165.0,169.0,66.0,429.0,202.0,1213.0,390.0,93.0,889.0,250.0,187.0,917.0,43.0,235.0,84.0,340.0,1168.0,174.0,38.0,450.0,328.0,222.0,484.0,41.0,99.0
2023-11-25,228.0,15.0,542.0,170.0,2229.0,509.0,423.0,61.0,40.0,737.0,507.0,66.0,116.0,1113.0,585.0,215.0,245.0,461.0,165.0,70.0,347.0,535.0,813.0,353.0,116.0,530.0,103.0,184.0,162.0,76.0,484.0,190.0,1502.0,422.0,80.0,1074.0,258.0,184.0,1009.0,44.0,248.0,107.0,326.0,1180.0,207.0,49.0,488.0,224.0,276.0,482.0,47.0,119.0
2023-12-02,300.0,23.0,518.0,235.0,2686.0,533.0,324.0,76.0,43.0,811.0,466.0,77.0,165.0,1410.0,846.0,330.0,303.0,439.0,210.0,87.0,416.0,644.0,1071.0,450.0,115.0,695.0,119.0,204.0,201.0,93.0,622.0,166.0,1787.0,464.0,98.0,1307.0,333.0,229.0,1123.0,53.0,253.0,121.0,404.0,1375.0,221.0,43.0,611.0,263.0,313.0,637.0,56.0,132.0
2023-12-09,348.0,19.0,457.0,311.0,2651.0,480.0,333.0,64.0,42.0,906.0,524.0,88.0,169.0,1370.0,879.0,360.0,345.0,487.0,210.0,118.0,431.0,596.0,1035.0,449.0,140.0,726.0,122.0,230.0,205.0,100.0,645.0,119.0,1851.0,553.0,94.0,1311.0,412.0,204.0,1181.0,51.0,249.0,107.0,414.0,1467.0,238.0,66.0,602.0,317.0,292.0,590.0,71.0,90.0
2023-12-16,394.0,23.0,482.0,310.0,2982.0,425.0,342.0,63.0,48.0,1178.0,592.0,74.0,163.0,1443.0,868.0,421.0,362.0,456.0,206.0,114.0,461.0,718.0,998.0,512.0,136.0,750.0,131.0,279.0,205.0,116.0,753.0,130.0,2049.0,553.0,84.0,1343.0,444.0,208.0,1158.0,77.0,268.0,127.0,488.0,1681.0,270.0,41.0,658.0,279.0,256.0,603.0,48.0,69.0
2023-12-23,495.0,21.0,523.0,338.0,3423.0,457.0,365.0,102.0,76.0,1453.0,842.0,84.0,164.0,1566.0,951.0,421.0,345.0,560.0,324.0,116.0,469.0,906.0,1148.0,536.0,167.0,802.0,133.0,295.0,246.0,133.0,980.0,135.0,2638.0,701.0,95.0,1550.0,426.0,208.0,1417.0,98.0,398.0,129.0,529.0,1917.0,200.0,54.0,794.0,311.0,292.0,692.0,41.0,127.0
2023-12-30,540.0,34.0,643.0,338.0,3892.0,475.0,476.0,107.0,75.0,1786.0,1066.0,81.0,185.0,1795.0,1048.0,415.0,383.0,595.0,386.0,127.0,577.0,1047.0,1357.0,597.0,209.0,810.0,108.0,252.0,264.0,129.0,1373.0,131.0,3306.0,904.0,109.0,1807.0,490.0,298.0,1806.0,111.0,505.0,132.0,710.0,2158.0,237.0,56.0,1022.0,366.0,345.0,791.0,53.0,117.0
2024-01-06,563.0,36.0,645.0,439.0,3847.0,477.0,488.0,110.0,86.0,2143.0,1130.0,108.0,210.0,1602.0,979.0,385.0,389.0,521.0,417.0,150.0,612.0,1037.0,1300.0,549.0,232.0,902.0,161.0,237.0,248.0,195.0,1442.0,111.0,3695.0,855.0,83.0,1539.0,417.0,316.0,1825.0,140.0,552.0,119.0,697.0,2630.0,254.0,64.0,1005.0,435.0,349.0,796.0,45.0,186.0
2024-01-13,502.0,42.0,582.0,384.0,3460.0,464.0,489.0,109.0,110.0,2124.0,1116.0,108.0,178.0,1424.0,831.0,280.0,285.0,489.0,409.0,117.0,531.0,927.0,1104.0,480.0,250.0,797.0,126.0,189.0,221.0,153.0,1368.0,50.0,3343.0,874.0,61.0,1310.0,381.0,270.0,1494.0,122.0,474.0,99.0,543.0,2393.0,198.0,50.0,893.0,372.0,267.0,596.0,52.0,227.0
2024-01-20,429.0,44.0,489.0,334.0,3225.0,347.0,381.0,79.0,83.0,2060.0,1109.0,124.0,107.0,1161.0,649.0,237.0,209.0,369.0,352.0,81.0,427.0,806.0,765.0,344.0,173.0,569.0,66.0,151.0,214.0,91.0,1083.0,62.0,2783.0,710.0,56.0,1035.0,295.0,242.0,1162.0,86.0,415.0,82.0,402.0,2179.0,158.0,39.0,687.0,390.0,191.0,437.0,30.0,260.0
2024-01-27,454.0,40.0,465.0,286.0,2761.0,296.0,358.0,62.0,59.0,2100.0,1010.0,106.0,113.0,895.0,486.0,187.0,183.0,320.0,356.0,53.0,388.0,676.0,656.0,305.0,166.0,496.0,60.0,132.0,172.0,74.0,897.0,61.0,2280.0,677.0,39.0,863.0,291.0,216.0,1002.0,84.0,428.0,67.0,401.0,2275.0,144.0,46.0,623.0,374.0,153.0,338.0,17.0,261.0
2024-02-03,381.0,57.0,403.0,256.0,2384.0,270.0,271.0,51.0,52.0,2038.0,1039.0,96.0,84.0,777.0,413.0,135.0,170.0,286.0,337.0,65.0,323.0,580.0,645.0,269.0,175.0,442.0,37.0,137.0,151.0,76.0,812.0,74.0,1925.0,677.0,36.0,728.0,280.0,206.0,866.0,62.0,399.0,73.0,365.0,2360.0,126.0,42.0,597.0,356.0,120.0,343.0,19.0,199.0
2024-02-10,366.0,52.0,361.0,292.0,2107.0,239.0,249.0,74.0,68.0,1951.0,1014.0,101.0,77.0,745.0,408.0,137.0,160.0,272.0,384.0,68.0,305.0,539.0,610.0,222.0,185.0,473.0,50.0,158.0,138.0,79.0,694.0,68.0,1788.0,693.0,49.0,687.0,302.0,166.0,826.0,64.0,431.0,66.0,315.0,2528.0,116.0,29.0,570.0,333.0,101.0,364.0,32.0,225.0
2024-02-17,472.0,39.0,318.0,238.0,2017.0,241.0,233.0,63.0,69.0,1851.0,1096.0,102.0,62.0,821.0,348.0,100.0,209.0,287.0,346.0,58.0,282.0,484.0,561.0,246.0,164.0,444.0,46.0,109.0,118.0,70.0,668.0,73.0,1506.0,717.0,44.0,630.0,286.0,179.0,838.0,46.0,412.0,60.0,443.0,2289.0,100.0,27.0,599.0,288.0,101.0,341.0,20.0,196.0
2024-02-24,510.0,28.0,291.0,224.0,1687.0,206.0,205.0,74.0,59.0,1548.0,978.0,101.0,99.0,763.0,390.0,122.0,210.0,308.0,320.0,70.0,243.0,412.0,563.0,197.0,150.0,442.0,44.0,127.0,91.0,57.0,552.0,68.0,1271.0,717.0,42.0,647.0,255.0,191.0,793.0,42.0,373.0,61.0,437.0,1986.0,87.0,26.0,590.0,257.0,108.0,332.0,14.0,169.0
2024-03-02,429.0,22.0,242.0,221.0,1501.0,137.0,177.0,79.0,49.0,1452.0,859.0,107.0,69.0,657.0,374.0,91.0,167.0,272.0,321.0,50.0,278.0,324.0,544.0,171.0,151.0,400.0,46.0,104.0,116.0,44.0,521.0,42.0,1106.0,571.0,36.0,517.0,241.0,150.0,638.0,19.0,369.0,40.0,468.0,1656.0,85.0,19.0,488.0,270.0,109.0,254.0,5.0,107.0
2024-03-09,340.0,33.0,196.0,212.0,1262.0,129.0,164.0,50.0,55.0,1198.0,748.0,77.0,42.0,550.0,306.0,99.0,148.0,330.0,276.0,40.0,242.0,215.0,480.0,166.0,149.0,372.0,44.0,110.0,95.0,54.0,412.0,70.0,883.0,551.0,38.0,379.0,238.0,129.0,556.0,31.0,329.0,41.0,403.0,1425.0,113.0,18.0,471.0,228.0,99.0,234.0,7.0,62.0
2024-03-16,269.0,18.0,183.0,171.0,1118.0,121.0,123.0,30.0,35.0,925.0,490.0,66.0,55.0,466.0,263.0,65.0,145.0,192.0,196.0,33.0,176.0,207.0,396.0,129.0,102.0,272.0,33.0,103.0,69.0,46.0,343.0,46.0,694.0,367.0,30.0,407.0,187.0,141.0,439.0,18.0,238.0,22.0,287.0,1216.0,75.0,11.0,386.0,191.0,84.0,215.0,18.0,87.0
2024-03-23,236.0,12.0,157.0,140.0,1006.0,114.0,85.0,32.0,56.0,792.0,402.0,69.0,51.0,386.0,214.0,45.0,98.0,147.0,180.0,40.0,151.0,167.0,322.0,122.0,102.0,246.0,39.0,64.0,83.0,25.0,237.0,57.0,637.0,355.0,27.0,317.0,166.0,129.0,408.0,17.0,183.0,19.0,242.0,1060.0,65.0,15.0,367.0,197.0,65.0,183.0,5.0,52.0
2024-03-30,208.0,6.0,157.0,104.0,876.0,124.0,69.0,37.0,23.0,680.0,362.0,60.0,36.0,378.0,195.0,42.0,97.0,137.0,133.0,22.0,114.0,165.0,269.0,107.0,53.0,170.0,27.0,70.0,71.0,14.0,247.0,53.0,535.0,275.0,20.0,260.0,143.0,82.0,334.0,19.0,179.0,20.0,202.0,917.0,57.0,8.0,340.0,147.0,65.0,156.0,9.0,70.0
2024-04-06,192.0,6.0,146.0,83.0,822.0,97.0,89.0,25.0,18.0,577.0,312.0,52.0,34.0,322.0,156.0,42.0,85.0,124.0,118.0,22.0,115.0,191.0,265.0,95.0,54.0,158.0,17.0,30.0,60.0,20.0,226.0,30.0,547.0,273.0,22.0,295.0,97.0,80.0,359.0,26.0,117.0,22.0,191.0,828.0,59.0,11.0,308.0,133.0,50.0,164.0,3.0,41.0
2024-04-13,158.0,7.0,143.0,64.0,818.0,84.0,59.0,34.0,25.0,473.0,243.0,57.0,34.0,301.0,153.0,34.0,66.0,123.0,86.0,15.0,91.0,162.0,225.0,87.0,42.0,144.0,18.0,34.0,45.0,23.0,169.0,31.0,527.0,217.0,24.0,269.0,85.0,80.0,325.0,23.0,112.0,30.0,136.0,777.0,46.0,9.0,302.0,102.0,36.0,96.0,11.0,30.0
2024-04-20,142.0,2.0,101.0,56.0,736.0,68.0,55.0,20.0,14.0,420.0,209.0,57.0,29.0,229.0,139.0,29.0,72.0,69.0,78.0,20.0,81.0,164.0,194.0,61.0,37.0,132.0,17.0,33.0,55.0,19.0,149.0,24.0,447.0,179.0,11.0,210.0,77.0,63.0,259.0,20.0,74.0,17.0,152.0,735.0,57.0,3.0,273.0,104.0,44.0,126.0,10.0,39.0
2024-04-27,99.0,8.0,95.0,53.0,724.0,82.0,44.0,25.0,10.0,428.0,172.0,41.0,37.0,236.0,65.0,28.0,58.0,74.0,55.0,16.0,74.0,133.0,138.0,59.0,33.0,115.0,11.0,26.0,61.0,24.0,290.0,34.0,428.0,148.0,15.0,186.0,68.0,45.0,177.0,18.0,67.0,16.0,99.0,643.0,36.0,3.0,245.0,83.0,36.0,81.0,8.0,48.0
2024-05-04,63.0,2.0,109.0,26.0,555.0,40.0,60.0,26.0,12.0,312.0,117.0,15.0,22.0,124.0,49.0,11.0,43.0,58.0,24.0,14.0,42.0,121.0,132.0,28.0,12.0,61.0,13.0,22.0,23.0,10.0,147.0,33.0,330.0,52.0,4.0,99.0,38.0,39.0,172.0,10.0,31.0,8.0,71.0,274.0,22.0,5.0,133.0,88.0,12.0,57.0,6.0,60.0
2024-05-11,38.0,4.0,91.0,10.0,438.0,18.0,69.0,15.0,9.0,161.0,35.0,13.0,24.0,89.0,46.0,11.0,23.0,32.0,17.0,8.0,41.0,55.0,106.0,2.8,8.0,31.0,8.0,7.0,2.0,7.0,148.0,24.0,230.0,2.7,2.0,35.0,19.0,31.0,164.0,9.0,21.0,1.0,23.0,8.0,26.0,2.0,41.0,101.0,3.0,53.0,6.0,40.0
2024-05-18,11.0,5.0,77.0,10.0,486.0,21.0,48.0,17.0,8.0,196.0,31.0,15.0,15.0,77.0,25.0,8.0,28.0,29.0,18.0,8.0,31.0,1.8,82.0,2.9,9.0,31.0,12.0,3.0,1.0,4.0,155.0,20.0,242.0,4.0,1.0,38.0,28.0,37.0,140.0,4.0,14.0,0.3,21.0,7.6,28.0,2.0,38.0,102.0,0.4,45.0,4.0,3.0
2024-05-25,14.0,5.0,93.0,28.0,505.0,26.0,66.0,12.0,9.0,202.0,18.0,24.0,5.0,63.0,37.0,7.0,9.0,25.0,15.0,9.0,23.0,1.8,83.0,1.4,10.0,28.0,21.0,4.0,1.0,3.0,153.0,35.0,265.0,6.9,0.2,35.0,19.0,28.0,129.0,7.0,16.0,1.0,14.0,8.0,27.0,3.0,33.0,122.0,1.0,33.0,5.0,10.0
2024-06-01,4.3,9.0,90.0,8.0,557.0,27.0,86.0,12.0,5.0,252.0,21.0,30.0,12.0,75.0,28.0,8.0,10.0,14.0,23.0,7.0,29.0,1.8,89.0,2.8,2.0,24.0,13.0,1.0,2.0,6.0,150.0,31.0,227.0,3.1,0.2,29.0,17.0,41.0,119.0,5.0,15.0,8.0,18.0,7.6,23.0,2.0,36.0,131.0,0.9,39.0,13.0,8.0
2024-06-08,2.0,11.0,106.0,20.0,606.0,19.0,74.0,16.0,8.0,283.0,25.0,34.0,13.0,76.0,37.0,13.0,9.0,12.0,28.0,8.0,26.0,4.6,81.0,1.4,10.0,22.0,15.0,4.0,2.2,4.0,201.0,4.0,216.0,7.8,1.0,52.0,8.0,46.0,126.0,15.0,17.0,5.0,16.0,9.7,34.0,2.0,41.0,157.0,0.4,51.0,6.0,19.0
2024-06-15,2.0,15.0,130.0,20.0,754.0,20.0,72.0,14.0,11.0,325.0,18.0,54.0,11.0,99.0,49.0,20.0,3.0,23.0,37.0,5.0,17.0,2.7,88.0,3.1,8.0,41.0,13.0,7.0,0.8,2.0,194.0,5.0,184.0,2.7,0.7,39.0,12.0,59.0,134.0,13.0,29.0,5.0,30.0,22.0,42.0,0.5,52.0,207.0,0.4,45.0,3.0,24.0
2024-06-22,2.0,15.0,149.0,28.0,905.0,20.0,72.0,18.0,9.0,487.0,30.0,47.0,19.0,102.0,49.0,14.0,4.0,17.0,35.0,5.0,37.0,4.0,104.0,3.7,4.0,33.0,12.0,9.0,1.0,4.0,273.0,5.0,222.0,9.9,1.0,57.0,24.0,73.0,114.0,11.0,23.0,2.0,21.0,7.6,32.0,0.5,46.0,240.0,1.2,50.0,10.0,30.0
2024-06-29,3.0,7.0,192.0,31.0,1036.0,29.0,72.0,21.0,16.0,561.0,42.0,34.0,12.0,118.0,37.0,18.0,7.0,10.0,45.0,2.0,53.0,6.7,99.0,1.8,13.0,23.0,21.0,9.0,2.0,5.0,257.0,5.0,213.0,2.7,1.0,44.0,26.0,78.0,126.0,20.0,32.0,1.0,34.0,12.0,42.0,1.0,61.0,266.0,1.2,72.0,6.0,26.0
2024-07-06,8.0,5.0,177.0,44.0,1372.0,23.0,116.0,26.0,31.0,717.0,48.0,45.0,12.0,171.0,36.0,17.0,8.0,12.0,85.0,3.0,54.0,3.0,164.0,3.0,23.0,38.0,17.0,8.0,7.0,10.0,395.0,8.0,267.0,10.0,6.0,79.0,6.0,87.0,219.0,9.0,48.0,4.0,39.0,36.0,53.0,0.4,86.0,243.0,1.0,96.0,7.0,58.0
2024-07-13,13.0,13.0,190.0,58.0,1536.0,33.0,136.0,41.0,56.0,830.0,69.0,38.0,15.0,187.0,64.0,32.0,19.0,25.0,107.0,6.0,51.0,6.0,171.0,2.0,36.0,62.0,14.0,10.0,9.0,11.0,373.0,10.0,276.0,8.0,4.0,107.0,16.0,99.0,213.0,16.0,61.0,7.0,70.0,17.0,60.0,0.2,92.0,245.0,3.0,96.0,19.0,35.0
2024-07-20,7.0,14.0,178.0,52.0,1710.0,26.0,155.0,41.0,52.0,999.0,97.0,35.0,20.0,205.0,104.0,43.0,14.0,23.0,101.0,7.0,80.0,2.0,165.0,2.0,35.0,62.0,14.0,8.0,4.0,8.0,340.0,10.0,276.0,8.0,5.0,133.0,22.0,91.0,308.0,30.0,65.0,10.0,88.0,51.0,56.0,1.0,91.0,267.0,2.0,103.0,18.0,22.0
2024-07-27,12.0,22.0,180.0,65.0,1885.0,75.0,155.0,53.0,48.0,994.0,122.0,30.0,14.0,259.0,125.0,54.0,41.0,26.0,142.0,6.0,72.0,1.8,209.0,1.4,46.0,89.0,22.0,16.0,1.0,13.0,422.0,8.0,323.0,4.2,4.0,126.0,23.0,141.0,421.0,30.0,97.0,5.0,78.0,9.0,63.0,0.3,117.0,248.0,0.9,123.0,15.0,13.0
2024-08-03,17.0,18.0,167.0,76.0,1913.0,66.0,158.0,49.0,59.0,950.0,135.0,28.0,14.0,260.0,132.0,74.0,37.0,43.0,136.0,9.0,79.0,2.0,262.0,1.4,56.0,103.0,30.0,15.0,1.0,26.0,411.0,13.0,372.0,5.0,5.0,151.0,24.0,110.0,453.0,30.0,106.0,4.0,73.0,46.0,77.0,0.4,168.0,298.0,0.7,129.0,19.0,8.0
2024-08-10,26.0,17.0,213.0,114.0,2021.0,87.0,199.0,62.0,44.0,826.0,148.0,22.0,15.0,302.0,158.0,66.0,32.0,43.0,156.0,10.0,100.0,4.5,255.0,1.4,62.0,94.0,38.0,14.0,1.0,28.0,417.0,7.0,336.0,3.0,5.0,152.0,22.0,97.0,532.0,23.0,128.0,5.0,108.0,9.0,80.0,2.0,194.0,306.0,0.6,148.0,19.0,21.0
2024-08-17,14.0,14.0,158.0,110.0,2051.0,58.0,216.0,70.0,49.0,762.0,173.0,33.0,24.0,342.0,222.0,81.0,36.0,65.0,166.0,12.0,91.0,1.8,330.0,2.0,71.0,89.0,20.0,28.0,1.0,19.0,428.0,7.0,339.0,7.0,7.0,145.0,19.0,113.0,554.0,44.0,138.0,6.0,89.0,16.0,73.0,4.0,217.0,262.0,0.4,171.0,24.0,9.0
2024-08-24,6.0,22.0,165.0,139.0,2096.0,22.0,211.0,58.0,38.0,588.0,192.0,25.0,18.0,366.0,233.0,116.0,25.0,67.0,162.0,11.0,106.0,4.7,375.0,1.7,80.0,81.0,16.0,34.0,1.0,24.0,422.0,17.0,297.0,6.0,5.0,184.0,39.0,105.0,655.0,44.0,119.0,5.0,47.0,7.6,87.0,0.2,216.0,266.0,1.4,190.0,15.0,4.0
2024-08-31,2.0,14.0,165.0,116.0,1722.0,25.0,208.0,72.0,44.0,516.0,172.0,18.0,18.0,407.0,220.0,98.0,27.0,72.0,118.0,12.0,142.0,4.3,450.0,2.6,71.0,122.0,13.0,24.0,1.1,29.0,465.0,7.0,301.0,5.0,5.0,199.0,20.0,118.0,654.0,39.0,153.0,6.0,71.0,7.6,101.0,1.0,242.0,250.0,0.4,188.0,22.0,6.0
2024-09-07,4.0,13.0,139.0,116.0,1662.0,56.0,162.0,57.0,35.0,526.0,107.0,20.0,19.0,368.0,209.0,106.0,25.0,74.0,110.0,15.0,100.0,1.8,399.0,2.6,50.0,101.0,14.0,24.0,7.0,27.0,327.0,14.0,285.0,6.0,8.0,258.0,22.0,104.0,734.0,26.0,120.0,11.0,33.0,9.0,106.0,2.0,214.0,294.0,1.1,181.0,20.0,7.0
2024-09-14,6.0,18.0,160.0,103.0,1448.0,44.0,195.0,53.0,46.0,422.0,80.0,20.0,25.0,369.0,226.0,91.0,28.0,40.0,84.0,15.0,80.0,3.2,495.0,4.6,40.0,110.0,17.0,21.0,7.0,30.0,355.0,9.0,265.0,4.0,7.0,295.0,20.0,85.0,658.0,39.0,99.0,9.0,12.0,18.8,84.0,1.0,195.0,282.0,0.5,169.0,21.0,6.0
2024-09-21,5.0,5.0,157.0,73.0,1144.0,40.0,228.0,58.0,31.0,357.0,57.0,15.0,17.0,293.0,162.0,109.0,21.0,38.0,77.0,16.0,70.0,5.6,466.0,1.4,45.0,108.0,25.0,27.0,4.0,21.0,344.0,2.0,269.0,4.0,4.0,223.0,12.0,96.0,675.0,27.0,87.0,12.0,22.0,7.8,99.0,2.0,181.0,288.0,1.2,140.0,21.0,1.0
2024-09-28,3.0,9.0,152.0,83.0,1065.0,37.0,172.0,57.0,27.0,283.0,50.0,9.0,10.0,202.0,140.0,71.0,19.0,23.0,50.0,14.0,48.0,5.0,360.0,2.0,17.0,69.0,20.0,15.0,3.0,32.0,311.0,4.0,247.0,2.9,7.0,148.0,17.0,93.0,685.0,23.0,64.0,2.0,10.0,11.0,60.0,2.0,128.0,285.0,0.4,160.0,34.0,4.0
2024-10-05,9.0,3.0,93.0,23.0,722.0,30.0,183.0,59.0,15.0,240.0,53.0,2.0,6.0,182.0,116.0,89.0,12.0,21.0,43.0,9.0,41.0,4.2,335.0,4.1,16.0,43.0,31.0,13.0,2.0,10.0,239.0,2.0,228.0,2.7,2.0,84.0,9.0,72.0,466.0,43.0,25.0,4.0,27.0,15.0,58.0,1.0,127.0,227.0,1.6,132.0,30.0,4.0
2024-10-12,22.0,5.0,17.0,1.0,309.0,85.0,3.2,7.0,0.4,12.0,12.0,20.0,11.0,58.0,17.0,8.0,2.0,3.0,3.2,2.0,8.0,6.0,16.0,1.4,0.7,9.0,56.0,4.0,3.1,7.0,3.6,12.0,60.0,37.0,4.0,19.0,13.0,148.0,15.0,2.0,5.0,2.0,102.0,619.0,1.0,0.6,114.0,104.0,0.9,3.0,3.0,1.0
2024-10-19,21.0,5.0,33.0,12.0,558.0,30.0,109.0,13.0,0.4,146.0,31.0,5.0,9.0,31.0,22.0,30.0,17.0,34.0,24.0,14.0,17.0,7.0,40.0,53.0,7.0,27.0,16.0,10.0,23.0,17.0,5.0,17.0,119.0,36.0,8.0,81.0,7.0,57.0,25.0,15.0,29.0,5.0,22.0,89.0,2.0,14.0,86.0,59.0,4.0,41.0,2.0,1.0
2024-10-26,27.0,6.0,419.0,20.0,545.0,45.0,102.0,8.0,0.3,99.0,46.0,4.0,9.0,70.0,47.0,36.0,23.0,46.0,42.0,12.0,24.0,1.8,102.0,37.0,5.0,25.0,25.0,17.0,20.0,20.0,15.0,25.0,102.0,96.0,9.0,128.0,21.0,39.0,101.0,7.0,36.0,7.0,32.0,102.0,30.0,6.0,124.0,52.0,5.0,91.0,41.0,2.0
2024-11-02,47.0,9.0,450.0,35.0,536.0,67.0,102.0,10.0,5.0,129.0,52.0,5.0,18.0,117.0,98.0,43.0,37.0,82.0,64.0,11.0,58.0,34.0,167.0,208.0,22.0,51.0,30.0,19.0,32.0,39.0,193.0,18.0,229.0,130.0,7.0,195.0,27.0,50.0,426.0,15.0,62.0,7.0,101.0,173.0,44.0,10.0,152.0,55.0,40.0,104.0,31.0,9.0
2024-11-09,115.0,13.0,515.0,61.0,635.0,145.0,82.0,20.0,11.0,419.0,89.0,22.0,35.0,232.0,185.0,49.0,62.0,126.0,76.0,36.0,99.0,217.0,628.0,203.0,38.0,153.0,18.0,32.0,47.0,55.0,186.0,91.0,423.0,200.0,15.0,399.0,63.0,77.0,899.0,29.0,77.0,30.0,121.0,347.0,43.0,21.0,126.0,97.0,62.0,158.0,61.0,9.0
2024-11-16,83.0,10.0,674.0,46.0,682.0,163.0,70.0,18.0,17.0,332.0,80.0,20.0,22.0,202.0,145.0,40.0,45.0,97.0,68.0,25.0,67.0,295.0,650.0,193.0,37.0,150.0,22.0,39.0,56.0,58.0,193.0,81.0,379.0,188.0,11.0,338.0,73.0,73.0,1018.0,21.0,69.0,36.0,159.0,231.0,47.0,11.0,104.0,83.0,64.0,149.0,48.0,25.0
2024-11-23,71.0,8.0,778.0,52.0,651.0,150.0,79.0,20.0,24.0,257.0,76.0,13.0,21.0,254.0,166.0,52.0,56.0,95.0,69.0,21.0,86.0,368.0,462.0,225.0,50.0,175.0,26.0,36.0,31.0,20.0,210.0,116.0,405.0,157.0,19.0,324.0,70.0,57.0,1027.0,30.0,72.0,31.0,98.0,257.0,64.0,21.0,116.0,89.0,150.0,148.0,31.0,24.0
2024-11-30,91.0,5.0,744.0,57.0,688.0,169.0,68.0,26.0,11.0,269.0,84.0,10.0,16.0,269.0,156.0,52.0,49.0,91.0,64.0,25.0,74.0,368.0,592.0,183.0,33.0,166.0,17.0,41.0,64.0,44.0,187.0,122.0,370.0,147.0,24.0,333.0,97.0,43.0,639.0,21.0,67.0,19.0,143.0,282.0,57.0,12.0,101.0,75.0,151.0,133.0,47.0,78.0
2024-12-07,98.0,17.0,829.0,50.0,722.0,180.0,93.0,24.0,14.0,278.0,110.0,15.0,29.0,299.0,255.0,85.0,76.0,120.0,76.0,20.0,71.0,440.0,581.0,267.0,53.0,133.0,30.0,74.0,38.0,67.0,187.0,119.0,436.0,169.0,15.0,377.0,126.0,48.0,627.0,40.0,75.0,23.0,133.0,362.0,61.0,19.0,117.0,53.0,89.0,181.0,42.0,103.0
