,01,02,04,05,06,08,09,10,11,12,13,15,16,17,18,19,20,21,22,23,24,25,26,27,28,29,30,31,32,33,34,35,36,37,38,39,40,41,42,44,45,46,47,48,49,50,51,53,54,55,56,72
2020-07-24,21.94,10.4,11.68,22.67,14.07,9.63,18.37,21.28,21.96,23.73,20.68,19.36,7.59,18.9,20.44,19.46,21.08,22.21,24.44,17.92,21.02,18.31,18.6,17.24,22.52,22.0,8.66,20.22,1.41,17.05,20.47,11.25,21.63,22.71,16.48,19.03,21.06,12.68,21.04,20.72,23.29,18.69,21.37,23.7,6.83,16.94,21.11,13.14,20.52,18.1,9.11,23.97
2020-07-31,21.9,9.88,12.55,22.27,14.19,12.44,17.59,20.49,21.36,23.61,21.04,19.25,6.94,18.61,19.33,19.06,20.86,21.46,24.01,17.87,20.25,17.42,17.2,17.21,22.93,21.3,7.84,19.89,-0.18,16.65,19.59,12.64,21.14,22.73,16.83,18.02,21.04,11.29,20.38,19.6,23.14,18.02,21.79,23.83,7.2,16.67,20.85,11.63,20.66,18.33,9.47,24.71
2020-08-07,20.5,11.0,9.65,18.54,15.41,9.83,17.12,20.05,21.33,24.4,20.08,18.79,6.67,13.78,15.1,13.53,15.96,17.68,22.25,16.1,20.6,17.19,14.95,13.25,19.96,15.83,9.97,15.63,-4.18,15.63,19.2,8.79,20.5,22.53,14.42,16.55,17.04,12.9,20.29,19.4,23.71,15.11,18.26,22.73,2.79,15.26,20.63,12.86,18.37,14.35,7.34,24.17
2020-08-14,21.52,9.7,8.22,22.03,14.4,2.41,17.83,21.7,22.72,24.21,20.63,19.33,3.41,17.0,18.52,19.64,20.18,20.13,23.44,17.32,21.97,17.89,15.87,18.03,22.11,21.2,4.48,20.84,-2.38,16.5,21.22,4.28,22.03,22.47,17.1,16.79,20.64,9.27,21.99,20.15,23.34,19.26,20.7,23.48,2.0,17.1,21.71,9.99,18.4,17.85,0.57,24.52
2020-08-21,19.42,9.94,10.24,17.94,18.27,7.79,13.96,17.13,18.92,23.91,19.6,18.83,6.77,13.74,15.78,14.36,16.11,17.61,22.29,13.81,17.91,14.19,13.71,14.84,20.75,16.52,5.68,15.93,5.76,12.65,16.14,6.2,17.34,20.75,16.74,14.26,17.64,13.9,17.06,16.06,22.27,15.78,18.7,21.28,5.75,13.36,18.18,13.45,17.67,14.97,5.27,24.78
2020-08-28,21.87,10.31,11.39,20.58,18.15,6.62,15.46,19.86,21.17,24.79,21.55,18.86,9.94,19.23,20.28,19.02,17.29,21.66,23.4,13.81,20.54,14.98,18.21,19.63,22.23,19.96,8.03,19.3,7.26,13.55,18.24,7.03,19.14,22.24,18.56,18.86,16.73,11.75,19.86,16.97,23.67,18.94,20.75,22.37,8.29,13.29,20.84,10.6,19.89,19.63,4.18,24.78
2020-09-04,22.5,8.19,14.86,23.02,14.99,5.71,14.83,19.09,20.59,24.48,22.0,18.35,3.53,13.26,17.22,11.39,18.52,20.05,24.39,14.01,20.13,15.35,14.51,10.49,23.17,18.04,3.34,12.01,-0.75,12.93,17.82,7.86,18.14,22.54,9.86,16.21,20.2,12.0,19.22,16.76,24.49,9.66,21.9,24.22,3.17,12.71,20.15,11.82,19.84,13.05,1.4,24.97
2020-09-11,18.29,4.88,4.21,19.84,16.69,1.44,15.11,17.51,18.67,23.78,17.45,18.68,-2.11,13.11,16.42,10.76,14.32,16.98,21.99,14.6,17.82,14.83,13.16,7.82,19.89,19.17,1.1,10.98,-2.82,13.11,16.89,3.17,17.89,19.01,5.04,15.75,15.76,6.47,17.37,16.65,22.12,7.77,16.76,22.72,-0.58,11.55,17.72,8.84,16.71,12.21,-1.33,24.36
2020-09-18,19.64,5.62,3.86,19.58,14.37,1.99,9.79,13.38,15.18,24.33,19.67,18.27,1.89,12.8,12.74,11.74,14.56,16.04,22.31,8.8,14.0,9.9,10.49,9.71,21.04,14.78,3.93,12.3,-1.74,7.54,12.24,2.26,13.32,18.08,8.69,12.01,15.76,13.05,13.37,11.28,22.45,10.04,18.93,22.03,-0.31,6.99,14.11,13.7,15.94,13.29,0.59,24.36
2020-09-25,13.16,5.92,4.48,14.48,16.01,1.29,4.02,6.69,8.42,23.03,12.59,19.18,3.03,8.71,7.03,11.86,14.46,10.27,20.41,3.93,7.14,4.33,7.39,11.48,16.75,10.13,1.78,13.34,1.83,2.68,4.96,2.12,5.9,11.3,10.59,8.13,14.59,13.41,6.06,4.92,14.21,11.93,12.18,19.38,4.41,4.37,7.42,12.98,9.25,10.44,0.22,23.64
2020-10-02,13.2,5.81,-1.14,11.13,16.21,-2.33,14.66,15.43,15.58,24.01,14.1,19.0,3.54,8.78,9.32,6.88,6.44,11.05,15.7,14.71,15.35,15.27,10.17,7.33,13.68,9.37,-2.98,5.86,-4.92,13.45,15.51,-3.2,15.86,16.0,4.97,11.25,6.94,12.21,15.67,16.47,17.92,4.25,10.96,14.19,0.56,12.49,14.59,12.04,11.78,9.43,-4.59,24.17
2020-10-09,12.01,3.24,-7.14,11.32,16.32,-5.13,6.21,7.79,8.87,23.74,12.45,19.69,0.29,4.56,5.91,6.06,9.23,8.19,17.19,6.66,8.09,6.53,5.1,3.49,14.36,8.57,-1.45,7.41,-7.63,4.76,7.17,-6.64,8.07,11.64,2.51,6.32,10.81,12.75,7.82,7.72,15.7,4.94,9.82,16.56,-0.8,5.05,7.54,12.57,8.42,4.72,-6.25,23.6
2020-10-16,15.35,0.73,-2.8,12.17,15.34,-5.88,8.58,11.97,13.55,23.58,16.4,20.04,1.54,5.91,8.86,4.08,6.57,10.94,19.15,7.22,12.55,9.31,6.95,2.71,15.85,7.72,-3.5,4.43,-1.9,6.01,11.02,-7.59,12.03,16.31,0.29,8.94,7.63,9.45,12.21,11.02,20.76,1.78,12.39,19.08,-0.96,5.21,12.28,8.68,12.27,5.56,-6.06,24.33
2020-10-23,13.59,-5.65,-3.42,15.48,15.79,-2.6,9.93,11.97,12.91,22.68,12.62,21.81,0.06,4.47,8.52,0.93,5.18,11.51,18.92,8.36,11.89,9.63,5.63,-2.36,15.07,7.25,-4.08,1.17,-4.96,7.33,12.04,-7.6,12.17,13.58,-4.75,8.44,9.54,7.77,12.04,10.91,16.61,-2.2,11.86,20.59,-1.68,6.88,11.78,7.75,9.97,2.37,-3.32,23.38
2020-10-30,16.06,-3.83,-2.69,7.11,7.11,-7.78,5.76,10.05,11.92,23.83,16.7,20.6,-5.99,-1.46,4.22,-4.53,-1.34,8.09,17.21,2.29,10.55,5.29,0.82,-6.45,14.48,2.48,-8.8,-4.77,-8.98,2.57,8.68,-3.35,9.17,15.69,-6.83,4.81,0.56,2.16,9.91,7.06,18.26,-6.48,11.1,12.09,-6.24,1.02,10.94,3.57,11.26,-3.19,-9.75,24.06
2020-11-06,4.44,-15.87,-2.74,4.96,13.15,-4.79,-0.05,2.06,3.18,20.71,3.67,19.99,-2.77,0.49,0.79,1.73,4.73,1.32,9.09,-1.34,2.08,0.37,0.01,-0.75,6.09,1.98,-3.47,1.78,-3.6,-2.7,1.61,-1.1,2.78,4.91,-0.3,0.59,4.62,7.6,1.92,1.51,9.25,-0.18,2.25,9.69,-0.48,-2.4,1.28,7.4,0.05,0.23,-4.64,22.92
2020-11-13,15.67,-4.08,0.2,10.99,5.33,-7.41,7.79,10.67,12.09,23.55,16.36,19.07,-2.44,6.71,6.79,4.1,5.67,8.35,18.37,7.87,11.18,9.3,5.41,1.75,15.92,7.68,-7.51,3.3,-5.02,6.01,10.41,-6.35,10.84,16.21,-4.22,6.61,7.24,2.89,11.31,10.0,20.21,-0.05,10.4,17.02,-3.52,5.87,10.67,1.15,9.2,6.36,-9.1,23.41
2020-11-20,1.33,-11.98,-2.21,4.36,8.07,-7.85,-2.94,-1.14,-0.32,19.61,0.85,18.9,1.28,-1.99,-1.42,-0.58,1.45,-1.47,10.05,-3.59,-1.69,-2.93,-2.53,-2.81,5.59,-0.22,-5.58,-0.58,-4.37,-4.68,-2.25,-6.83,-1.88,2.56,-5.14,-2.54,1.73,6.27,-1.55,-1.73,8.88,-1.23,-1.2,9.79,-2.39,-4.94,-1.33,5.61,-1.67,-2.55,-7.01,23.11
2020-11-27,7.97,-7.1,-1.9,7.79,8.54,-7.48,0.63,4.43,5.56,19.44,7.78,18.92,-3.77,1.44,4.25,-0.35,2.55,6.33,15.94,-0.88,4.43,1.94,0.9,-2.83,10.1,4.42,-10.23,-0.36,-6.86,-2.05,3.95,-3.17,5.83,8.35,-4.75,2.6,4.64,4.3,4.3,3.48,12.49,-2.71,5.71,15.18,-4.78,-1.56,4.62,4.85,5.84,0.69,-10.02,22.71
2020-12-04,2.11,-6.82,-9.84,-0.52,-1.71,-10.56,0.14,0.83,1.09,15.27,2.09,17.32,-6.31,-4.82,-3.63,-5.93,-3.46,-1.07,8.71,1.81,0.05,1.43,-3.17,-6.48,3.8,-3.12,-10.29,-5.83,-10.85,-0.3,1.01,-9.29,2.66,2.95,-7.07,-1.91,-2.46,1.32,1.01,2.32,6.53,-6.92,-0.93,7.02,-7.41,-0.12,0.04,2.44,0.67,-5.48,-13.68,21.1
2020-12-11,1.78,-9.7,-6.02,2.37,1.88,-11.32,-4.02,-3.14,-2.02,12.82,1.33,18.91,-6.52,-1.31,-1.59,-1.71,-1.56,-0.66,7.46,-3.69,-3.26,-3.6,-3.41,-2.36,3.6,0.31,-8.92,-2.21,-13.3,-5.17,-2.95,-9.86,-2.51,1.02,-4.41,-1.54,-1.33,2.66,-3.19,-2.48,4.42,-3.22,0.07,6.56,-6.92,-4.67,-2.69,4.89,-0.86,-2.0,-14.52,21.4
2020-12-18,3.97,-9.4,-5.72,-0.28,4.18,-9.75,-5.28,-1.2,0.26,19.07,3.93,18.43,-3.18,-5.02,-1.72,-7.33,-3.43,-0.22,8.06,-7.47,-0.86,-4.1,-3.94,-9.6,4.33,-2.72,-7.23,-6.76,-7.0,-7.78,-2.35,-8.83,-1.34,4.42,-9.68,-2.12,-2.28,4.28,-1.48,-3.0,7.92,-8.58,0.47,6.62,-5.65,-8.73,-0.35,3.95,0.71,-6.34,-10.23,22.49
2020-12-25,0.29,-6.53,-11.22,0.87,1.18,-9.11,-3.29,0.07,1.0,15.67,0.08,18.16,-3.23,-4.87,-3.06,-7.45,-3.85,-2.29,6.97,-3.02,0.14,-1.99,-2.96,-8.78,3.7,-4.5,-7.87,-7.39,-9.43,-4.68,-0.6,-11.22,-0.1,2.19,-12.13,-1.83,-2.04,4.31,0.02,-1.29,5.7,-10.1,-2.07,6.85,-6.1,-4.29,0.1,3.14,-0.74,-5.01,-9.46,22.41
2021-01-01,4.13,-8.16,-4.01,2.26,4.56,-8.82,-6.26,-5.13,-4.4,13.89,2.07,17.98,-3.44,-6.74,-4.43,-7.29,-3.58,-2.21,9.33,-5.9,-5.64,-5.96,-5.85,-10.21,7.4,-3.75,-9.1,-7.32,-8.05,-7.81,-5.63,-10.08,-4.91,-0.94,-11.37,-5.27,-1.66,2.98,-5.49,-4.83,4.94,-9.13,-0.03,11.02,-6.17,-7.68,-5.07,3.89,-2.38,-7.35,-10.03,20.64
2021-01-08,1.67,-11.9,-9.33,0.89,8.93,-9.03,-3.87,-0.97,0.25,14.1,2.83,17.51,-0.62,-2.71,-2.04,-5.39,-1.84,-0.47,5.92,-4.67,-0.64,-3.88,-2.18,-6.85,2.49,-1.58,-8.33,-4.16,-6.3,-5.62,-1.94,-11.05,-2.03,3.21,-6.08,-0.82,0.1,5.66,-1.28,-2.99,7.71,-5.11,-0.37,6.08,-5.02,-5.29,-0.32,5.27,0.79,-3.35,-9.52,19.85
2021-01-15,-1.47,-6.88,-10.95,-3.52,2.36,-9.88,-5.92,-4.48,-2.67,13.13,-0.75,17.91,-2.96,-3.6,-4.03,-3.83,-4.3,-3.81,1.85,-6.32,-4.61,-5.94,-3.78,-4.43,-0.94,-3.75,-7.9,-2.62,-8.58,-7.57,-4.89,-11.25,-4.22,0.5,-4.48,-3.62,-4.49,4.35,-4.17,-4.96,4.04,-2.83,-4.34,0.66,-7.17,-6.73,-4.48,4.76,-3.35,-3.89,-10.81,21.4
2021-01-22,0.35,-4.03,-5.13,-0.84,4.25,-8.95,-5.25,-4.66,-3.91,11.86,-1.25,17.48,-3.25,-6.31,-4.64,-6.83,-5.29,-2.37,6.17,-5.21,-4.86,-4.79,-5.09,-9.91,2.69,-3.41,-8.24,-5.36,-4.45,-6.02,-3.89,-7.94,-3.48,-1.8,-12.26,-3.98,-3.02,3.0,-3.76,-3.71,1.24,-6.96,-2.52,7.69,-5.76,-6.67,-4.71,3.15,-2.1,-7.11,-9.19,21.55
2021-01-29,3.69,-8.64,0.6,1.81,4.07,-7.84,-12.1,-9.34,-7.13,16.74,2.94,17.5,-3.98,-9.53,-6.01,-10.46,-3.26,-3.78,12.74,-9.85,-8.35,-10.7,-9.94,-14.72,7.42,-5.51,-9.75,-8.54,-1.32,-12.49,-10.89,-6.36,-10.74,-1.89,-15.52,-7.71,-0.66,1.36,-9.68,-10.6,6.26,-10.75,-1.07,9.48,-3.73,-13.24,-7.38,0.6,-3.87,-11.22,-9.95,20.42
2021-02-05,-1.11,-16.03,-0.02,0.8,7.53,-9.62,-9.18,-6.15,-5.28,10.33,-2.56,16.65,-2.24,-6.75,-4.99,-6.56,-0.79,-3.24,6.49,-9.28,-5.63,-7.52,-8.88,-8.23,2.48,-2.49,-7.83,-5.13,-3.62,-10.88,-6.65,-6.15,-6.58,-4.58,-9.44,-7.06,-0.53,4.58,-6.15,-6.9,1.48,-7.18,-3.13,7.34,-3.64,-12.08,-6.23,4.86,-4.22,-6.44,-10.79,21.03
2021-02-12,4.45,-14.86,-6.09,-1.09,8.56,-12.8,-11.42,-6.71,-4.29,21.09,5.41,13.6,-5.54,-18.73,-11.98,-21.81,-12.33,-6.69,11.75,-11.91,-5.64,-10.25,-14.38,-25.25,5.74,-12.84,-24.08,-20.2,-4.91,-13.36,-8.67,-12.16,-7.71,1.68,-28.24,-12.24,-6.76,-0.39,-6.82,-9.05,8.74,-22.66,-1.38,8.75,-3.52,-14.02,-5.09,-0.98,-3.97,-20.78,-14.07,20.72
2021-02-19,-2.16,-12.05,-6.67,-11.83,3.55,-15.87,-8.65,-5.55,-3.64,22.32,1.63,18.81,-3.1,-16.7,-12.66,-22.36,-18.01,-8.87,0.27,-10.05,-5.01,-7.58,-12.58,-23.77,-5.4,-17.33,-18.12,-21.56,-9.01,-10.77,-6.41,-8.24,-6.08,0.6,-25.54,-9.28,-16.37,-0.91,-5.6,-6.27,5.97,-24.03,-7.83,-4.83,-4.17,-14.07,-4.3,0.1,-3.28,-17.98,-16.56,20.54
2021-02-26,0.07,-13.54,-13.24,0.28,1.81,-8.51,-6.51,-5.14,-4.48,18.35,-0.18,17.29,-3.7,-5.13,-3.95,-4.41,-3.25,-3.23,8.38,-7.21,-5.82,-6.26,-6.43,-6.13,4.76,-2.7,-8.49,-3.61,-12.18,-8.2,-5.14,-9.28,-4.74,-1.25,-5.92,-5.74,-1.44,3.25,-4.75,-5.46,5.12,-4.73,-2.19,9.63,-6.62,-8.28,-5.09,3.3,-3.14,-5.56,-10.48,19.9
2021-03-05,7.38,-11.75,-10.9,4.63,1.93,-9.11,-8.13,-3.62,-1.9,18.33,4.86,15.91,-5.45,-3.26,-1.16,-2.4,-0.22,0.39,12.6,-7.87,-3.36,-8.0,-5.26,-5.41,9.28,0.48,-7.36,-1.57,-12.04,-9.27,-5.55,-13.11,-5.08,2.92,-7.74,-3.37,1.28,2.71,-3.94,-7.13,9.4,-2.44,3.13,11.72,-5.69,-9.9,-2.39,3.25,0.3,-4.85,-11.7,19.76
2021-03-12,1.21,-11.87,-5.79,6.12,6.82,-6.0,-7.3,-4.06,-2.75,13.63,-1.21,18.29,-4.15,0.37,-0.71,1.11,3.5,-0.35,9.8,-7.13,-4.52,-7.54,-2.83,-0.91,5.19,2.59,-5.67,1.44,-5.75,-8.48,-5.56,-10.14,-4.91,-2.21,-2.22,-2.79,5.58,2.13,-3.94,-6.85,1.9,-0.11,0.07,11.26,-4.53,-8.67,-3.76,1.07,-3.8,-0.33,-7.53,20.9
2021-03-19,12.37,-15.39,-3.88,9.07,5.99,-3.64,-10.18,-5.71,-2.9,18.52,9.89,17.41,-2.64,-2.8,-0.41,-1.02,5.14,2.55,16.07,-10.82,-4.52,-10.9,-6.65,-4.83,13.25,3.19,-5.5,0.97,-1.98,-11.86,-8.36,-8.6,-7.85,3.49,-3.93,-4.26,5.34,1.56,-5.78,-10.39,11.46,-2.77,8.69,13.26,-1.63,-12.05,-3.13,1.35,1.96,-3.4,-5.14,19.44
2021-03-26,8.51,-12.47,-6.12,6.9,4.98,-2.71,0.32,3.63,4.42,16.36,7.77,17.45,-2.26,1.45,2.89,2.98,4.47,4.57,13.94,-0.12,3.25,1.37,-0.11,0.53,9.82,3.98,-4.14,3.0,-5.99,-1.53,2.57,-7.0,3.24,8.32,-2.76,-0.33,4.46,3.16,3.88,2.68,11.4,0.1,5.49,10.38,-2.21,-2.1,3.14,3.22,1.67,0.66,-4.75,20.56
2021-04-02,6.44,-9.27,-7.56,3.27,6.25,-7.64,0.1,2.97,3.67,19.51,6.13,16.97,-6.14,-3.36,-0.92,-4.4,-0.97,0.19,12.28,0.18,3.39,0.62,-2.27,-6.08,7.25,-1.68,-9.47,-3.61,-11.3,-1.76,1.85,-9.69,1.92,7.2,-7.4,-1.44,-0.96,1.99,2.69,1.62,11.05,-5.89,1.88,10.95,-6.4,-2.8,3.02,1.74,0.95,-4.13,-9.87,21.25
2021-04-09,6.95,-12.17,-8.28,8.99,10.47,-5.7,-2.69,-0.36,2.3,12.56,4.8,14.75,-4.61,6.71,5.96,8.22,7.6,4.86,14.0,-0.02,0.98,-1.82,4.37,5.64,9.29,6.37,-3.76,7.75,-11.12,-2.77,-3.7,-9.32,-2.0,4.75,-0.79,3.28,7.84,1.8,-1.11,-1.75,6.41,2.8,5.08,14.52,-3.46,-2.18,1.99,1.96,3.09,6.5,-6.55,20.56
2021-04-16,9.42,-8.0,-6.96,8.14,9.71,-6.67,5.21,8.34,9.17,18.63,8.58,14.79,-7.39,2.9,4.58,0.26,0.69,6.0,16.23,4.02,8.67,4.73,4.52,1.51,10.6,4.05,-6.24,-0.38,-8.77,3.46,7.37,-9.4,7.3,10.12,-0.59,4.75,3.03,-1.36,7.98,5.11,12.66,-1.66,5.73,15.57,-4.57,4.62,9.24,-0.33,6.79,2.68,-8.16,19.32
2021-04-23,4.46,-2.19,-7.7,4.29,9.32,-4.55,-0.0,1.72,2.15,20.77,3.3,16.64,-5.67,-2.46,0.16,-3.29,0.66,1.99,10.39,0.94,1.62,1.02,-2.0,-4.25,5.72,1.55,-5.62,-1.98,-7.74,-0.93,0.18,-6.49,1.68,4.01,-4.78,-0.36,0.84,2.67,1.46,1.16,7.58,-4.36,2.65,9.12,-4.75,-1.14,1.72,4.11,1.38,-2.46,-6.9,21.49
2021-04-30,12.45,-2.31,-2.15,14.19,9.02,-0.9,2.58,7.26,7.71,20.46,12.27,17.54,2.64,4.67,8.39,5.69,10.71,10.4,18.76,2.52,6.86,1.98,4.43,1.13,14.74,10.67,0.33,6.31,-3.32,1.36,3.69,-5.4,4.29,10.62,-1.97,5.04,12.48,6.43,6.48,3.06,14.18,1.38,11.06,18.95,1.14,1.86,7.51,6.5,8.5,3.79,-1.29,21.17
2021-05-07,12.49,-1.69,-4.23,12.36,12.06,2.65,4.7,7.82,8.62,21.81,12.02,17.66,0.31,5.83,7.36,4.45,7.9,8.51,18.88,2.56,7.55,4.14,5.62,2.19,14.69,9.04,0.75,5.58,-5.4,1.83,5.11,-2.51,6.03,11.41,-1.04,6.41,10.45,6.2,6.9,5.38,15.66,1.11,10.4,17.77,0.27,2.35,8.42,6.73,8.13,5.72,1.33,21.76
2021-05-14,11.65,0.68,-8.44,9.63,12.26,2.33,1.96,3.19,3.54,21.89,9.92,17.13,-2.98,-1.15,1.78,0.94,6.94,3.33,17.99,3.01,3.54,2.4,0.71,-2.63,13.69,2.65,1.58,2.02,-8.11,0.74,2.59,-2.63,3.55,7.94,-3.21,1.26,9.32,6.45,2.98,2.64,12.3,0.13,5.92,18.39,-2.97,1.7,3.48,6.37,3.33,-0.91,0.25,22.56
2021-05-21,12.07,2.29,-1.33,16.56,10.72,7.2,6.17,8.39,9.05,18.5,11.47,16.25,1.44,11.44,12.02,15.37,16.28,12.08,18.7,7.88,8.07,6.91,8.52,13.21,15.54,13.19,2.71,15.74,-3.21,5.49,5.45,0.79,8.2,10.2,10.94,7.1,15.98,6.13,7.46,7.05,12.79,12.85,11.4,19.44,3.33,6.55,8.39,6.45,10.58,11.71,7.74,22.13
2021-05-28,16.27,2.21,-12.02,18.21,10.98,6.36,10.45,13.66,14.76,18.01,15.14,18.42,4.67,12.87,15.7,14.72,17.38,16.2,19.97,10.14,14.25,10.44,12.48,11.73,17.09,15.6,2.88,15.1,-4.56,9.77,11.52,-8.98,11.59,16.77,5.64,12.48,18.13,8.09,12.88,11.07,17.54,11.62,16.06,21.91,-0.6,9.44,15.09,8.32,16.4,12.48,2.86,23.02
2021-06-04,14.99,4.64,-2.93,14.13,12.78,8.17,10.06,12.44,13.14,21.94,13.9,18.34,2.88,5.83,10.38,8.33,13.16,12.41,20.05,9.84,12.55,10.56,8.41,7.85,15.8,10.82,2.15,9.52,-3.1,8.71,11.28,4.34,11.58,16.13,6.61,9.03,13.58,9.91,12.13,11.07,18.34,7.84,12.79,20.33,1.93,8.64,12.9,9.79,13.45,6.17,6.14,22.7
2021-06-11,20.55,5.44,-6.16,21.16,11.29,7.67,16.12,19.41,20.31,22.58,20.41,17.7,1.52,17.72,19.13,17.79,19.99,20.08,23.26,15.14,19.63,15.63,17.74,16.81,20.48,18.95,4.56,17.75,-3.27,14.72,17.64,-3.76,17.36,21.34,15.85,17.98,20.17,6.4,18.83,16.06,22.78,15.63,19.48,22.9,-0.2,14.09,19.45,6.34,19.69,17.78,5.45,23.48
2021-06-18,18.55,6.46,-4.25,20.11,14.68,8.78,11.21,13.52,13.49,23.32,16.99,17.43,5.33,12.82,13.67,13.12,17.48,15.78,21.9,11.06,13.33,11.72,12.72,10.78,19.0,16.27,1.18,15.32,-4.57,10.48,11.54,2.1,12.45,16.93,9.23,12.31,19.08,11.49,12.98,12.04,20.61,11.46,17.17,21.74,0.42,9.67,13.89,10.75,15.6,12.51,7.49,24.13
2021-06-25,19.0,7.91,9.39,19.14,14.56,8.87,14.13,15.88,16.1,24.0,18.69,17.69,6.76,14.5,15.51,15.01,17.83,15.94,23.64,13.95,15.65,14.95,14.01,11.16,20.22,15.94,5.15,15.84,2.67,12.52,14.71,5.45,15.53,18.28,9.0,14.17,17.95,12.62,15.55,15.77,20.63,11.02,16.53,23.7,3.63,12.39,15.67,12.17,16.24,13.57,7.15,23.79
2021-07-02,20.71,7.88,9.82,21.54,15.83,11.66,20.08,21.37,21.02,23.48,19.82,17.85,7.54,18.84,19.6,18.41,20.35,20.08,23.02,19.24,20.79,20.1,19.44,15.92,20.83,20.55,5.49,18.59,4.75,19.06,20.81,10.52,20.87,21.85,14.25,18.94,20.85,15.53,21.22,20.83,22.39,15.09,19.74,23.15,6.71,18.7,20.47,15.55,19.23,17.62,9.36,23.72
2021-07-09,19.03,7.05,17.06,18.61,15.7,11.51,16.88,19.26,18.72,24.33,18.57,18.46,5.14,16.92,17.87,17.95,18.18,18.89,23.75,14.49,18.61,16.3,18.02,15.56,20.16,17.83,9.47,18.38,4.2,15.12,18.64,12.89,19.37,19.52,14.22,17.03,18.75,12.74,19.43,17.25,20.76,16.81,17.61,23.01,6.96,15.26,18.57,12.59,18.94,16.4,9.66,23.83
2021-07-16,20.71,8.17,18.04,20.59,17.13,9.3,18.91,21.6,20.79,23.39,20.62,18.63,2.9,17.97,19.5,17.83,18.45,20.67,23.59,17.56,20.67,18.4,17.99,14.67,21.11,19.79,6.0,18.28,11.98,17.9,20.96,12.26,21.56,22.71,13.6,18.33,19.13,11.87,21.78,20.08,22.56,15.98,20.26,23.21,5.4,17.1,20.33,12.21,20.19,17.02,8.58,23.86
2021-07-23,21.8,11.6,18.45,21.57,16.95,11.14,17.55,18.27,17.2,24.16,20.91,18.75,6.51,17.6,17.86,18.12,18.64,18.24,23.88,16.81,17.33,17.35,15.59,17.14,21.71,19.42,6.48,18.47,14.12,16.11,17.57,12.71,18.75,21.37,17.49,15.75,19.02,10.32,18.0,19.33,22.95,17.4,19.49,23.02,10.4,15.9,17.08,10.46,17.99,16.36,9.4,24.34
2021-07-30,23.06,9.52,18.15,23.63,16.34,11.1,16.49,19.16,19.13,23.95,22.03,19.43,7.19,18.6,19.71,20.46,21.85,20.36,24.19,15.94,18.41,16.22,17.82,17.5,23.45,21.24,2.68,21.71,14.75,15.15,17.4,12.48,18.36,22.07,14.84,17.56,20.64,13.13,18.19,17.28,23.32,18.76,21.52,22.56,10.58,14.8,18.63,11.84,19.22,17.35,8.68,24.38
2021-08-06,20.6,10.84,16.93,19.76,15.51,10.52,13.72,14.88,15.86,24.37,19.43,17.66,12.82,14.02,13.06,16.06,16.91,15.05,22.57,14.02,15.48,14.14,13.8,13.87,20.79,15.94,8.41,16.91,8.63,13.02,14.22,11.06,15.1,19.01,12.44,12.56,17.48,14.52,14.48,15.33,22.56,14.93,16.72,22.63,11.38,12.9,15.21,13.41,16.55,14.3,8.68,24.2
2021-08-13,21.75,9.75,18.41,21.43,16.08,5.21,19.81,20.69,20.87,24.29,20.59,18.32,6.43,20.48,20.72,20.73,20.82,21.06,23.55,19.71,20.83,19.99,20.25,16.05,21.51,21.33,5.79,21.28,5.87,19.61,20.03,7.47,20.99,22.16,12.51,19.96,20.4,13.81,20.48,20.99,23.37,16.62,20.75,23.42,4.44,20.04,20.0,12.75,20.2,19.57,2.81,24.09
2021-08-20,21.64,8.45,19.34,21.54,16.87,7.94,17.75,20.66,21.36,24.47,21.29,19.02,5.79,16.29,17.94,16.44,19.94,20.51,23.77,17.65,21.02,18.18,15.77,15.24,22.35,18.26,5.33,18.5,10.51,17.19,18.85,11.21,19.64,23.41,16.58,17.41,20.54,13.03,19.91,19.09,24.08,17.21,20.97,23.13,6.63,16.86,21.33,12.9,21.32,16.28,6.15,24.08
2021-08-27,22.08,8.43,15.29,22.63,15.45,7.56,21.04,21.75,21.32,24.14,21.76,18.9,3.02,20.63,20.4,19.59,19.86,20.87,23.82,19.8,21.15,20.76,20.39,16.2,22.75,21.43,6.29,20.44,-0.52,20.06,20.86,8.3,21.88,22.48,13.18,19.52,20.06,10.42,21.56,22.25,23.65,16.94,20.95,22.64,4.75,19.39,20.9,9.99,21.11,20.67,5.47,23.77
2021-09-03,20.76,6.71,17.05,20.22,15.6,6.93,15.87,18.7,18.9,23.92,20.06,18.27,0.26,16.94,17.22,17.45,20.29,18.51,23.17,14.26,18.66,15.2,15.87,15.21,21.63,18.81,4.64,18.68,7.02,13.93,16.94,12.01,17.81,19.7,14.19,16.82,19.79,8.83,18.37,16.6,21.71,16.31,18.8,23.09,7.13,14.17,18.91,8.98,18.08,16.92,5.94,23.26
2021-09-10,17.82,9.03,15.64,15.87,16.28,1.63,15.48,16.22,16.17,23.89,17.59,17.98,0.51,12.91,13.87,13.89,16.32,15.06,21.48,14.97,15.98,15.3,12.96,11.89,18.89,15.25,2.95,15.21,2.42,14.01,15.21,9.19,16.56,17.03,9.92,13.04,15.46,11.91,15.92,16.56,20.22,12.2,14.94,19.9,0.65,14.31,15.74,11.74,15.85,13.0,-1.7,23.8
2021-09-17,19.94,5.29,10.02,18.36,14.4,3.96,15.75,18.62,18.62,23.8,18.41,18.64,1.93,15.37,16.82,16.13,16.58,18.88,22.44,14.09,18.34,15.41,16.05,11.56,20.35,16.49,3.31,17.09,-0.0,13.98,17.14,1.4,18.1,19.07,8.58,15.96,15.21,8.26,18.36,16.8,20.11,13.22,17.94,19.97,7.22,13.32,18.31,9.71,17.75,15.12,2.86,24.06
2021-09-24,17.79,-1.21,11.46,15.99,14.78,-0.63,16.09,16.49,16.89,24.09,17.56,18.28,1.93,13.18,14.63,10.94,11.64,16.86,19.57,15.39,16.46,16.44,13.5,10.06,17.82,14.71,-0.44,11.56,-0.44,14.99,16.21,3.44,17.15,18.7,7.64,14.29,10.07,11.34,16.25,17.25,20.4,9.63,15.67,18.36,2.47,13.67,16.56,10.87,16.22,11.94,-1.82,23.59
2021-10-01,16.16,-3.22,11.82,17.11,13.67,1.29,9.95,10.61,10.72,21.77,14.91,18.99,-0.05,11.02,12.22,13.02,12.37,14.12,19.69,11.06,10.49,10.61,9.66,11.08,17.47,13.97,-3.19,13.5,1.76,9.29,9.02,8.04,10.11,14.44,9.38,9.18,13.13,10.69,9.83,11.37,16.73,12.44,14.71,19.64,1.38,9.09,10.69,10.14,12.35,11.36,-0.28,23.56
2021-10-08,19.05,-0.98,6.94,17.18,15.17,-0.49,12.56,16.3,17.14,22.64,19.07,18.14,0.37,17.05,17.1,13.98,12.38,17.98,21.41,10.69,16.5,11.91,16.38,14.4,18.17,16.85,-3.23,13.44,3.79,10.69,14.59,5.33,15.38,18.77,10.39,15.84,11.41,8.53,16.01,12.71,20.73,11.8,17.15,17.95,4.98,12.17,16.47,7.4,17.06,16.96,-1.89,23.02
2021-10-15,18.55,0.26,-1.51,17.96,7.58,-1.56,13.64,16.18,16.37,22.49,17.12,18.59,-1.32,14.88,16.76,9.49,10.52,18.1,21.14,12.38,16.39,13.79,15.83,9.94,19.51,15.4,-1.06,8.82,-2.29,11.77,14.98,-2.75,15.33,17.48,7.87,15.61,12.73,6.32,15.99,14.11,18.07,6.89,16.72,21.11,1.55,12.99,15.9,5.99,16.6,14.63,-2.33,23.87
2021-10-22,11.36,-1.49,2.28,8.37,9.97,-5.9,9.52,9.27,8.56,20.42,9.86,17.37,-0.47,5.38,7.33,4.29,5.78,8.59,15.83,9.15,8.47,9.07,6.42,3.52,10.86,6.81,-0.19,4.45,-4.18,7.69,8.66,-5.02,9.83,10.4,1.08,7.26,6.06,8.17,8.98,10.24,12.14,3.61,7.78,14.2,1.89,8.77,8.06,7.73,8.71,5.2,-3.64,23.48
2021-10-29,11.25,-3.04,0.61,12.22,11.62,-4.02,6.51,10.71,10.36,23.74,9.96,18.32,5.59,5.71,8.1,4.84,9.42,9.45,17.38,4.09,10.84,6.18,6.02,1.69,13.11,8.33,-0.93,5.78,1.97,2.83,9.01,-3.23,9.62,11.87,0.92,7.54,9.36,9.06,10.36,7.44,13.86,3.13,8.44,15.55,3.41,3.09,10.15,7.67,8.7,4.74,-2.84,21.56
2021-11-05,8.89,0.22,-1.89,4.17,12.8,-1.97,3.2,4.14,4.1,19.75,7.17,19.08,5.17,-0.28,1.1,-0.92,2.57,3.04,11.43,2.75,4.19,3.31,1.01,-1.35,7.64,0.97,-2.8,1.32,1.33,1.62,3.74,-2.02,4.03,6.36,-1.98,1.44,3.7,4.12,4.04,4.45,8.58,-1.44,2.65,9.14,5.69,2.69,3.68,4.68,3.6,-1.78,-1.15,22.21
2021-11-12,7.29,-7.79,-1.49,6.06,11.15,-6.67,1.06,4.33,5.2,17.9,4.9,17.8,0.93,4.42,3.37,3.97,5.79,4.35,11.26,1.42,4.42,2.47,3.22,1.59,7.51,3.76,-7.16,3.21,-1.27,0.03,3.72,-5.8,4.56,6.49,-0.14,2.19,6.57,6.51,4.21,2.65,8.37,1.44,4.21,11.92,3.05,1.12,3.98,5.1,2.58,3.77,-5.29,22.22
2021-11-19,5.7,-17.94,-5.72,4.48,9.83,-7.58,1.07,1.16,0.64,18.84,3.65,19.59,0.36,-1.47,-0.29,-3.3,-0.92,1.42,10.23,1.51,0.7,1.96,-0.39,-4.9,6.38,-0.21,-8.78,-2.75,-3.59,0.01,1.6,-7.56,2.35,2.72,-5.28,-0.44,-0.31,6.06,1.44,2.52,7.31,-4.35,1.74,10.61,-0.4,0.29,0.13,4.5,0.8,-3.33,-7.62,22.18
2021-11-26,1.84,-19.0,-0.26,2.92,2.71,-9.41,-3.62,-1.77,-2.48,17.4,0.35,17.96,-1.86,-5.56,-3.76,-6.62,-1.64,-1.97,10.91,-3.39,-2.75,-3.36,-3.62,-8.83,5.0,-3.85,-6.91,-5.05,-9.99,-4.85,-2.29,-5.31,-1.58,-0.75,-9.84,-4.09,-0.67,3.9,-1.59,-2.47,3.81,-6.98,-2.51,10.79,-2.44,-4.63,-3.51,3.94,-2.41,-7.14,-10.81,21.53
2021-12-03,3.23,-17.1,-0.12,4.94,9.33,-5.95,-4.13,-1.97,-2.14,13.66,0.37,18.1,0.87,-3.47,-1.61,-1.68,0.63,0.25,8.88,-5.16,-2.31,-4.43,-2.04,-4.15,5.39,0.09,-1.48,0.21,-8.57,-5.98,-2.63,-6.4,-2.2,-1.16,-4.19,-1.72,1.11,8.84,-2.15,-3.43,2.51,-1.32,-0.53,11.06,-0.91,-5.94,-2.81,8.17,-0.7,-4.55,-6.04,21.91
2021-12-10,9.71,-11.1,-0.7,6.9,10.18,-9.02,-4.0,-1.95,-2.22,19.84,8.08,17.51,-1.44,-6.69,-2.64,-7.05,-1.64,0.71,17.09,-6.73,-2.39,-4.03,-4.63,-9.94,11.46,-1.18,-8.5,-6.07,-1.97,-6.33,-2.45,-4.98,-1.83,2.93,-11.75,-3.67,0.52,3.75,-2.36,-2.42,10.5,-8.17,2.82,16.83,-1.98,-6.75,-2.86,2.72,0.56,-7.41,-8.9,21.83
2021-12-17,9.29,-19.16,2.73,8.26,5.18,-12.44,-2.03,1.36,2.15,20.54,6.17,18.34,-2.74,0.74,1.48,-2.22,-0.98,2.86,15.55,-3.34,0.95,-1.7,0.64,-5.12,10.74,2.37,-9.24,-2.32,-6.25,-4.44,-0.34,-10.28,0.86,5.1,-8.15,-0.4,0.83,2.44,1.38,-0.48,10.77,-5.64,4.7,14.1,-6.22,-2.13,0.71,1.39,1.38,-0.57,-12.96,21.55
2021-12-24,5.72,-9.73,-0.74,3.67,6.6,-13.73,-6.48,-3.6,-3.38,18.32,3.47,16.86,-2.02,-3.97,-2.33,-6.3,-3.83,-0.55,9.95,-8.14,-3.92,-7.01,-4.48,-10.36,6.03,-1.59,-8.86,-6.37,-3.49,-8.79,-4.6,-12.0,-3.96,2.79,-13.26,-4.18,-1.59,2.37,-3.75,-5.75,6.92,-8.48,0.59,9.68,-4.47,-9.04,-4.19,2.17,-1.14,-6.56,-14.81,21.2
2021-12-31,17.65,-7.86,5.46,14.23,7.78,-11.61,-0.36,4.21,4.56,19.05,15.15,17.36,-5.9,-0.72,5.7,-5.15,-2.71,10.04,19.32,-3.02,4.43,-0.61,0.29,-12.41,17.36,5.25,-18.52,-6.8,-0.91,-2.12,2.64,-3.95,2.77,12.64,-21.55,2.6,0.14,-1.87,3.84,0.42,14.59,-12.48,12.28,18.75,-5.06,-3.42,4.52,-5.14,9.26,-3.4,-11.16,20.37
2022-01-07,6.79,-21.59,-2.08,-2.3,5.24,-11.88,-2.79,-0.89,0.55,18.54,5.4,19.1,-6.32,-11.03,-6.13,-16.98,-11.39,-2.18,9.84,-4.9,-0.02,-2.52,-8.22,-19.94,5.01,-9.39,-18.13,-16.7,-8.05,-5.98,-1.73,-7.49,-1.17,5.36,-25.91,-6.02,-8.5,0.51,-0.73,-1.03,8.86,-19.25,-0.82,5.98,-5.86,-7.7,0.3,0.25,-0.66,-12.09,-12.98,19.83
2022-01-14,-0.09,-11.55,-1.47,-0.44,3.4,-7.12,-11.01,-8.17,-7.57,17.75,-2.98,17.77,-5.11,-9.2,-7.05,-8.28,-5.01,-5.38,6.44,-11.98,-7.83,-9.68,-8.9,-13.16,1.69,-5.37,-8.88,-7.74,-6.13,-12.9,-9.1,-6.54,-8.07,-5.56,-16.21,-8.02,-3.68,2.46,-8.52,-8.67,1.49,-10.1,-4.92,7.04,-3.82,-13.73,-8.04,4.74,-6.35,-11.31,-8.68,19.8
2022-01-21,1.67,-7.77,-0.78,-2.64,8.89,-9.03,-12.8,-9.02,-8.0,13.92,-0.19,17.94,-3.6,-10.73,-8.38,-12.56,-9.45,-5.32,5.29,-13.7,-8.26,-12.02,-11.52,-15.98,0.94,-6.88,-8.54,-11.22,-3.75,-15.27,-9.89,-7.77,-8.89,-3.57,-17.0,-8.77,-9.15,4.05,-9.3,-11.15,2.5,-13.08,-2.92,3.2,-3.18,-17.88,-8.26,5.06,-5.06,-12.39,-10.37,20.41
2022-01-28,-4.13,-5.02,-3.55,-6.37,2.6,-8.65,-12.44,-9.92,-9.68,15.1,-3.44,16.64,-5.81,-14.52,-11.32,-14.14,-8.84,-8.83,0.45,-14.61,-9.87,-12.24,-13.31,-18.82,-3.79,-9.19,-7.64,-11.12,-9.24,-15.61,-11.11,-7.61,-10.0,-5.57,-20.99,-12.12,-8.36,-0.78,-10.49,-11.12,-1.52,-13.92,-9.12,1.19,-5.65,-17.75,-10.33,1.04,-7.7,-16.55,-10.39,19.22
2022-02-04,0.1,-11.36,-9.05,-1.81,1.2,-12.2,-9.13,-5.33,-4.3,9.66,-0.92,16.06,-9.31,-10.1,-7.54,-13.58,-8.73,-4.25,7.17,-9.63,-4.62,-7.2,-9.83,-17.19,2.09,-6.44,-15.05,-12.86,-13.83,-10.15,-6.02,-10.63,-5.76,-1.51,-19.39,-9.0,-5.76,1.32,-5.21,-6.8,3.62,-15.25,-4.41,5.44,-8.72,-13.45,-4.87,0.99,-4.53,-12.29,-16.14,20.32
2022-02-11,-2.65,-9.01,-10.85,-3.33,1.26,-7.64,-6.73,-4.64,-5.18,17.67,-3.63,16.48,-4.79,-7.63,-7.37,-7.16,-5.15,-5.09,1.0,-6.37,-5.4,-5.43,-7.51,-11.14,-3.16,-2.98,-7.13,-6.94,-8.41,-8.22,-5.83,-8.81,-4.29,-2.21,-13.0,-6.77,-4.32,3.53,-5.24,-4.77,2.38,-8.0,-6.06,-0.09,-5.06,-8.89,-6.67,4.44,-5.23,-8.39,-9.31,20.05
2022-02-18,1.06,-3.56,-8.05,-1.55,3.95,-8.15,-6.52,-3.45,-3.1,17.48,1.14,15.9,-3.73,-9.74,-6.17,-11.77,-6.56,-3.74,7.36,-7.94,-3.19,-5.09,-8.91,-17.44,2.79,-3.5,-8.2,-11.6,-9.5,-8.32,-5.61,-10.29,-4.38,1.98,-20.57,-7.37,-3.52,2.33,-3.95,-4.45,7.09,-14.52,-3.49,5.63,-4.71,-11.04,-3.39,3.27,-3.21,-11.9,-11.02,20.5
2022-02-25,6.79,-3.57,-4.42,1.19,2.99,-14.0,-6.88,-2.52,-2.16,19.16,6.8,17.19,-7.74,-7.01,-3.42,-11.06,-8.98,-1.29,14.0,-9.52,-2.06,-6.14,-6.54,-16.44,8.24,-4.17,-17.36,-13.42,-8.83,-9.29,-5.02,-11.39,-4.27,3.91,-22.15,-4.6,-5.63,-3.31,-2.91,-5.91,10.55,-17.59,-0.09,7.7,-8.66,-10.13,-2.94,-3.07,-1.26,-8.9,-16.39,19.62
2022-03-04,1.86,-5.29,-5.7,-0.85,3.24,-7.97,-10.9,-6.52,-4.75,17.99,1.77,17.08,-3.29,-5.26,-3.81,-5.77,-6.43,-2.79,6.0,-13.53,-5.75,-11.14,-7.43,-10.35,1.52,-3.74,-4.97,-7.32,-11.38,-13.81,-9.66,-12.43,-8.35,1.1,-13.33,-5.43,-3.59,4.83,-7.41,-9.31,6.79,-6.19,-2.04,4.18,-6.1,-13.9,-4.93,4.93,-3.89,-7.02,-9.89,21.67
2022-03-11,8.56,-5.22,-8.21,4.77,4.54,-11.5,-2.67,2.26,3.48,20.83,9.72,16.85,-7.52,-4.28,-0.73,-6.04,-3.79,3.15,14.8,-3.91,2.64,-2.26,-3.62,-10.48,9.31,-0.74,-12.29,-7.39,-9.2,-5.01,-0.56,-9.74,0.1,8.96,-13.79,-1.59,-2.48,0.98,1.78,-1.2,14.88,-10.76,3.99,9.88,-5.56,-4.98,3.06,-0.0,2.97,-6.34,-14.52,21.79
2022-03-18,3.26,-8.28,-10.6,3.91,8.07,-6.07,-0.93,1.01,1.17,18.94,2.71,17.18,-2.58,-2.03,-1.36,-2.52,-1.23,-0.42,8.71,-1.29,0.52,-0.44,-1.8,-5.05,4.56,0.24,-5.59,-3.76,-9.08,-1.79,0.22,-10.14,1.48,3.31,-6.99,-2.22,-0.26,4.25,0.96,0.77,7.06,-4.2,0.15,7.07,-2.66,-1.96,-0.04,3.77,-0.96,-3.74,-6.98,21.03
2022-03-25,5.03,-7.28,-8.52,3.79,10.02,-6.3,0.18,3.83,5.05,20.09,4.92,17.65,-1.96,3.83,4.22,1.33,0.47,4.44,8.49,-0.79,4.54,-0.04,3.34,-0.94,4.78,3.4,-5.33,-0.27,-7.36,-1.69,0.5,-7.02,1.04,8.41,-1.09,3.52,-0.49,5.51,3.18,0.98,11.15,-1.84,2.58,5.96,-2.79,-0.77,4.23,5.46,3.67,1.55,-7.02,20.94
2022-04-01,3.6,-3.6,-3.34,3.72,10.77,-4.01,-4.89,-3.17,-3.07,15.39,1.63,17.33,-0.41,-5.02,-3.54,-5.76,0.64,-2.75,13.09,-4.18,-2.97,-3.82,-3.83,-10.63,7.59,-2.25,-4.06,-5.55,-2.76,-5.96,-4.89,-5.65,-4.27,0.05,-9.28,-3.9,3.22,5.87,-4.25,-4.13,5.49,-7.68,-1.03,11.05,-1.76,-5.24,-3.23,5.24,-3.79,-6.94,-5.79,20.85
2022-04-08,6.41,-4.3,-5.39,5.38,10.17,-8.64,0.41,2.91,3.22,21.93,5.07,16.33,-5.88,1.86,2.05,0.26,1.25,3.78,12.76,-2.03,3.32,-0.1,2.04,-1.33,8.4,2.44,-7.69,-0.91,-6.64,-2.89,1.6,-10.72,2.41,6.85,-1.98,1.68,4.09,2.96,2.74,1.21,11.55,-2.02,2.76,11.19,-6.07,-2.17,3.07,2.6,3.39,0.97,-10.28,21.02
2022-04-15,8.01,-7.65,-9.7,9.1,7.21,-10.56,1.71,4.93,4.71,15.84,6.06,17.05,-3.67,1.2,4.55,-2.61,0.66,5.72,15.04,2.0,4.45,2.44,3.39,-4.4,10.8,4.58,-10.01,-4.28,-11.76,0.98,2.3,-12.4,4.04,6.03,-2.97,3.38,4.63,1.09,4.74,2.81,9.64,-5.33,5.53,14.66,-6.37,2.01,4.38,0.49,4.35,-0.43,-10.88,21.11
2022-04-22,9.5,-5.21,-10.12,10.01,10.61,-4.78,-1.03,1.52,1.68,19.69,9.1,16.84,-1.59,0.01,1.97,-0.43,4.88,4.17,16.5,0.16,1.02,0.32,0.04,-3.6,13.4,3.17,-4.18,-1.14,-4.42,-1.65,-0.42,-10.74,1.09,6.58,-4.45,-0.62,8.61,3.19,1.13,0.81,11.99,-3.86,4.66,18.07,0.17,-0.95,0.98,2.37,1.56,-1.88,-5.36,20.88
2022-04-29,10.84,-0.53,-9.31,10.86,8.53,-6.3,-3.0,2.44,4.47,18.91,9.75,17.35,-1.59,3.6,6.02,4.32,6.94,7.24,15.6,-1.02,4.29,-0.89,3.65,-0.49,12.4,7.3,0.33,4.25,-8.16,-3.31,-1.27,-8.68,-0.69,9.91,-1.17,2.9,9.67,5.16,1.18,-1.18,13.14,1.32,8.01,17.11,-1.44,-2.72,4.1,4.19,5.53,1.67,-5.52,18.6
2022-05-06,17.37,-0.6,-7.09,14.14,11.96,0.46,2.73,7.69,9.28,21.0,16.08,17.8,3.05,6.14,10.25,6.75,8.34,11.91,20.49,2.84,8.52,3.52,6.06,3.27,17.56,9.95,3.1,6.41,-5.43,1.82,5.39,-11.63,6.3,16.05,3.06,6.38,10.72,6.91,6.72,4.63,17.63,5.02,12.96,20.82,1.09,2.59,9.37,6.29,11.87,3.7,-0.63,22.51
2022-05-13,13.63,-2.29,-8.98,18.25,7.55,-1.44,1.55,5.58,7.5,19.62,11.17,17.06,0.26,11.36,11.48,14.71,18.41,13.41,20.54,2.7,6.78,4.5,4.66,9.45,18.17,15.8,-0.26,13.52,-7.41,0.09,3.66,-11.44,3.59,9.86,9.39,4.13,19.69,3.83,5.36,4.28,11.56,11.2,13.3,21.1,-2.86,0.78,7.34,3.49,8.95,8.87,-0.68,22.25
2022-05-20,15.73,-0.19,-8.54,17.66,11.94,-0.56,11.91,13.93,13.96,22.38,14.9,19.23,2.74,10.37,13.1,10.58,15.21,14.88,21.31,9.43,14.17,11.08,11.9,7.14,18.98,14.51,1.5,11.1,-6.02,10.61,12.37,-10.02,12.12,16.58,5.68,11.53,17.67,6.83,13.69,11.17,18.7,6.6,13.59,20.28,1.83,11.14,13.98,5.92,14.26,8.97,-1.91,22.7
2022-05-27,18.59,1.9,-1.6,15.11,12.48,0.9,11.88,14.79,15.07,22.67,18.12,17.6,1.04,9.41,12.61,5.59,8.17,15.24,21.33,9.48,15.24,10.83,11.83,3.12,19.1,12.19,1.31,5.71,-6.59,10.26,12.94,-3.95,13.06,18.97,2.52,13.02,10.03,8.32,14.1,12.27,20.84,3.84,15.46,19.15,-2.84,10.72,15.19,7.89,15.78,7.9,-1.29,22.57
2022-06-03,17.6,3.87,-3.98,17.68,13.04,3.64,14.51,17.32,16.97,22.45,16.81,18.95,6.21,12.25,13.97,11.71,15.26,16.12,20.65,10.75,17.22,12.81,13.51,9.73,19.02,14.84,5.43,11.9,-4.32,11.81,15.97,-3.86,16.21,18.75,8.45,13.79,17.37,9.78,16.85,13.49,20.63,10.52,15.26,20.85,3.91,13.16,17.0,9.13,16.92,11.36,2.03,22.74
2022-06-10,18.56,7.44,2.98,18.16,15.06,7.49,10.37,12.72,12.9,23.3,16.97,17.64,8.14,10.32,12.0,13.99,16.77,15.09,22.57,11.37,12.56,10.87,11.14,7.94,20.29,14.76,9.31,15.17,3.4,10.17,10.57,-0.29,13.06,15.58,3.31,10.84,19.49,10.87,11.63,12.22,20.48,13.02,14.63,21.59,5.44,9.72,13.14,10.28,14.62,10.42,4.3,22.88
2022-06-17,21.34,6.09,1.79,22.64,15.38,4.02,13.66,17.74,18.62,23.68,20.48,18.68,5.12,16.25,20.55,19.0,20.9,21.3,23.91,13.21,18.58,12.44,15.94,15.03,22.56,21.66,7.61,18.86,-2.64,12.41,14.67,-1.5,15.76,20.33,13.49,17.13,21.05,9.01,16.58,14.06,22.74,15.13,19.59,22.05,2.62,12.98,19.13,8.55,21.01,15.32,-0.27,23.56
2022-06-24,18.6,7.78,12.27,20.37,13.98,2.83,10.69,12.0,11.47,22.05,15.7,18.37,3.27,11.14,11.02,16.64,20.78,13.61,23.43,10.13,11.85,10.66,11.92,14.59,20.82,15.11,8.91,19.21,-1.72,9.53,10.57,12.65,11.3,14.82,14.49,10.85,20.4,9.77,11.35,11.85,18.05,16.86,13.3,20.99,1.81,9.94,12.57,9.18,14.56,12.33,1.79,23.04
2022-07-01,21.22,9.66,14.33,18.02,15.75,6.76,14.71,17.15,17.27,22.96,20.03,18.24,1.68,12.69,12.93,14.49,15.09,14.99,23.94,14.42,16.88,14.98,13.27,11.79,21.61,14.71,6.94,14.5,4.18,13.36,15.41,11.61,17.32,19.18,10.94,12.29,15.44,10.45,17.13,15.99,21.32,11.65,15.4,20.67,5.52,14.13,17.2,10.2,16.96,13.22,5.17,23.46
2022-07-08,22.23,10.26,11.78,22.82,14.95,10.57,15.01,19.14,19.42,23.45,22.29,19.05,6.54,17.21,18.63,19.91,20.56,21.26,24.86,13.13,19.29,14.21,16.21,17.84,23.78,21.67,13.42,20.55,0.77,13.51,15.63,10.6,16.94,22.14,15.77,15.8,19.02,12.5,18.65,15.82,23.68,19.46,21.6,22.77,0.75,12.88,19.5,11.87,20.96,16.79,10.01,23.84
2022-07-15,21.64,10.41,13.19,20.71,15.2,8.3,13.91,18.31,18.04,23.53,20.91,19.54,6.17,15.11,15.64,18.37,16.86,18.64,24.72,13.37,17.85,14.34,13.38,16.52,23.11,17.9,11.45,19.1,4.96,12.01,15.5,10.41,16.95,21.48,16.34,14.02,17.51,12.12,17.97,15.72,23.1,17.69,18.73,23.25,6.96,11.99,18.02,11.04,19.23,15.17,7.44,24.41
2022-07-22,21.57,9.98,15.95,21.73,16.56,8.89,19.38,21.42,20.68,23.77,20.93,19.47,1.69,17.97,19.59,18.19,16.65,20.32,24.15,17.53,20.84,18.76,18.53,16.5,23.16,19.94,6.22,19.06,9.98,18.04,19.54,7.48,20.63,22.39,17.98,18.53,17.75,12.4,20.96,20.12,23.11,17.62,20.03,23.06,10.29,17.37,21.2,11.44,21.24,17.69,4.45,24.49
2022-07-29,22.16,7.88,18.25,22.27,16.1,12.33,17.71,20.91,20.74,23.42,21.32,18.63,4.37,16.49,18.76,16.37,18.24,21.81,24.37,16.38,20.64,16.79,16.17,13.68,22.83,19.74,10.02,17.29,14.26,16.41,17.91,12.52,19.76,23.44,12.93,17.52,17.95,14.9,20.4,18.56,23.54,15.41,21.05,23.45,7.83,15.89,21.12,14.21,21.98,15.82,10.99,23.82
2022-08-05,22.01,11.79,18.68,22.94,17.14,9.48,17.63,19.7,19.48,23.32,21.32,19.33,6.47,17.75,18.85,17.68,19.02,20.41,23.79,16.67,19.52,17.07,18.09,15.52,22.99,20.89,6.46,19.29,16.47,16.22,17.67,13.25,18.98,22.9,15.3,17.78,19.38,14.01,19.32,18.58,23.57,16.32,20.12,23.17,11.98,16.64,19.93,12.45,20.57,17.43,9.08,24.68
2022-08-12,21.74,9.81,17.33,21.66,16.24,11.49,19.01,21.33,21.02,23.46,21.14,19.94,7.19,17.48,19.16,18.61,16.94,21.08,23.94,18.4,20.89,19.71,17.13,15.4,22.87,20.21,9.91,18.88,14.71,18.8,18.91,13.02,20.7,22.44,13.36,18.13,18.54,13.23,21.1,20.86,22.52,17.61,20.26,23.28,12.13,17.83,20.67,12.45,20.86,17.28,11.06,24.37
2022-08-19,19.88,10.91,18.38,19.37,16.13,10.9,12.13,14.17,15.43,23.35,19.47,19.86,5.01,14.49,14.96,16.72,15.94,16.77,24.42,13.2,14.6,13.04,13.79,15.54,22.86,16.9,9.99,17.25,15.98,11.98,11.76,11.63,13.7,16.71,16.94,14.27,17.31,14.56,13.8,13.13,20.44,16.79,16.18,23.44,11.09,12.51,14.9,13.06,17.09,15.66,9.65,24.61
2022-08-26,21.68,11.13,18.86,21.25,17.66,9.19,17.82,19.15,19.68,24.26,21.31,20.22,7.08,16.36,16.47,16.96,14.28,18.49,24.79,17.42,18.94,18.28,17.24,15.45,22.62,17.6,10.52,17.51,13.71,16.68,18.14,13.04,19.76,20.52,14.65,16.96,17.47,14.7,19.08,19.1,22.86,16.93,18.52,23.92,10.36,16.58,18.96,14.17,19.06,16.55,7.22,24.41
2022-09-02,20.59,9.83,16.44,20.92,16.9,5.71,15.95,18.4,18.98,23.86,20.82,19.61,2.12,16.43,17.03,17.16,16.96,18.91,24.07,15.28,18.37,15.81,16.1,16.33,22.56,18.01,4.6,17.93,7.91,14.92,16.8,10.24,17.58,19.04,14.56,15.85,20.15,13.21,18.27,16.52,23.26,15.47,17.45,23.85,4.96,14.55,18.11,12.41,19.01,16.61,2.79,24.71
2022-09-09,21.15,9.05,11.9,19.36,18.86,4.65,15.37,18.42,19.33,23.86,20.77,20.8,0.7,15.94,17.0,16.89,15.03,19.01,23.12,13.6,18.4,15.56,15.13,14.24,21.56,18.13,4.3,16.35,10.14,14.03,17.09,5.9,17.67,20.09,12.62,17.15,16.92,10.65,18.26,15.63,22.53,14.64,18.23,22.05,4.03,14.45,18.9,10.07,19.59,16.09,2.3,24.97
2022-09-16,16.89,7.26,15.26,15.23,18.72,4.65,14.09,16.14,16.99,23.81,16.67,20.52,3.94,14.53,15.27,11.99,11.17,16.51,19.74,13.79,16.32,13.84,14.59,11.27,17.66,13.62,5.37,12.36,12.49,13.39,14.32,9.42,14.69,17.89,9.3,14.69,13.36,10.56,16.02,14.52,20.51,11.05,14.37,19.32,6.98,13.42,16.28,10.47,15.91,14.75,3.63,24.86
2022-09-23,17.47,5.62,13.82,17.36,15.62,5.01,13.17,14.18,14.78,23.55,16.47,20.54,4.69,13.61,14.94,14.76,14.75,15.87,22.55,10.58,13.84,12.29,12.94,12.16,19.38,15.97,6.42,15.06,-0.12,11.04,13.41,9.57,14.01,15.02,9.09,13.54,16.9,10.01,14.25,13.59,19.02,11.81,14.71,22.18,5.79,11.48,13.72,7.27,15.72,13.68,4.38,24.45
2022-09-30,9.27,4.86,12.57,9.6,17.87,1.62,8.5,8.6,8.72,23.17,8.35,20.59,0.15,6.9,6.91,5.46,7.73,8.22,14.73,8.25,8.54,8.81,8.1,4.01,11.44,6.76,3.54,5.67,3.33,7.37,7.81,4.28,8.71,8.8,3.11,8.29,8.8,12.31,8.83,9.37,13.33,4.03,6.13,14.09,5.0,7.86,8.27,11.05,9.19,7.2,2.25,23.99
2022-10-07,9.18,5.4,12.24,8.22,16.37,6.86,7.86,10.39,10.92,19.78,9.15,20.64,3.02,6.62,4.66,7.32,4.81,6.94,14.88,7.1,10.62,9.17,5.28,7.67,11.29,6.35,7.91,7.25,5.18,6.76,8.98,8.5,10.2,10.82,5.87,6.36,6.78,12.8,10.6,9.74,12.09,6.08,5.59,11.82,4.61,5.83,9.79,11.67,8.99,7.42,4.35,24.37
2022-10-14,8.37,-1.89,9.45,7.99,16.71,-0.87,6.9,7.64,8.18,23.59,9.97,21.69,0.95,3.71,2.88,2.63,5.9,3.94,15.35,7.36,7.52,7.69,3.2,1.49,11.1,4.72,1.94,2.59,2.1,5.79,6.77,4.97,8.08,10.03,0.06,3.7,8.49,11.07,7.65,8.52,16.46,-0.52,3.71,16.32,1.79,4.8,6.8,9.55,5.79,4.65,-2.84,24.18
2022-10-21,3.75,1.44,8.47,3.44,14.81,-4.99,3.57,4.41,4.43,20.47,3.06,20.05,-2.95,-1.79,-2.55,-5.18,-2.87,-1.65,9.67,7.3,3.72,6.69,0.17,-5.06,4.96,-2.87,-0.23,-3.71,1.91,3.91,3.78,3.94,5.14,5.83,-6.2,-0.4,1.65,9.69,5.34,6.97,8.49,-6.1,-0.28,10.71,0.21,3.11,2.76,8.77,1.52,-1.3,-5.64,23.98
2022-10-28,8.8,-6.83,0.79,9.32,11.13,-5.06,8.28,9.98,9.64,18.59,7.71,20.92,-0.66,7.04,6.45,5.56,5.35,6.67,14.34,9.39,9.14,10.06,5.92,3.53,11.03,8.06,-1.99,4.31,-6.49,8.05,9.65,-1.55,10.72,10.02,1.97,4.45,7.7,7.04,10.66,10.67,12.37,2.43,5.78,13.14,-1.01,7.02,7.83,5.98,5.49,7.48,-6.76,24.13
2022-11-04,12.45,-10.53,-0.61,12.25,9.96,-7.66,4.66,8.72,10.06,22.28,11.96,20.59,-1.64,7.72,8.66,5.29,6.68,10.69,16.58,4.9,9.21,8.44,7.94,3.27,14.21,9.02,-4.47,4.52,-5.79,2.37,7.55,-3.22,8.92,12.18,-0.71,7.84,10.4,7.6,8.51,7.26,15.21,2.99,10.28,16.18,-1.7,2.63,8.14,5.6,9.7,7.54,-8.92,24.3
2022-11-11,13.27,-8.38,0.68,11.71,8.98,-5.92,6.7,9.47,10.3,21.07,13.89,19.48,-2.33,4.04,3.6,1.68,5.52,5.51,18.31,5.04,9.63,7.68,3.2,0.7,15.2,4.96,-11.15,1.29,-2.32,4.47,8.14,-4.99,8.79,12.96,-5.21,3.56,9.93,2.93,9.34,8.01,15.79,-3.01,9.81,18.53,-1.29,4.18,9.51,0.89,7.4,4.79,-6.71,23.31
2022-11-18,0.21,-3.81,-4.72,-3.05,3.68,-11.2,-0.14,0.75,0.65,20.72,1.29,18.53,-5.18,-5.12,-4.79,-7.18,-7.12,-3.14,5.23,1.0,0.33,1.61,-3.59,-7.05,1.06,-6.37,-9.36,-9.05,-7.83,0.03,0.98,-7.81,1.72,2.67,-9.8,-2.6,-3.88,-2.12,1.06,1.56,8.52,-9.6,-3.48,2.97,-5.52,-1.32,-0.23,-1.18,-0.13,-5.08,-13.01,23.68
2022-11-25,0.29,-3.56,-3.8,-0.35,0.18,-10.13,-6.4,-4.44,-4.32,21.68,-0.94,18.04,-6.56,-5.67,-6.69,-4.42,-2.36,-6.75,8.12,-7.4,-5.58,-5.54,-5.96,-7.04,3.43,-4.14,-8.09,-6.65,-12.16,-7.55,-5.33,-9.82,-3.75,-1.67,-8.46,-7.78,-0.23,-0.74,-4.14,-5.01,6.19,-7.78,-4.4,8.38,-5.47,-6.26,-6.58,0.93,-6.16,-5.85,-12.08,23.41
2022-12-02,6.09,-14.26,-4.91,3.9,8.84,-9.13,-1.87,0.28,1.17,21.46,5.54,19.02,-3.66,-2.9,-0.32,-4.82,-1.4,1.92,13.07,-1.7,0.61,-0.88,-1.76,-6.48,7.88,-0.58,-9.8,-5.5,-6.36,-2.59,-0.77,-8.79,0.09,3.76,-8.48,-1.56,1.49,2.37,0.4,-0.34,9.26,-7.51,3.56,10.73,-5.44,-3.1,-0.19,-0.37,0.6,-3.6,-9.31,22.35
2022-12-09,14.16,-8.24,8.13,8.98,9.53,-9.73,0.64,2.83,3.4,17.93,11.87,19.7,-5.09,-3.2,0.2,-6.14,-1.26,5.11,19.43,0.06,2.86,1.4,-2.21,-11.27,16.24,1.13,-11.39,-7.3,0.2,-0.72,2.41,0.32,3.23,8.34,-16.32,-0.94,4.23,-0.46,2.99,1.87,14.14,-9.76,9.47,18.97,-3.93,-1.85,1.94,0.7,5.0,-3.91,-9.56,19.91
2022-12-16,9.59,-10.78,0.0,5.95,5.91,-13.27,-6.34,-1.7,-1.08,18.51,7.4,18.71,-3.43,-0.51,0.61,-2.47,-1.41,3.18,15.06,-8.58,-1.48,-5.49,-2.26,-1.95,12.02,0.24,-10.05,-3.47,-4.66,-8.02,-3.31,-8.14,-2.57,1.79,-3.08,-2.62,1.18,1.52,-1.98,-4.94,7.55,-5.56,5.18,13.66,-4.16,-8.16,-2.32,1.35,3.09,-0.65,-12.62,20.29
2022-12-23,-1.97,-18.69,-1.55,-5.55,3.73,-18.23,-3.64,-3.88,-3.72,19.37,-2.23,18.88,-10.65,-11.65,-9.35,-16.25,-10.09,-7.37,4.15,-3.06,-4.06,-1.87,-7.03,-19.76,-0.27,-10.38,-22.89,-16.53,-7.64,-4.0,-3.39,-13.68,-2.8,-2.29,-24.35,-7.01,-7.69,-3.53,-3.58,-2.37,1.14,-22.19,-5.44,1.28,-8.48,-3.87,-4.83,-4.21,-6.14,-12.08,-19.73,21.76
2022-12-30,-5.54,-11.37,0.6,-3.44,9.48,-6.1,-10.74,-9.54,-8.4,11.18,-6.73,19.92,-2.94,-9.07,-6.5,-10.76,-7.25,-5.9,1.81,-9.89,-9.57,-9.22,-7.25,-14.1,-1.8,-6.69,-5.67,-10.36,-1.83,-11.55,-10.55,-4.59,-9.08,-8.9,-16.99,-9.05,-6.25,2.68,-9.31,-9.12,-4.96,-13.23,-5.71,1.29,-1.37,-8.95,-9.75,5.63,-8.01,-9.81,-7.54,21.87
2023-01-06,10.19,-6.48,3.81,6.87,10.67,-7.86,2.98,7.61,8.36,20.14,10.28,19.29,-3.05,-0.14,5.25,-2.25,0.0,7.48,14.21,1.33,7.75,4.02,3.14,-5.63,11.13,3.36,-7.29,-2.77,2.89,0.17,7.61,-2.4,7.4,10.53,-12.63,5.61,1.41,2.07,7.94,4.28,12.94,-7.77,8.18,12.48,-0.82,1.73,8.06,1.15,7.76,-0.86,-7.89,21.91
2023-01-13,6.11,-10.2,-1.49,5.33,8.77,-5.59,-3.61,-0.14,-0.26,14.2,5.06,17.16,-0.98,-2.13,-0.65,-5.78,-2.65,1.79,12.31,-5.58,-0.51,-2.22,-2.65,-9.36,8.44,-0.65,-6.0,-5.48,1.28,-6.64,-0.7,-6.81,-0.27,2.41,-12.45,-1.95,-1.01,4.46,0.16,-1.69,5.99,-12.32,4.58,11.59,-0.92,-6.47,-1.66,4.02,0.34,-2.95,-5.86,21.99
2023-01-20,4.22,-7.17,0.9,4.97,7.39,-6.08,-3.78,-2.69,-1.4,10.64,2.76,18.92,-2.61,-1.86,-0.83,-2.26,-1.05,0.9,9.83,-3.37,-2.29,-1.32,-2.71,-3.82,6.37,-0.72,-4.51,-2.25,-1.64,-4.82,-4.14,-5.27,-2.96,0.78,-7.82,-2.37,0.21,4.13,-2.68,-1.7,3.78,-5.16,2.44,10.23,-1.63,-5.79,-2.36,3.53,-0.11,-1.9,-7.28,19.83
2023-01-27,1.29,-4.98,-4.48,0.01,1.8,-9.45,-3.03,-1.18,-1.4,18.59,1.01,18.55,-5.88,-4.75,-3.32,-6.47,-2.73,-1.43,6.52,-5.36,-2.1,-2.04,-3.7,-8.9,2.95,-3.53,-6.35,-6.07,-8.29,-5.27,-1.78,-9.99,-1.21,0.3,-11.21,-3.47,-2.01,2.74,-0.95,-1.65,4.51,-10.46,-0.61,3.97,-6.12,-4.93,-2.56,2.67,-1.73,-5.25,-10.42,20.48
2023-02-03,4.48,-3.84,-3.36,0.1,4.92,-14.31,-7.9,-3.35,-1.85,19.3,5.7,19.42,-9.89,-14.92,-7.77,-16.6,-10.78,-3.35,13.13,-9.83,-3.35,-6.87,-11.06,-22.12,5.88,-9.41,-15.03,-15.38,-5.86,-10.46,-5.66,-11.07,-3.82,3.5,-24.7,-8.7,-7.0,-4.25,-3.52,-6.11,9.16,-21.03,-0.23,7.39,-9.13,-11.91,-2.6,-3.87,-1.55,-16.74,-15.63,20.35
2023-02-10,3.87,-8.02,-6.37,4.84,3.61,-7.83,-8.87,-3.11,-2.05,17.93,3.48,18.68,-4.83,-4.15,-1.54,-4.36,-3.18,1.05,11.08,-10.85,-3.3,-8.08,-3.57,-8.68,6.91,-1.21,-6.67,-4.56,-6.47,-11.82,-5.41,-8.1,-3.97,1.39,-9.56,-3.62,1.47,3.95,-3.58,-7.09,7.41,-7.1,2.64,10.33,-4.55,-10.32,-3.02,3.6,-0.49,-5.29,-10.09,21.18
2023-02-17,6.14,-9.04,-5.89,3.08,2.34,-8.44,-2.06,0.11,1.68,16.68,5.35,17.8,-7.51,-3.91,-2.26,-5.66,-5.29,0.21,10.8,-2.93,0.55,-0.99,-3.69,-7.48,7.22,-2.82,-10.21,-6.4,-11.56,-3.8,-1.52,-8.79,0.39,4.79,-10.28,-3.86,-2.5,0.98,-0.45,-0.21,10.07,-8.38,2.46,7.83,-7.9,-4.25,0.76,0.12,-0.15,-5.06,-12.39,20.67
2023-02-24,9.19,-6.81,2.29,6.25,3.88,-11.02,-3.82,-0.63,0.98,19.9,8.92,20.15,-6.57,-4.59,-1.64,-6.36,-5.9,1.53,14.06,-7.14,-0.06,-3.56,-5.02,-11.21,11.0,-1.45,-13.12,-7.1,-7.7,-6.62,-1.51,-4.18,-0.36,6.22,-18.02,-4.75,-1.09,-0.27,-0.14,-2.13,10.88,-12.63,4.45,14.52,-5.28,-8.36,-0.41,-1.83,1.67,-5.91,-14.55,19.71
2023-03-03,13.41,-12.97,-1.3,9.1,5.51,-7.43,-5.75,-0.87,2.07,17.87,13.52,17.14,-5.33,-1.2,1.91,-2.56,-0.93,5.02,19.78,-9.19,0.67,-5.22,-2.62,-7.89,15.39,3.02,-7.89,-3.29,-2.99,-8.75,-3.48,-7.03,-2.74,8.67,-13.03,-1.73,0.4,-1.03,-1.61,-4.7,14.95,-7.3,8.77,16.66,-4.97,-9.03,1.11,-1.94,3.98,-2.73,-9.34,19.56
2023-03-10,7.67,-11.55,-0.32,7.51,7.54,-5.47,-5.17,-2.4,-1.28,18.42,5.36,17.86,-5.29,-2.08,-1.02,-0.87,1.84,0.51,17.17,-5.38,-2.21,-4.43,-3.51,-4.09,12.36,1.08,-8.9,-0.81,-5.18,-5.43,-3.29,-8.88,-2.73,2.36,-10.48,-2.67,4.86,1.44,-3.13,-4.31,8.18,-4.75,2.37,15.98,-3.25,-5.87,-2.41,-0.2,-1.13,-1.27,-8.0,19.94
2023-03-17,1.86,-14.54,3.94,1.88,11.97,-6.46,-2.07,-3.41,-3.42,16.39,0.46,20.86,-2.35,-3.8,-3.39,-4.05,-1.78,-2.98,10.99,-2.85,-4.1,-1.16,-4.6,-6.8,6.21,-2.5,-8.03,-4.43,1.9,-2.9,-2.6,0.18,-1.04,-2.0,-10.25,-4.89,1.48,1.75,-3.78,-0.93,3.37,-6.64,-0.94,11.34,-0.83,-3.89,-4.88,0.9,-3.48,-4.4,-8.4,20.13
2023-03-24,1.4,-4.7,1.9,3.74,8.64,-9.06,-3.79,-1.52,-1.49,16.6,0.66,20.64,-3.37,-4.89,-1.79,-5.21,-1.17,-0.5,7.33,-4.53,-2.56,-2.81,-4.05,-9.06,4.26,-2.1,-7.21,-5.78,-1.39,-4.27,-3.83,-2.12,-1.03,1.45,-12.62,-4.83,2.54,3.38,-2.33,-2.52,7.26,-8.4,0.52,9.72,-2.28,-5.08,-3.43,2.69,-2.12,-5.39,-10.09,19.62
2023-03-31,8.19,-6.3,-5.59,6.78,3.71,-9.1,-3.87,0.79,2.52,20.6,9.01,20.44,-3.53,-2.21,1.63,-2.62,1.28,2.89,17.63,-4.81,1.1,-3.32,-1.79,-8.78,11.06,2.98,-5.27,-2.62,-8.7,-4.99,-2.62,-10.06,-0.69,9.82,-13.26,-1.6,3.45,2.07,-0.17,-2.48,14.0,-6.82,4.06,14.57,-5.2,-5.35,1.49,-1.42,1.63,-3.61,-11.74,19.88
2023-04-07,12.43,-7.86,-9.84,9.45,5.28,-9.14,0.93,7.04,8.4,20.53,12.6,19.25,-4.44,1.73,5.4,-2.43,-0.91,6.77,20.19,-1.49,7.55,0.45,2.47,-4.45,15.37,4.72,-7.49,-4.16,-10.41,-1.51,3.86,-12.79,4.57,11.83,-7.44,2.37,2.83,3.73,5.79,2.06,16.33,-4.03,9.02,16.88,-2.92,-2.48,7.17,2.04,5.88,-0.25,-9.58,20.18
2023-04-14,6.62,-7.49,-4.25,8.23,11.12,-5.68,-1.56,2.48,3.13,20.48,5.1,18.39,-1.59,1.19,1.6,3.17,4.37,1.66,14.45,-3.75,0.84,-1.27,1.3,2.73,11.23,2.62,-2.18,4.26,-3.18,-2.88,-0.62,-4.95,2.93,5.26,-0.05,-1.89,7.14,4.34,1.37,-0.07,8.9,2.94,5.33,13.94,0.13,-2.94,0.51,3.16,-1.51,2.09,-4.15,21.32
2023-04-21,7.56,-5.59,-6.01,9.11,8.84,-7.99,5.8,8.46,9.23,19.41,7.7,20.01,-3.38,3.45,5.56,2.92,4.01,5.9,13.9,2.81,8.71,4.67,3.23,-0.56,9.63,5.94,-2.89,2.21,-10.06,3.36,6.51,-11.75,6.99,10.06,-1.18,2.86,6.3,3.46,7.76,6.07,11.07,-1.16,5.76,14.84,-4.74,3.44,7.34,2.22,5.67,3.14,-8.57,21.05
2023-04-28,7.7,-3.98,-3.9,7.83,11.87,-1.52,4.96,5.69,6.44,20.87,7.71,20.73,0.33,-1.46,0.66,-0.49,2.45,2.55,14.05,4.47,6.12,6.36,0.66,-2.06,9.41,0.64,-2.38,0.82,-4.25,4.18,5.13,-4.05,6.78,9.84,-1.3,1.16,5.17,7.27,4.82,6.21,12.85,-2.01,4.95,14.12,0.91,3.56,5.06,5.85,2.89,-1.26,-2.68,21.65
2023-05-05,6.21,-1.11,-1.9,6.9,10.1,0.54,5.87,7.12,7.14,18.62,6.05,19.31,3.23,1.6,4.22,-0.07,2.28,4.02,14.06,5.78,6.92,7.06,3.88,-1.21,9.25,1.51,1.8,1.3,-4.94,5.55,6.84,-3.83,7.4,7.7,0.18,3.83,7.14,7.84,6.53,6.7,8.5,0.56,4.35,15.58,-0.17,5.18,6.64,7.74,5.64,1.82,-0.87,22.55
2023-05-12,17.41,1.05,-4.37,19.28,10.76,4.44,4.06,9.1,11.63,19.61,16.76,18.76,3.12,8.96,11.37,15.12,15.1,13.29,21.97,2.16,9.66,3.69,6.54,12.65,19.75,15.55,4.71,14.9,-3.04,2.21,5.67,-8.52,8.28,13.4,11.08,4.98,18.61,7.39,7.53,4.79,16.27,12.03,16.02,21.97,3.03,2.51,10.35,6.16,11.41,7.84,3.01,21.87
2023-05-19,18.59,1.66,6.51,18.84,13.37,8.15,1.75,7.76,10.05,21.08,18.14,18.75,7.2,5.16,11.29,11.94,13.55,13.68,21.55,0.76,8.48,1.16,3.19,8.22,19.76,15.56,7.79,10.45,3.21,0.09,3.88,7.17,5.93,14.43,7.42,3.5,16.84,11.14,6.36,3.13,18.33,9.1,17.17,20.63,6.66,0.13,9.28,10.44,14.02,4.03,6.22,22.86
2023-05-26,15.29,3.57,0.55,14.68,13.02,8.6,7.94,9.45,10.07,22.24,14.15,19.72,5.95,4.45,7.18,7.48,12.19,9.94,19.43,6.78,9.48,8.13,5.99,5.86,17.03,8.93,9.52,8.46,2.17,6.93,8.64,5.24,8.6,11.1,7.6,6.36,13.99,8.48,8.59,7.89,15.41,8.13,13.58,18.6,7.28,6.29,9.1,8.01,10.16,5.1,6.91,22.94
2023-06-02,14.53,3.25,-0.95,14.53,12.39,8.27,8.4,9.77,11.98,21.72,13.2,19.01,7.78,8.75,10.36,11.6,15.71,12.95,18.41,8.43,10.26,9.76,7.87,10.13,16.67,11.21,9.67,12.35,-0.71,8.67,8.95,0.74,10.46,15.52,10.68,7.79,17.32,6.78,8.9,9.88,16.18,10.98,14.21,18.74,7.03,8.09,10.27,6.85,13.23,8.88,7.13,23.24
2023-06-09,15.89,5.39,-0.85,17.15,12.39,10.34,8.9,8.02,10.49,22.48,14.63,19.2,10.5,8.38,7.56,14.38,16.14,12.36,20.24,8.89,9.67,9.01,6.45,12.6,18.74,10.58,14.17,15.68,0.46,8.79,7.5,3.13,8.75,13.33,17.3,6.25,17.06,6.99,6.7,9.25,17.08,15.48,13.58,19.49,7.19,8.36,9.05,6.0,11.19,8.85,9.33,23.5
2023-06-16,17.78,4.2,-2.88,19.09,13.62,9.48,13.43,13.25,12.56,23.74,16.64,20.2,8.67,10.01,11.56,10.99,15.11,12.25,23.73,12.91,12.58,14.26,10.22,8.4,21.36,11.4,10.99,11.78,5.06,13.5,13.14,-5.74,14.37,14.86,10.24,10.13,17.37,9.62,12.27,14.62,18.81,10.55,14.95,22.33,7.51,13.1,11.15,9.5,12.73,9.52,8.47,24.02
2023-06-23,18.99,10.1,-2.26,19.71,13.7,9.99,13.5,14.5,15.39,23.6,18.85,19.77,2.69,12.52,13.38,15.81,17.46,15.86,23.83,12.36,14.91,13.61,12.67,14.02,21.57,16.08,9.33,15.7,-0.98,13.16,13.52,-2.32,13.86,18.0,15.72,13.39,19.45,8.88,13.79,14.01,21.24,15.91,17.44,23.29,5.22,12.71,14.66,8.76,15.46,12.61,9.54,23.82
2023-06-30,19.1,9.15,0.0,22.15,13.47,11.31,18.85,19.12,18.61,24.25,18.49,19.65,7.94,15.94,16.68,17.17,16.84,17.98,24.76,17.96,18.8,19.51,16.88,15.49,22.96,17.29,10.62,16.07,-4.18,18.82,18.55,-1.83,19.17,18.78,16.02,16.42,20.51,10.92,18.78,18.61,20.69,15.35,18.3,22.95,4.02,18.32,17.88,11.06,17.32,15.59,8.7,24.02
2023-07-07,21.64,8.83,2.52,22.33,14.25,11.95,20.1,21.56,21.94,24.51,21.29,20.12,3.79,18.21,19.54,16.31,17.59,20.29,23.64,18.78,21.75,19.39,19.31,13.71,22.96,18.87,9.97,17.25,-1.42,19.07,20.45,3.79,21.26,22.34,13.36,19.17,19.54,9.83,20.76,20.29,22.98,14.39,20.48,22.54,6.89,18.78,21.36,8.98,20.86,16.82,8.72,24.52
2023-07-14,20.93,9.93,13.81,22.33,14.88,12.06,19.8,20.3,19.58,24.03,20.67,19.56,6.85,15.73,17.32,16.44,19.85,18.42,24.82,18.53,18.98,19.66,16.15,11.98,23.33,17.73,10.0,18.1,0.52,19.44,19.46,7.84,20.9,21.25,12.33,16.47,21.85,11.63,19.42,20.02,22.59,14.16,19.72,23.44,3.68,18.56,18.86,10.34,18.48,14.96,9.05,25.04
2023-07-21,21.89,11.91,13.58,23.62,17.04,11.3,20.52,21.67,21.09,24.21,20.57,20.66,5.45,14.98,18.87,15.95,20.75,20.22,24.56,19.55,20.49,19.94,15.72,12.61,23.02,19.68,8.49,17.75,5.56,19.39,20.89,6.74,22.21,22.02,12.54,16.78,21.02,12.16,21.29,21.04,23.43,14.01,20.69,23.54,8.96,17.86,20.04,10.95,20.11,14.02,9.81,24.99
2023-07-28,20.1,11.37,14.86,21.25,17.71,10.5,18.3,19.69,20.44,23.51,19.28,21.01,7.22,18.27,19.93,19.99,18.63,19.93,22.75,18.52,19.4,18.78,17.8,17.71,20.17,19.71,9.22,21.33,5.22,17.65,18.14,7.55,19.54,21.12,17.73,17.72,18.24,11.46,18.17,19.59,22.83,19.18,19.72,22.91,9.09,17.59,19.63,11.0,18.86,17.58,9.32,24.41
2023-08-04,20.95,12.79,14.66,23.13,17.84,13.82,14.48,16.44,17.24,24.09,19.97,20.03,6.81,16.54,16.62,19.78,18.68,18.26,24.07,13.98,16.72,13.92,15.76,16.16,22.04,20.09,11.73,20.95,9.17,13.24,14.2,8.59,15.23,19.38,15.66,16.32,18.8,11.07,14.77,14.63,22.02,18.24,19.82,22.83,12.09,13.0,16.5,9.95,18.09,16.63,13.24,24.78
2023-08-11,21.91,11.92,13.74,22.87,17.44,10.08,17.17,19.33,19.56,24.9,21.34,19.87,9.2,17.58,18.82,18.49,18.71,19.75,25.09,16.21,19.5,16.6,16.5,15.52,22.68,19.85,10.56,19.32,0.81,16.1,17.52,7.44,18.28,20.6,15.9,17.28,19.58,13.79,17.95,17.54,22.69,16.97,20.54,24.21,9.6,15.54,18.98,13.32,19.98,16.9,7.99,25.49
2023-08-18,20.63,10.24,14.68,20.91,17.56,8.33,18.39,19.98,20.25,24.2,20.39,19.68,7.83,15.16,16.84,15.03,17.06,18.52,23.47,17.28,19.81,17.79,15.58,14.24,18.96,17.14,7.39,15.97,8.68,17.33,19.34,10.28,20.36,21.59,14.5,16.97,17.59,14.17,19.21,18.7,23.72,14.44,19.2,21.99,11.34,16.52,19.06,12.77,19.11,14.5,6.94,25.08
2023-08-25,21.67,10.93,17.29,23.29,17.42,9.33,14.1,15.63,16.53,23.43,20.73,20.37,12.87,20.51,21.55,23.37,18.71,20.59,24.77,13.47,16.25,14.04,16.55,19.19,20.64,23.36,10.9,23.57,16.0,13.19,14.91,9.57,15.92,17.99,17.31,16.9,19.75,9.86,14.26,14.46,22.36,20.54,20.75,23.01,14.74,13.43,14.94,9.92,18.1,18.97,9.58,24.73
2023-09-01,21.16,10.86,15.14,18.24,17.62,9.13,15.92,16.98,17.92,24.38,21.02,20.15,9.09,13.32,14.43,14.53,14.64,16.03,22.85,15.06,17.43,16.1,12.26,12.54,19.33,16.37,7.2,15.75,5.73,15.24,16.48,10.71,17.18,20.74,14.91,13.44,16.51,14.26,15.83,16.43,22.24,14.83,18.29,18.85,9.55,14.44,16.61,12.62,18.59,13.4,8.01,24.75
2023-09-08,18.94,7.72,10.73,20.61,17.14,5.85,19.08,19.14,19.43,21.19,17.4,20.6,10.3,17.29,18.86,14.83,13.2,19.0,23.9,19.1,18.93,18.66,18.33,14.79,20.97,17.82,8.78,14.4,10.52,18.14,18.83,4.21,19.99,18.85,14.97,18.78,15.69,11.49,17.67,19.29,19.45,13.53,18.65,23.15,9.98,18.45,17.72,10.76,19.83,17.1,6.14,24.05
2023-09-15,18.55,6.68,11.37,14.22,17.13,7.9,17.65,17.47,17.25,23.58,19.05,20.79,5.27,11.81,12.81,11.56,13.25,13.36,21.94,17.49,17.43,18.33,12.29,9.86,17.14,11.89,6.99,11.49,10.73,17.65,17.84,9.18,19.29,18.86,8.79,13.33,15.95,11.8,17.22,19.08,20.98,10.86,14.64,20.01,7.44,14.78,15.59,11.02,16.68,11.88,5.81,24.71
2023-09-22,15.54,4.98,5.09,14.02,15.81,3.67,11.3,12.28,12.59,23.42,15.21,20.75,2.01,13.8,11.33,13.37,15.91,11.35,19.28,11.89,12.41,11.97,12.6,12.16,13.02,13.22,3.26,13.25,4.49,11.22,11.59,7.22,11.82,14.14,11.25,11.74,15.98,8.51,11.94,11.68,16.84,12.02,13.78,20.52,5.91,10.64,8.19,8.18,13.9,14.3,2.37,24.61
2023-09-29,15.62,1.63,3.31,18.15,15.44,0.65,10.55,13.99,14.46,23.27,14.49,20.11,-0.12,14.99,13.44,14.9,13.09,13.86,22.08,9.77,14.35,11.56,13.25,15.33,18.45,15.6,4.46,14.2,1.4,9.04,12.83,3.4,13.57,15.82,14.4,12.91,16.9,10.91,14.06,12.0,17.56,14.03,14.77,22.61,3.78,10.1,13.78,9.64,14.9,15.77,-1.98,25.34
2023-10-06,15.13,-0.18,2.35,15.67,13.62,2.41,14.35,15.76,16.45,22.6,14.89,21.44,7.7,13.79,13.78,12.06,12.79,14.08,20.47,13.36,15.74,13.93,14.67,12.46,15.13,14.31,5.08,11.9,4.26,13.35,15.56,3.26,16.04,15.82,12.35,14.46,14.37,10.45,15.81,13.98,16.91,10.76,15.31,21.38,7.3,13.08,14.79,9.55,15.24,13.72,2.88,25.47
2023-10-13,9.64,1.09,5.39,10.72,15.43,-1.28,7.9,7.64,7.59,23.54,9.53,20.13,5.6,4.1,4.71,5.43,7.57,5.36,12.94,9.54,7.57,8.98,4.64,2.57,9.97,7.25,3.75,6.59,0.73,8.54,7.98,0.62,9.51,9.34,2.55,4.33,9.74,10.79,7.75,9.23,12.29,3.01,8.04,14.77,6.07,7.09,6.43,10.01,7.55,3.32,-1.54,24.21
2023-10-20,9.07,-1.67,4.19,7.5,15.79,-2.6,7.88,8.33,8.77,17.75,9.53,21.29,4.33,7.76,8.33,6.25,3.85,8.18,12.48,8.48,8.33,8.29,7.1,5.98,8.76,7.24,1.98,6.46,-1.37,7.57,8.37,-2.63,8.71,9.96,5.52,7.57,4.32,11.72,8.17,8.29,12.42,5.65,8.3,10.87,5.94,7.52,7.74,10.84,9.19,6.71,-1.96,24.55
2023-10-27,9.53,-6.99,6.32,13.7,14.72,-0.03,8.1,7.35,7.59,18.7,9.44,21.74,2.75,10.4,8.51,10.47,12.55,8.3,18.73,9.75,7.32,9.11,8.35,7.91,13.13,10.39,-2.36,10.06,1.87,8.64,7.78,1.63,9.31,8.5,4.33,7.45,15.2,7.78,7.43,9.84,12.64,6.26,8.47,20.86,3.51,7.7,5.86,5.82,7.58,10.19,-1.13,24.81
2023-11-03,3.74,-2.05,-0.82,3.37,2.47,-7.16,3.13,5.6,5.78,19.65,4.94,21.1,-2.36,-1.58,0.98,-4.81,-2.53,2.58,10.63,1.53,5.74,3.04,-0.1,-5.25,4.52,-1.56,-5.13,-5.26,-10.9,1.51,4.6,-7.04,5.5,6.65,-6.19,1.37,-1.09,2.13,5.49,4.23,9.66,-5.98,3.16,9.32,-2.76,0.21,4.41,3.16,5.24,-2.74,-9.65,24.05
2023-11-10,9.13,-1.64,-2.39,11.47,8.37,-4.13,1.4,4.96,5.85,19.36,8.89,20.58,2.84,3.91,5.07,2.42,7.05,6.15,15.99,1.24,5.43,2.44,3.06,0.57,10.47,6.78,-2.76,2.48,-5.19,0.66,3.29,-5.72,4.52,6.56,-0.33,2.98,9.09,8.27,4.8,3.23,8.79,1.48,7.87,17.32,2.17,0.06,3.82,6.91,5.13,2.84,-5.52,24.23
2023-11-17,8.51,-5.64,5.23,6.77,7.99,-8.45,-1.09,1.29,2.83,21.48,7.07,19.11,-0.88,0.3,0.5,0.3,4.01,1.32,16.48,-1.51,1.68,-0.62,0.7,-0.98,13.02,1.06,-4.95,0.34,-2.28,-3.15,0.56,0.88,1.99,4.29,-2.02,0.42,4.94,5.51,1.16,0.23,10.46,-0.62,3.95,13.9,0.14,-1.98,0.86,3.32,0.15,-0.66,-9.81,23.64
2023-11-24,6.55,-10.55,2.11,4.25,6.87,-5.49,-1.27,1.4,2.65,19.47,8.36,20.6,-0.92,-1.15,0.69,-3.91,1.51,1.87,12.33,-1.21,2.33,-0.35,-1.22,-5.09,8.17,-0.98,-5.69,-3.14,-2.14,-2.4,0.53,0.52,1.33,5.51,-6.22,0.23,3.12,3.39,1.36,0.45,11.67,-5.17,4.16,10.43,1.95,-3.66,1.73,2.87,2.47,-2.35,-6.32,23.53
2023-12-01,0.95,-1.75,3.15,1.49,5.36,-11.06,-5.52,-4.2,-4.12,17.71,0.32,21.14,-5.95,-5.7,-4.03,-6.4,-2.81,-3.21,8.65,-5.71,-4.43,-5.23,-4.35,-9.28,3.77,-3.15,-9.48,-6.15,-5.98,-6.6,-4.1,-4.11,-3.22,-2.3,-9.31,-4.17,0.18,-0.87,-4.11,-4.36,4.2,-8.62,-1.18,8.05,-3.15,-6.67,-5.48,0.01,-2.75,-6.98,-11.4,22.95
2023-12-08,5.21,-10.81,-0.81,2.87,8.05,-7.86,-0.35,2.44,2.63,16.7,5.02,20.55,1.73,0.84,1.67,-0.99,0.79,2.39,11.36,-2.86,2.41,-0.21,0.9,-2.64,6.2,1.68,-5.83,-1.58,-2.14,-2.74,1.25,-3.95,1.49,5.35,-3.34,1.86,1.47,8.3,2.14,0.49,8.28,-3.32,3.57,8.71,1.31,-3.42,1.89,5.95,2.87,-0.01,-7.83,22.27
2023-12-15,1.1,-10.42,-9.03,1.05,3.21,-5.63,-1.58,-0.5,-0.57,17.82,1.86,19.19,-1.83,-3.37,-2.84,-5.62,-2.03,-2.11,7.25,-2.55,-1.24,-0.8,-2.33,-6.45,2.61,-2.87,-6.2,-4.84,-9.25,-2.78,-0.61,-6.99,0.26,1.31,-5.78,-2.15,-1.65,3.92,-0.5,-0.31,4.16,-6.24,-0.21,6.56,-3.01,-2.66,-1.87,3.59,-1.72,-4.36,-6.41,21.97
2023-12-22,-1.4,-7.63,-4.08,1.16,9.31,-8.35,-2.46,-1.29,-0.82,14.31,-2.6,18.48,-1.52,-2.08,-3.31,-1.35,2.17,-3.41,8.54,-2.57,-1.18,-0.89,-1.24,-4.49,2.05,-1.45,-6.14,-0.9,-3.59,-2.64,-0.97,-1.33,-0.84,-2.51,-4.93,-2.1,3.36,1.9,-1.14,-1.26,1.97,-2.98,-2.65,9.29,-0.95,-3.28,-2.19,4.16,-2.65,-2.1,-8.71,21.76
2023-12-29,4.74,-13.23,1.81,3.75,11.52,-10.18,1.56,4.49,5.57,17.0,7.01,18.5,-4.35,4.57,4.8,2.22,0.33,3.83,9.67,1.14,5.39,3.98,6.28,1.91,5.15,3.7,-8.41,-0.18,-3.2,1.49,4.59,-7.42,4.62,6.1,-1.03,5.83,0.78,2.06,4.46,3.6,10.23,-1.46,3.92,7.35,-4.73,0.97,4.78,2.05,4.51,3.31,-11.08,21.33
2024-01-05,-2.16,-11.74,-0.78,-2.03,7.77,-8.62,-4.53,-3.09,-2.75,12.09,-1.82,18.48,-1.2,-3.73,-2.73,-4.63,-2.64,-2.75,5.21,-5.52,-2.82,-3.95,-3.33,-6.24,-0.82,-3.42,-6.59,-4.57,-1.79,-6.27,-3.67,-6.55,-3.41,-3.07,-7.05,-2.81,-1.36,3.87,-3.41,-3.89,-0.04,-5.56,-2.55,5.88,-2.22,-6.54,-3.46,4.15,-2.12,-5.01,-8.82,21.63
2024-01-12,2.31,-8.09,-4.89,1.17,0.9,-14.28,-3.52,-0.44,0.13,18.33,1.96,18.6,-5.06,-1.98,-0.52,-5.51,-4.32,-0.35,8.66,-5.33,-0.37,-1.21,-1.32,-7.85,4.24,-0.86,-14.21,-7.37,-10.47,-4.86,-1.03,-9.63,-0.58,1.03,-15.04,-1.58,-2.94,2.54,-0.42,-2.05,5.93,-11.66,0.63,6.53,-7.19,-5.19,-1.01,0.21,-0.54,-2.35,-13.9,22.64
