,omicron
2020-05-11,0.0
2020-05-12,0.0
2020-05-13,0.0
2020-05-14,0.0
2020-05-15,0.0
2020-05-16,0.0
2020-05-17,0.0
2020-05-18,0.0
2020-05-19,0.0
2020-05-20,0.0
2020-05-21,0.0
2020-05-22,0.0
2020-05-23,0.0
2020-05-24,0.0
2020-05-25,0.0
2020-05-26,0.0
2020-05-27,0.0
2020-05-28,0.0
2020-05-29,0.0
2020-05-30,0.0
2020-05-31,0.0
2020-06-01,0.0
2020-06-02,0.0
2020-06-03,0.0
2020-06-04,0.0
2020-06-05,0.0
2020-06-06,0.0
2020-06-07,0.0
2020-06-08,0.0
2020-06-09,0.0
2020-06-10,0.0
2020-06-11,0.0
2020-06-12,0.0
2020-06-13,0.0
2020-06-14,0.0
2020-06-15,0.0
2020-06-16,0.0
2020-06-17,0.0
2020-06-18,0.0
2020-06-19,0.0
2020-06-20,0.0
2020-06-21,0.0
2020-06-22,0.0
2020-06-23,0.0
2020-06-24,0.0
2020-06-25,0.0
2020-06-26,0.0
2020-06-27,0.0
2020-06-28,0.0
2020-06-29,0.0
2020-06-30,0.0
2020-07-01,0.0
2020-07-02,0.0
2020-07-03,0.0
2020-07-04,0.0
2020-07-05,0.0
2020-07-06,0.0
2020-07-07,0.0
2020-07-08,0.0
2020-07-09,0.0
2020-07-10,0.0
2020-07-11,0.0
2020-07-12,0.0
2020-07-13,0.0
2020-07-14,0.0
2020-07-15,0.0
2020-07-16,0.0
2020-07-17,0.0
2020-07-18,0.0
2020-07-19,0.0
2020-07-20,0.0
2020-07-21,0.0
2020-07-22,0.0
2020-07-23,0.0
2020-07-24,0.0
2020-07-25,0.0
2020-07-26,0.0
2020-07-27,0.0
2020-07-28,0.0
2020-07-29,0.0
2020-07-30,0.0
2020-07-31,0.0
2020-08-01,0.0
2020-08-02,0.0
2020-08-03,0.0
2020-08-04,0.0
2020-08-05,0.0
2020-08-06,0.0
2020-08-07,0.0
2020-08-08,0.0
2020-08-09,0.0
2020-08-10,0.0
2020-08-11,0.0
2020-08-12,0.0
2020-08-13,0.0
2020-08-14,0.0
2020-08-15,0.0
2020-08-16,0.0
2020-08-17,0.0
2020-08-18,0.0
2020-08-19,0.0
2020-08-20,0.0
2020-08-21,0.0
2020-08-22,0.0
2020-08-23,0.0
2020-08-24,0.0
2020-08-25,0.0
2020-08-26,0.0
2020-08-27,0.0
2020-08-28,0.0
2020-08-29,0.0
2020-08-30,0.0
2020-08-31,0.0
2020-09-01,0.0
2020-09-02,0.0
2020-09-03,0.0
2020-09-04,0.0
2020-09-05,0.0
2020-09-06,0.0
2020-09-07,0.0
2020-09-08,0.0
2020-09-09,0.0
2020-09-10,0.0
2020-09-11,0.0
2020-09-12,0.0
2020-09-13,0.0
2020-09-14,0.0
2020-09-15,0.0
2020-09-16,0.0
2020-09-17,0.0
2020-09-18,0.0
2020-09-19,0.0
2020-09-20,0.0
2020-09-21,0.0
2020-09-22,0.0
2020-09-23,0.0
2020-09-24,0.0
2020-09-25,0.0
2020-09-26,0.0
2020-09-27,0.0
2020-09-28,0.0
2020-09-29,0.0
2020-09-30,0.0
2020-10-01,0.0
2020-10-02,0.0
2020-10-03,0.0
2020-10-04,0.0
2020-10-05,0.0
2020-10-06,0.0
2020-10-07,0.0
2020-10-08,0.0
2020-10-09,0.0
2020-10-10,0.0
2020-10-11,0.0
2020-10-12,0.0
2020-10-13,0.0
2020-10-14,0.0
2020-10-15,0.0
2020-10-16,0.0
2020-10-17,0.0
2020-10-18,0.0
2020-10-19,0.0
2020-10-20,0.0
2020-10-21,0.0
2020-10-22,0.0
2020-10-23,0.0
2020-10-24,0.0
2020-10-25,0.0
2020-10-26,0.0
2020-10-27,0.0
2020-10-28,0.0
2020-10-29,0.0
2020-10-30,0.0
2020-10-31,0.0
2020-11-01,0.0
2020-11-02,0.0
2020-11-03,0.0
2020-11-04,0.0
2020-11-05,0.0
2020-11-06,0.0
2020-11-07,0.0
2020-11-08,0.0
2020-11-09,0.0
2020-11-10,0.0
2020-11-11,0.0
2020-11-12,0.0
2020-11-13,0.0
2020-11-14,0.0
2020-11-15,0.0
2020-11-16,0.0
2020-11-17,0.0
2020-11-18,0.0
2020-11-19,0.0
2020-11-20,0.0
2020-11-21,0.0
2020-11-22,0.0
2020-11-23,0.0
2020-11-24,0.0
2020-11-25,0.0
2020-11-26,0.0
2020-11-27,0.0
2020-11-28,0.0
2020-11-29,0.0
2020-11-30,0.0
2020-12-01,0.0
2020-12-02,0.0
2020-12-03,0.0
2020-12-04,0.0
2020-12-05,0.0
2020-12-06,0.0
2020-12-07,0.0
2020-12-08,0.0
2020-12-09,0.0
2020-12-10,0.0
2020-12-11,0.0
2020-12-12,0.0
2020-12-13,0.0
2020-12-14,0.0
2020-12-15,0.0
2020-12-16,0.0
2020-12-17,0.0
2020-12-18,0.0
2020-12-19,0.0
2020-12-20,0.0
2020-12-21,0.0
2020-12-22,0.0
2020-12-23,0.0
2020-12-24,0.0
2020-12-25,0.0
2020-12-26,0.0
2020-12-27,0.0
2020-12-28,0.0
2020-12-29,0.0
2020-12-30,0.0
2020-12-31,0.0
2021-01-01,0.0
2021-01-02,0.0
2021-01-03,0.0
2021-01-04,0.0
2021-01-05,0.0
2021-01-06,0.0
2021-01-07,0.0
2021-01-08,0.0
2021-01-09,0.0
2021-01-10,0.0
2021-01-11,0.0
2021-01-12,0.0
2021-01-13,0.0
2021-01-14,0.0
2021-01-15,0.0
2021-01-16,0.0
2021-01-17,0.0
2021-01-18,0.0
2021-01-19,0.0
2021-01-20,0.0
2021-01-21,0.0
2021-01-22,0.0
2021-01-23,0.0
2021-01-24,0.0
2021-01-25,0.0
2021-01-26,0.0
2021-01-27,0.0
2021-01-28,0.0
2021-01-29,0.0
2021-01-30,0.0
2021-01-31,0.0
2021-02-01,0.0
2021-02-02,0.0
2021-02-03,0.0
2021-02-04,0.0
2021-02-05,0.0
2021-02-06,0.0
2021-02-07,0.0
2021-02-08,0.0
2021-02-09,0.0
2021-02-10,0.0
2021-02-11,0.0
2021-02-12,0.0
2021-02-13,0.0
2021-02-14,0.0
2021-02-15,0.0
2021-02-16,0.0
2021-02-17,0.0
2021-02-18,0.0
2021-02-19,0.0
2021-02-20,0.0
2021-02-21,0.0
2021-02-22,0.0
2021-02-23,0.0
2021-02-24,0.0
2021-02-25,0.0
2021-02-26,0.0
2021-02-27,0.0
2021-02-28,0.0
2021-03-01,0.0
2021-03-02,0.0
2021-03-03,0.0
2021-03-04,0.0
2021-03-05,0.0
2021-03-06,0.0
2021-03-07,0.0
2021-03-08,0.0
2021-03-09,0.0
2021-03-10,0.0
2021-03-11,0.0
2021-03-12,0.0
2021-03-13,0.0
2021-03-14,0.0
2021-03-15,0.0
2021-03-16,0.0
2021-03-17,0.0
2021-03-18,0.0
2021-03-19,0.0
2021-03-20,0.0
2021-03-21,0.0
2021-03-22,0.0
2021-03-23,0.0
2021-03-24,0.0
2021-03-25,0.0
2021-03-26,0.0
2021-03-27,0.0
2021-03-28,0.0
2021-03-29,0.0
2021-03-30,0.0
2021-03-31,0.0
2021-04-01,0.0
2021-04-02,0.0
2021-04-03,0.0
2021-04-04,0.0
2021-04-05,0.0
2021-04-06,0.0
2021-04-07,0.0
2021-04-08,0.0
2021-04-09,0.0
2021-04-10,0.0
2021-04-11,0.0
2021-04-12,0.0
2021-04-13,0.0
2021-04-14,0.0
2021-04-15,0.0
2021-04-16,0.0
2021-04-17,0.0
2021-04-18,0.0
2021-04-19,0.0
2021-04-20,0.0
2021-04-21,0.0
2021-04-22,0.0
2021-04-23,0.0
2021-04-24,0.0
2021-04-25,0.0
2021-04-26,0.0
2021-04-27,0.0
2021-04-28,0.0
2021-04-29,0.0
2021-04-30,0.0
2021-05-01,0.0
2021-05-02,0.0
2021-05-03,0.0
2021-05-04,0.0
2021-05-05,0.0
2021-05-06,0.0
2021-05-07,0.0
2021-05-08,0.0
2021-05-09,0.0
2021-05-10,0.0
2021-05-11,0.0
2021-05-12,0.0
2021-05-13,0.0
2021-05-14,0.0
2021-05-15,0.0
2021-05-16,0.0
2021-05-17,0.0
2021-05-18,0.0
2021-05-19,0.0
2021-05-20,0.0
2021-05-21,0.0
2021-05-22,0.0
2021-05-23,0.0
2021-05-24,0.0
2021-05-25,0.0
2021-05-26,0.0
2021-05-27,0.0
2021-05-28,0.0
2021-05-29,0.0
2021-05-30,0.0
2021-05-31,0.0
2021-06-01,0.0
2021-06-02,0.0
2021-06-03,0.0
2021-06-04,0.0
2021-06-05,0.0
2021-06-06,0.0
2021-06-07,0.0
2021-06-08,0.0
2021-06-09,0.0
2021-06-10,0.0
2021-06-11,0.0
2021-06-12,0.0
2021-06-13,0.0
2021-06-14,0.0
2021-06-15,0.0
2021-06-16,0.0
2021-06-17,0.0
2021-06-18,0.0
2021-06-19,0.0
2021-06-20,0.0
2021-06-21,0.0
2021-06-22,0.0
2021-06-23,0.0
2021-06-24,0.0
2021-06-25,0.0
2021-06-26,0.0
2021-06-27,0.0
2021-06-28,0.0
2021-06-29,0.0
2021-06-30,0.0
2021-07-01,0.0
2021-07-02,0.0
2021-07-03,0.0
2021-07-04,0.0
2021-07-05,0.0
2021-07-06,0.0
2021-07-07,0.0
2021-07-08,0.0
2021-07-09,0.0
2021-07-10,0.0
2021-07-11,0.0
2021-07-12,0.0
2021-07-13,0.0
2021-07-14,0.0
2021-07-15,0.0
2021-07-16,0.0
2021-07-17,0.0
2021-07-18,0.0
2021-07-19,0.0
2021-07-20,0.0
2021-07-21,0.0
2021-07-22,0.0
2021-07-23,0.0
2021-07-24,0.0
2021-07-25,0.0
2021-07-26,0.0
2021-07-27,0.0
2021-07-28,0.0
2021-07-29,0.0
2021-07-30,0.0
2021-07-31,0.0
2021-08-01,0.0
2021-08-02,0.0
2021-08-03,0.0
2021-08-04,0.0
2021-08-05,0.0
2021-08-06,0.0
2021-08-07,0.0
2021-08-08,0.0
2021-08-09,0.0
2021-08-10,0.0
2021-08-11,0.0
2021-08-12,0.0
2021-08-13,0.0
2021-08-14,0.0
2021-08-15,0.0
2021-08-16,0.0
2021-08-17,0.0
2021-08-18,0.0
2021-08-19,0.0
2021-08-20,0.0
2021-08-21,0.0
2021-08-22,0.0
2021-08-23,0.0
2021-08-24,0.0
2021-08-25,0.0
2021-08-26,0.0
2021-08-27,0.0
2021-08-28,0.0
2021-08-29,0.0
2021-08-30,0.0
2021-08-31,0.0
2021-09-01,0.0
2021-09-02,0.0
2021-09-03,0.0
2021-09-04,0.0
2021-09-05,0.0
2021-09-06,0.0
2021-09-07,0.0
2021-09-08,0.0
2021-09-09,0.0
2021-09-10,0.0
2021-09-11,0.0
2021-09-12,0.0
2021-09-13,0.0
2021-09-14,0.0
2021-09-15,0.0
2021-09-16,0.0
2021-09-17,0.0
2021-09-18,0.0
2021-09-19,0.0
2021-09-20,0.0
2021-09-21,0.0
2021-09-22,0.0
2021-09-23,0.0
2021-09-24,0.0
2021-09-25,0.0
2021-09-26,0.0
2021-09-27,0.0
2021-09-28,0.0
2021-09-29,0.0
2021-09-30,0.0
2021-10-01,0.0
2021-10-02,0.0
2021-10-03,0.0
2021-10-04,0.0
2021-10-05,0.0
2021-10-06,0.0
2021-10-07,0.0
2021-10-08,0.0
2021-10-09,0.0
2021-10-10,0.0
2021-10-11,0.0
2021-10-12,4e-06
2021-10-13,1.4e-05
2021-10-14,3e-05
2021-10-15,5.1e-05
2021-10-16,7.5e-05
2021-10-17,0.000101
2021-10-18,0.000128
2021-10-19,0.000155
2021-10-20,0.000182
2021-10-21,0.000206
2021-10-22,0.000226
2021-10-23,0.000242
2021-10-24,0.000253
2021-10-25,0.000256
2021-10-26,0.000253
2021-10-27,0.000242
2021-10-28,0.000226
2021-10-29,0.000206
2021-10-30,0.000182
2021-10-31,0.000155
2021-11-01,0.000128
2021-11-02,0.000101
2021-11-03,7.5e-05
2021-11-04,5.1e-05
2021-11-05,3e-05
2021-11-06,1.4e-05
2021-11-07,4e-06
2021-11-08,0.0
2021-11-09,1e-06
2021-11-10,6e-06
2021-11-11,1.3e-05
2021-11-12,2.2e-05
2021-11-13,3.5e-05
2021-11-14,5e-05
2021-11-15,6.7e-05
2021-11-16,8.7e-05
2021-11-17,0.000109
2021-11-18,0.000134
2021-11-19,0.000161
2021-11-20,0.000191
2021-11-21,0.000222
2021-11-22,0.000256
2021-11-23,0.000315
2021-11-24,0.000422
2021-11-25,0.000577
2021-11-26,0.000781
2021-11-27,0.001034
2021-11-28,0.001338
2021-11-29,0.001692
2021-11-30,0.002098
2021-12-01,0.002555
2021-12-02,0.003065
2021-12-03,0.003628
2021-12-04,0.004244
2021-12-05,0.004914
2021-12-06,0.00564
2021-12-07,0.008233
2021-12-08,0.014312
2021-12-09,0.023584
2021-12-10,0.035754
2021-12-11,0.050529
2021-12-12,0.067614
2021-12-13,0.086717
2021-12-14,0.107543
2021-12-15,0.129799
2021-12-16,0.153191
2021-12-17,0.177425
2021-12-18,0.202207
2021-12-19,0.227245
2021-12-20,0.252243
2021-12-21,0.281358
2021-12-22,0.318021
2021-12-23,0.360854
2021-12-24,0.408481
2021-12-25,0.459521
2021-12-26,0.512599
2021-12-27,0.566334
2021-12-28,0.61935
2021-12-29,0.670269
2021-12-30,0.717712
2021-12-31,0.760302
2022-01-01,0.796659
2022-01-02,0.825407
2022-01-03,0.845168
2022-01-04,0.859583
2022-01-05,0.873208
2022-01-06,0.88603
2022-01-07,0.898037
2022-01-08,0.909219
2022-01-09,0.919563
2022-01-10,0.929058
2022-01-11,0.937693
2022-01-12,0.945455
2022-01-13,0.952333
2022-01-14,0.958316
2022-01-15,0.963392
2022-01-16,0.96755
2022-01-17,0.970777
2022-01-18,0.973456
2022-01-19,0.975978
2022-01-20,0.978342
2022-01-21,0.980545
2022-01-22,0.982588
2022-01-23,0.984469
2022-01-24,0.986188
2022-01-25,0.987744
2022-01-26,0.989135
2022-01-27,0.990361
2022-01-28,0.99142
2022-01-29,0.992312
2022-01-30,0.993036
2022-01-31,0.993591
2022-02-01,0.994048
2022-02-02,0.994479
2022-02-03,0.994883
2022-02-04,0.99526
2022-02-05,0.99561
2022-02-06,0.995931
2022-02-07,0.996224
2022-02-08,0.996487
2022-02-09,0.996722
2022-02-10,0.996926
2022-02-11,0.9971
2022-02-12,0.997244
2022-02-13,0.997356
2022-02-14,0.997437
2022-02-15,0.9975
2022-02-16,0.99756
2022-02-17,0.997617
2022-02-18,0.99767
2022-02-19,0.99772
2022-02-20,0.997765
2022-02-21,0.997806
2022-02-22,0.997842
2022-02-23,0.997874
2022-02-24,0.9979
2022-02-25,0.997921
2022-02-26,0.997937
2022-02-27,0.997946
2022-02-28,0.997949
2022-03-01,0.997931
2022-03-02,0.997878
2022-03-03,0.997798
2022-03-04,0.997695
2022-03-05,0.997576
2022-03-06,0.997445
2022-03-07,0.997308
2022-03-08,0.997172
2022-03-09,0.997041
2022-03-10,0.996922
2022-03-11,0.996819
2022-03-12,0.996739
2022-03-13,0.996686
2022-03-14,0.996668
2022-03-15,0.996671
2022-03-16,0.996682
2022-03-17,0.996698
2022-03-18,0.996718
2022-03-19,0.996742
2022-03-20,0.996768
2022-03-21,0.996796
2022-03-22,0.996823
2022-03-23,0.996849
2022-03-24,0.996873
2022-03-25,0.996894
2022-03-26,0.99691
2022-03-27,0.99692
2022-03-28,0.996924
2022-03-29,0.996917
2022-03-30,0.996897
2022-03-31,0.996865
2022-04-01,0.996823
2022-04-02,0.996772
2022-04-03,0.996713
2022-04-04,0.996649
2022-04-05,0.996581
2022-04-06,0.996509
2022-04-07,0.996435
2022-04-08,0.996362
2022-04-09,0.99629
2022-04-10,0.99622
2022-04-11,0.996155
2022-04-12,0.996086
2022-04-13,0.996006
2022-04-14,0.995917
2022-04-15,0.995823
2022-04-16,0.995726
2022-04-17,0.995628
2022-04-18,0.995532
2022-04-19,0.995441
2022-04-20,0.995356
2022-04-21,0.995281
2022-04-22,0.995219
2022-04-23,0.995171
2022-04-24,0.99514
2022-04-25,0.995129
2022-04-26,0.995133
2022-04-27,0.995144
2022-04-28,0.99516
2022-04-29,0.99518
2022-04-30,0.995204
2022-05-01,0.99523
2022-05-02,0.995258
2022-05-03,0.995285
2022-05-04,0.995311
2022-05-05,0.995335
2022-05-06,0.995356
2022-05-07,0.995372
2022-05-08,0.995382
2022-05-09,0.995386
2022-05-10,0.995378
2022-05-11,0.995357
2022-05-12,0.995325
2022-05-13,0.995284
2022-05-14,0.995236
2022-05-15,0.995184
2022-05-16,0.995129
2022-05-17,0.995075
2022-05-18,0.995023
2022-05-19,0.994975
2022-05-20,0.994934
2022-05-21,0.994902
2022-05-22,0.994881
2022-05-23,0.994873
2022-05-24,0.994886
2022-05-25,0.994922
2022-05-26,0.994978
2022-05-27,0.995052
2022-05-28,0.995142
2022-05-29,0.995243
2022-05-30,0.995354
2022-05-31,0.995471
2022-06-01,0.995592
2022-06-02,0.995714
2022-06-03,0.995834
2022-06-04,0.995949
2022-06-05,0.996057
2022-06-06,0.996155
2022-06-07,0.996247
2022-06-08,0.99634
2022-06-09,0.996435
2022-06-10,0.996529
2022-06-11,0.996624
2022-06-12,0.996719
2022-06-13,0.996813
2022-06-14,0.996907
2022-06-15,0.997
2022-06-16,0.997091
2022-06-17,0.997181
2022-06-18,0.997268
2022-06-19,0.997354
2022-06-20,0.997437
2022-06-21,0.99752
2022-06-22,0.997606
2022-06-23,0.997694
2022-06-24,0.997782
2022-06-25,0.99787
2022-06-26,0.997957
2022-06-27,0.99804
2022-06-28,0.998121
2022-06-29,0.998196
2022-06-30,0.998265
2022-07-01,0.998328
2022-07-02,0.998382
2022-07-03,0.998427
2022-07-04,0.998462
2022-07-05,0.998491
2022-07-06,0.998519
2022-07-07,0.998546
2022-07-08,0.998573
2022-07-09,0.998597
2022-07-10,0.99862
2022-07-11,0.998641
2022-07-12,0.99866
2022-07-13,0.998677
2022-07-14,0.998691
2022-07-15,0.998703
2022-07-16,0.998711
2022-07-17,0.998716
2022-07-18,0.998718
2022-07-19,0.998718
2022-07-20,0.998718
2022-07-21,0.998718
2022-07-22,0.998718
2022-07-23,0.998718
2022-07-24,0.998718
2022-07-25,0.998718
2022-07-26,0.998718
2022-07-27,0.998718
2022-07-28,0.998718
2022-07-29,0.998718
2022-07-30,0.998718
2022-07-31,0.998718
2022-08-01,0.998718
2022-08-02,0.998718
2022-08-03,0.998718
2022-08-04,0.998718
2022-08-05,0.998718
2022-08-06,0.998718
2022-08-07,0.998718
2022-08-08,0.998718
2022-08-09,0.998718
2022-08-10,0.998718
2022-08-11,0.998718
2022-08-12,0.998718
2022-08-13,0.998718
2022-08-14,0.998718
2022-08-15,0.998718
2022-08-16,0.998716
2022-08-17,0.99871
2022-08-18,0.998701
2022-08-19,0.998688
2022-08-20,0.998672
2022-08-21,0.998654
2022-08-22,0.998634
2022-08-23,0.998612
2022-08-24,0.998588
2022-08-25,0.998564
2022-08-26,0.998539
2022-08-27,0.998513
2022-08-28,0.998487
2022-08-29,0.998462
2022-08-30,0.998436
2022-08-31,0.998409
2022-09-01,0.99838
2022-09-02,0.998349
2022-09-03,0.998317
2022-09-04,0.998283
2022-09-05,0.998247
2022-09-06,0.99821
2022-09-07,0.998171
2022-09-08,0.99813
2022-09-09,0.998088
2022-09-10,0.998043
2022-09-11,0.997997
2022-09-12,0.997949
2022-09-13,0.99791
2022-09-14,0.997889
2022-09-15,0.997883
2022-09-16,0.99789
2022-09-17,0.997909
2022-09-18,0.997937
2022-09-19,0.997971
2022-09-20,0.998009
2022-09-21,0.99805
2022-09-22,0.99809
2022-09-23,0.998128
2022-09-24,0.998162
2022-09-25,0.998188
2022-09-26,0.998206
2022-09-27,0.998204
2022-09-28,0.998176
2022-09-29,0.998125
2022-09-30,0.998054
2022-10-01,0.997967
2022-10-02,0.997865
2022-10-03,0.997753
2022-10-04,0.997633
2022-10-05,0.997509
2022-10-06,0.997383
2022-10-07,0.997258
2022-10-08,0.997138
2022-10-09,0.997026
2022-10-10,0.996924
2022-10-11,0.996845
2022-10-12,0.996798
2022-10-13,0.996778
2022-10-14,0.99678
2022-10-15,0.996802
2022-10-16,0.996839
2022-10-17,0.996887
2022-10-18,0.996941
2022-10-19,0.996998
2022-10-20,0.997054
2022-10-21,0.997104
2022-10-22,0.997144
2022-10-23,0.997171
2022-10-24,0.99718
2022-10-25,0.997186
2022-10-26,0.997204
2022-10-27,0.997232
2022-10-28,0.997266
2022-10-29,0.997305
2022-10-30,0.997347
2022-10-31,0.997387
2022-11-01,0.997424
2022-11-02,0.997456
2022-11-03,0.997479
2022-11-04,0.997491
2022-11-05,0.99749
2022-11-06,0.997473
2022-11-07,0.997437
2022-11-08,0.997408
2022-11-09,0.99741
2022-11-10,0.997436
2022-11-11,0.99748
2022-11-12,0.997534
2022-11-13,0.997593
2022-11-14,0.99765
2022-11-15,0.997698
2022-11-16,0.997731
2022-11-17,0.997742
2022-11-18,0.997725
2022-11-19,0.997672
2022-11-20,0.997579
2022-11-21,0.997437
2022-11-22,0.997319
2022-11-23,0.99729
2022-11-24,0.99733
2022-11-25,0.99742
2022-11-26,0.997542
2022-11-27,0.997676
2022-11-28,0.997804
2022-11-29,0.997906
2022-11-30,0.997964
2022-12-01,0.997959
2022-12-02,0.997871
2022-12-03,0.997682
2022-12-04,0.997373
2022-12-05,0.996924
2022-12-06,0.996548
2022-12-07,0.996437
2022-12-08,0.996538
2022-12-09,0.996799
2022-12-10,0.99717
2022-12-11,0.997599
2022-12-12,0.998034
2022-12-13,0.998424
2022-12-14,0.998716
2022-12-15,0.998861
2022-12-16,0.998805
2022-12-17,0.998498
2022-12-18,0.997888
2022-12-19,0.996924
2022-12-20,0.995839
2022-12-21,0.994905
2022-12-22,0.994123
2022-12-23,0.993495
2022-12-24,0.993024
2022-12-25,0.992711
2022-12-26,0.992558
2022-12-27,0.992568
2022-12-28,0.992742
2022-12-29,0.993083
2022-12-30,0.993593
2022-12-31,0.994274
2023-01-01,0.995127
2023-01-02,0.996155
2023-01-03,0.997104
2023-01-04,0.997745
2023-01-05,0.998116
2023-01-06,0.998256
2023-01-07,0.998202
2023-01-08,0.997995
2023-01-09,0.997671
2023-01-10,0.99727
2023-01-11,0.996829
2023-01-12,0.996388
2023-01-13,0.995985
2023-01-14,0.995658
2023-01-15,0.995445
2023-01-16,0.995386
2023-01-17,0.995415
2023-01-18,0.995444
2023-01-19,0.995475
2023-01-20,0.995511
2023-01-21,0.995554
2023-01-22,0.995606
2023-01-23,0.995671
2023-01-24,0.99575
2023-01-25,0.995846
2023-01-26,0.995962
2023-01-27,0.996099
2023-01-28,0.996261
2023-01-29,0.99645
2023-01-30,0.996668
2023-01-31,0.99685
2023-02-01,0.99694
2023-02-02,0.996952
2023-02-03,0.9969
2023-02-04,0.996797
2023-02-05,0.996658
2023-02-06,0.996496
2023-02-07,0.996325
2023-02-08,0.99616
2023-02-09,0.996013
2023-02-10,0.9959
2023-02-11,0.995834
2023-02-12,0.995829
2023-02-13,0.995898
2023-02-14,0.996013
2023-02-15,0.996133
2023-02-16,0.996255
2023-02-17,0.996378
2023-02-18,0.9965
2023-02-19,0.996617
2023-02-20,0.99673
2023-02-21,0.996834
2023-02-22,0.996929
2023-02-23,0.997011
2023-02-24,0.99708
2023-02-25,0.997132
2023-02-26,0.997166
2023-02-27,0.99718
2023-02-28,0.997172
2023-03-01,0.997145
2023-03-02,0.997101
2023-03-03,0.997046
2023-03-04,0.996983
2023-03-05,0.996915
2023-03-06,0.996847
2023-03-07,0.996782
2023-03-08,0.996724
2023-03-09,0.996676
2023-03-10,0.996643
2023-03-11,0.996628
2023-03-12,0.996635
2023-03-13,0.996668
2023-03-14,0.996726
2023-03-15,0.996804
2023-03-16,0.996898
2023-03-17,0.997003
2023-03-18,0.997114
2023-03-19,0.997228
2023-03-20,0.99734
2023-03-21,0.997445
2023-03-22,0.997539
2023-03-23,0.997618
2023-03-24,0.997678
2023-03-25,0.997713
2023-03-26,0.997719
2023-03-27,0.997693
2023-03-28,0.997664
2023-03-29,0.997662
2023-03-30,0.99768
2023-03-31,0.997713
2023-04-01,0.997753
2023-04-02,0.997795
2023-04-03,0.997833
2023-04-04,0.997859
2023-04-05,0.997869
2023-04-06,0.997854
2023-04-07,0.99781
2023-04-08,0.99773
2023-04-09,0.997608
2023-04-10,0.997437
2023-04-11,0.997246
2023-04-12,0.997069
2023-04-13,0.996907
2023-04-14,0.99676
2023-04-15,0.996627
2023-04-16,0.99651
2023-04-17,0.996408
2023-04-18,0.996323
2023-04-19,0.996253
2023-04-20,0.996199
2023-04-21,0.996163
2023-04-22,0.996143
2023-04-23,0.99614
2023-04-24,0.996155
2023-04-25,0.996219
2023-04-26,0.996355
2023-04-27,0.996545
2023-04-28,0.996774
2023-04-29,0.997026
2023-04-30,0.997285
2023-05-01,0.997535
2023-05-02,0.99776
2023-05-03,0.997944
2023-05-04,0.998071
2023-05-05,0.998126
2023-05-06,0.998092
2023-05-07,0.997953
2023-05-08,0.997693
2023-05-09,0.997387
2023-05-10,0.997118
2023-05-11,0.996885
2023-05-12,0.996685
2023-05-13,0.996518
2023-05-14,0.996381
2023-05-15,0.996272
2023-05-16,0.99619
2023-05-17,0.996133
2023-05-18,0.996098
2023-05-19,0.996085
2023-05-20,0.996091
2023-05-21,0.996115
2023-05-22,0.996155
2023-05-23,0.996167
2023-05-24,0.996118
2023-05-25,0.996017
2023-05-26,0.995876
2023-05-27,0.995705
2023-05-28,0.995516
2023-05-29,0.995319
2023-05-30,0.995124
2023-05-31,0.994943
2023-06-01,0.994786
2023-06-02,0.994664
2023-06-03,0.994588
2023-06-04,0.994569
2023-06-05,0.994617
2023-06-06,0.994679
2023-06-07,0.9947
2023-06-08,0.994687
2023-06-09,0.994647
2023-06-10,0.994587
2023-06-11,0.994515
2023-06-12,0.994438
2023-06-13,0.994362
2023-06-14,0.994297
2023-06-15,0.994247
2023-06-16,0.994222
2023-06-17,0.994227
2023-06-18,0.994271
2023-06-19,0.99436
2023-06-20,0.994465
2023-06-21,0.994551
2023-06-22,0.994622
2023-06-23,0.99468
2023-06-24,0.994728
2023-06-25,0.994767
2023-06-26,0.994802
2023-06-27,0.994835
2023-06-28,0.994868
2023-06-29,0.994904
2023-06-30,0.994945
2023-07-01,0.994995
2023-07-02,0.995055
2023-07-03,0.995129
2023-07-04,0.995177
2023-07-05,0.995161
2023-07-06,0.995094
2023-07-07,0.994984
2023-07-08,0.994844
2023-07-09,0.994681
2023-07-10,0.994508
2023-07-11,0.994334
2023-07-12,0.994169
2023-07-13,0.994024
2023-07-14,0.993909
2023-07-15,0.993835
2023-07-16,0.993811
2023-07-17,0.993848
2023-07-18,0.993868
2023-07-19,0.993797
2023-07-20,0.99365
2023-07-21,0.99344
2023-07-22,0.993181
2023-07-23,0.992889
2023-07-24,0.992576
2023-07-25,0.992258
2023-07-26,0.991949
2023-07-27,0.991662
2023-07-28,0.991412
2023-07-29,0.991214
2023-07-30,0.991081
2023-07-31,0.991028
2023-08-01,0.991011
2023-08-02,0.99098
2023-08-03,0.990936
2023-08-04,0.990881
2023-08-05,0.990818
2023-08-06,0.99075
2023-08-07,0.990678
2023-08-08,0.990604
2023-08-09,0.990531
2023-08-10,0.990462
2023-08-11,0.990397
2023-08-12,0.990341
2023-08-13,0.990294
2023-08-14,0.990259
2023-08-15,0.990265
2023-08-16,0.990333
2023-08-17,0.990454
2023-08-18,0.99062
2023-08-19,0.990822
2023-08-20,0.991051
2023-08-21,0.991299
2023-08-22,0.991557
2023-08-23,0.991816
2023-08-24,0.992067
2023-08-25,0.992302
2023-08-26,0.992512
2023-08-27,0.992688
2023-08-28,0.992822
2023-08-29,0.992924
2023-08-30,0.99301
2023-08-31,0.993077
2023-09-01,0.993126
2023-09-02,0.993154
2023-09-03,0.993162
2023-09-04,0.993146
2023-09-05,0.993107
2023-09-06,0.993043
2023-09-07,0.992954
2023-09-08,0.992836
2023-09-09,0.992691
2023-09-10,0.992516
2023-09-11,0.99231
2023-09-12,0.992093
2023-09-13,0.991884
2023-09-14,0.991679
2023-09-15,0.991473
2023-09-16,0.991262
2023-09-17,0.991043
2023-09-18,0.99081
2023-09-19,0.99056
2023-09-20,0.990289
2023-09-21,0.989991
2023-09-22,0.989665
2023-09-23,0.989304
2023-09-24,0.988905
2023-09-25,0.988464
2023-09-26,0.988009
2023-09-27,0.98757
2023-09-28,0.987146
2023-09-29,0.986739
2023-09-30,0.986349
2023-10-01,0.985975
2023-10-02,0.985617
2023-10-03,0.985277
2023-10-04,0.984953
2023-10-05,0.984647
2023-10-06,0.984357
2023-10-07,0.984085
2023-10-08,0.983831
2023-10-09,0.983594
2023-10-10,0.983461
2023-10-11,0.983494
2023-10-12,0.983662
2023-10-13,0.983931
2023-10-14,0.984267
2023-10-15,0.984639
2023-10-16,0.985011
2023-10-17,0.985352
2023-10-18,0.985628
2023-10-19,0.985806
2023-10-20,0.985853
2023-10-21,0.985736
2023-10-22,0.985421
2023-10-23,0.984876
2023-10-24,0.984299
2023-10-25,0.983895
2023-10-26,0.983637
2023-10-27,0.983498
2023-10-28,0.983451
2023-10-29,0.983471
2023-10-30,0.983531
2023-10-31,0.983603
2023-11-01,0.983662
2023-11-02,0.983681
2023-11-03,0.983633
2023-11-04,0.983493
2023-11-05,0.983232
2023-11-06,0.982825
2023-11-07,0.982528
2023-11-08,0.982572
2023-11-09,0.982892
2023-11-10,0.983422
2023-11-11,0.984096
2023-11-12,0.98485
2023-11-13,0.985618
2023-11-14,0.986335
2023-11-15,0.986935
2023-11-16,0.987354
2023-11-17,0.987525
2023-11-18,0.987383
2023-11-19,0.986864
2023-11-20,0.985901
2023-11-21,0.984763
2023-11-22,0.983762
2023-11-23,0.982898
2023-11-24,0.982174
2023-11-25,0.98159
2023-11-26,0.981148
2023-11-27,0.980847
2023-11-28,0.98069
2023-11-29,0.980678
2023-11-30,0.980812
2023-12-01,0.981092
2023-12-02,0.98152
2023-12-03,0.982098
2023-12-04,0.982825
2023-12-05,0.983512
2023-12-06,0.983986
2023-12-07,0.984278
2023-12-08,0.984416
2023-12-09,0.98443
2023-12-10,0.98435
2023-12-11,0.984205
2023-12-12,0.984025
2023-12-13,0.983839
2023-12-14,0.983676
2023-12-15,0.983566
2023-12-16,0.983539
2023-12-17,0.983624
2023-12-18,0.98385
2023-12-19,0.984122
2023-12-20,0.984329
2023-12-21,0.984481
2023-12-22,0.984589
2023-12-23,0.984662
2023-12-24,0.984711
2023-12-25,0.984744
2023-12-26,0.984772
2023-12-27,0.984805
2023-12-28,0.984853
2023-12-29,0.984925
2023-12-30,0.985032
2023-12-31,0.985183
2024-01-01,0.985388
2024-01-02,0.985592
2024-01-03,0.985735
2024-01-04,0.985823
2024-01-05,0.985862
2024-01-06,0.985858
2024-01-07,0.985818
2024-01-08,0.985746
2024-01-09,0.985649
2024-01-10,0.985534
2024-01-11,0.985405
2024-01-12,0.985268
2024-01-13,0.985131
2024-01-14,0.984998
2024-01-15,0.984876
2024-01-16,0.984765
2024-01-17,0.984659
2024-01-18,0.984555
2024-01-19,0.984447
2024-01-20,0.984333
2024-01-21,0.984208
2024-01-22,0.984067
2024-01-23,0.983907
2024-01-24,0.983724
2024-01-25,0.983513
2024-01-26,0.983271
2024-01-27,0.982992
2024-01-28,0.982674
2024-01-29,0.982312
2024-01-30,0.981931
2024-01-31,0.981556
2024-02-01,0.981188
2024-02-02,0.980824
2024-02-03,0.980464
2024-02-04,0.980107
2024-02-05,0.97975
2024-02-06,0.979393
2024-02-07,0.979036
2024-02-08,0.978675
2024-02-09,0.978311
2024-02-10,0.977942
2024-02-11,0.977567
2024-02-12,0.977185
2024-02-13,0.976878
2024-02-14,0.976715
2024-02-15,0.97668
2024-02-16,0.976754
2024-02-17,0.976918
2024-02-18,0.977155
2024-02-19,0.977447
2024-02-20,0.977775
2024-02-21,0.978121
2024-02-22,0.978467
2024-02-23,0.978796
2024-02-24,0.979088
2024-02-25,0.979327
2024-02-26,0.979492
2024-02-27,0.979568
2024-02-28,0.979553
2024-02-29,0.979457
2024-03-01,0.979291
2024-03-02,0.979064
2024-03-03,0.978786
2024-03-04,0.978467
2024-03-05,0.978116
2024-03-06,0.977744
2024-03-07,0.97736
2024-03-08,0.976974
2024-03-09,0.976596
2024-03-10,0.976236
2024-03-11,0.975904
2024-03-12,0.975503
2024-03-13,0.974953
2024-03-14,0.974282
2024-03-15,0.973519
2024-03-16,0.972692
2024-03-17,0.971832
2024-03-18,0.970966
2024-03-19,0.970123
2024-03-20,0.969334
2024-03-21,0.968626
2024-03-22,0.968028
2024-03-23,0.96757
2024-03-24,0.96728
2024-03-25,0.967188
2024-03-26,0.967273
2024-03-27,0.967483
2024-03-28,0.9678
2024-03-29,0.968204
2024-03-30,0.968675
2024-03-31,0.969196
2024-04-01,0.969746
2024-04-02,0.970307
2024-04-03,0.97086
2024-04-04,0.971385
2024-04-05,0.971864
2024-04-06,0.972276
2024-04-07,0.972604
2024-04-08,0.972827
2024-04-09,0.972931
2024-04-10,0.972919
2024-04-11,0.972804
2024-04-12,0.972596
2024-04-13,0.972307
2024-04-14,0.971948
2024-04-15,0.971532
2024-04-16,0.971069
2024-04-17,0.970571
2024-04-18,0.970049
2024-04-19,0.969515
2024-04-20,0.968981
2024-04-21,0.968458
2024-04-22,0.967957
2024-04-23,0.967272
2024-04-24,0.966233
2024-04-25,0.964908
2024-04-26,0.963362
2024-04-27,0.961664
2024-04-28,0.959879
2024-04-29,0.958076
2024-04-30,0.956319
2024-05-01,0.954677
2024-05-02,0.953217
2024-05-03,0.952004
2024-05-04,0.951107
2024-05-05,0.950592
2024-05-06,0.950526
2024-05-07,0.950827
2024-05-08,0.951352
2024-05-09,0.952071
2024-05-10,0.952956
2024-05-11,0.953978
2024-05-12,0.955109
2024-05-13,0.956319
2024-05-14,0.957581
2024-05-15,0.958866
2024-05-16,0.960144
2024-05-17,0.961388
2024-05-18,0.962568
2024-05-19,0.963657
2024-05-20,0.964624
2024-05-21,0.965521
2024-05-22,0.966411
2024-05-23,0.967291
2024-05-24,0.968155
2024-05-25,0.968999
2024-05-26,0.969818
2024-05-27,0.970606
2024-05-28,0.97136
2024-05-29,0.972074
2024-05-30,0.972743
2024-05-31,0.973363
2024-06-01,0.973929
2024-06-02,0.974435
2024-06-03,0.974878
2024-06-04,0.975258
2024-06-05,0.975585
2024-06-06,0.975864
2024-06-07,0.976103
2024-06-08,0.976307
2024-06-09,0.976484
2024-06-10,0.97664
2024-06-11,0.976781
2024-06-12,0.976915
2024-06-13,0.977048
2024-06-14,0.977186
2024-06-15,0.977336
2024-06-16,0.977504
2024-06-17,0.977698
2024-06-18,0.977904
2024-06-19,0.978104
2024-06-20,0.978296
2024-06-21,0.978479
2024-06-22,0.978652
2024-06-23,0.978812
2024-06-24,0.97896
2024-06-25,0.979092
2024-06-26,0.979208
2024-06-27,0.979307
2024-06-28,0.979386
2024-06-29,0.979444
2024-06-30,0.97948
2024-07-01,0.979492
2024-07-02,0.979543
2024-07-03,0.979687
2024-07-04,0.979918
2024-07-05,0.980226
2024-07-06,0.980603
2024-07-07,0.981039
2024-07-08,0.981527
2024-07-09,0.982057
2024-07-10,0.982621
2024-07-11,0.983211
2024-07-12,0.983816
2024-07-13,0.984429
2024-07-14,0.985042
2024-07-15,0.985645
