,variant_p3
2020-05-11,0.0
2020-05-12,0.0
2020-05-13,0.0
2020-05-14,0.0
2020-05-15,0.0
2020-05-16,0.0
2020-05-17,0.0
2020-05-18,0.0
2020-05-19,0.0
2020-05-20,0.0
2020-05-21,0.0
2020-05-22,0.0
2020-05-23,0.0
2020-05-24,0.0
2020-05-25,0.0
2020-05-26,0.0
2020-05-27,0.0
2020-05-28,0.0
2020-05-29,0.0
2020-05-30,0.0
2020-05-31,0.0
2020-06-01,0.0
2020-06-02,0.0
2020-06-03,0.0
2020-06-04,0.0
2020-06-05,0.0
2020-06-06,0.0
2020-06-07,0.0
2020-06-08,0.0
2020-06-09,0.0
2020-06-10,0.0
2020-06-11,0.0
2020-06-12,0.0
2020-06-13,0.0
2020-06-14,0.0
2020-06-15,0.0
2020-06-16,0.0
2020-06-17,0.0
2020-06-18,0.0
2020-06-19,0.0
2020-06-20,0.0
2020-06-21,0.0
2020-06-22,0.0
2020-06-23,0.0
2020-06-24,0.0
2020-06-25,0.0
2020-06-26,0.0
2020-06-27,0.0
2020-06-28,0.0
2020-06-29,0.0
2020-06-30,0.0
2020-07-01,0.0
2020-07-02,0.0
2020-07-03,0.0
2020-07-04,0.0
2020-07-05,0.0
2020-07-06,0.0
2020-07-07,0.0
2020-07-08,0.0
2020-07-09,0.0
2020-07-10,0.0
2020-07-11,0.0
2020-07-12,0.0
2020-07-13,0.0
2020-07-14,0.0
2020-07-15,0.0
2020-07-16,0.0
2020-07-17,0.0
2020-07-18,0.0
2020-07-19,0.0
2020-07-20,0.0
2020-07-21,0.0
2020-07-22,0.0
2020-07-23,0.0
2020-07-24,0.0
2020-07-25,0.0
2020-07-26,0.0
2020-07-27,0.0
2020-07-28,0.0
2020-07-29,0.0
2020-07-30,0.0
2020-07-31,0.0
2020-08-01,0.0
2020-08-02,0.0
2020-08-03,0.0
2020-08-04,0.0
2020-08-05,0.0
2020-08-06,0.0
2020-08-07,0.0
2020-08-08,0.0
2020-08-09,0.0
2020-08-10,0.0
2020-08-11,0.0
2020-08-12,0.0
2020-08-13,0.0
2020-08-14,0.0
2020-08-15,0.0
2020-08-16,0.0
2020-08-17,0.0
2020-08-18,0.0
2020-08-19,0.0
2020-08-20,0.0
2020-08-21,0.0
2020-08-22,0.0
2020-08-23,0.0
2020-08-24,0.0
2020-08-25,0.0
2020-08-26,0.0
2020-08-27,0.0
2020-08-28,0.0
2020-08-29,0.0
2020-08-30,0.0
2020-08-31,0.0
2020-09-01,0.0
2020-09-02,0.0
2020-09-03,0.0
2020-09-04,0.0
2020-09-05,0.0
2020-09-06,0.0
2020-09-07,0.0
2020-09-08,0.0
2020-09-09,0.0
2020-09-10,0.0
2020-09-11,0.0
2020-09-12,0.0
2020-09-13,0.0
2020-09-14,0.0
2020-09-15,0.0
2020-09-16,0.0
2020-09-17,0.0
2020-09-18,0.0
2020-09-19,0.0
2020-09-20,0.0
2020-09-21,0.0
2020-09-22,0.0
2020-09-23,0.0
2020-09-24,0.0
2020-09-25,0.0
2020-09-26,0.0
2020-09-27,0.0
2020-09-28,0.0
2020-09-29,0.0
2020-09-30,0.0
2020-10-01,0.0
2020-10-02,0.0
2020-10-03,0.0
2020-10-04,0.0
2020-10-05,0.0
2020-10-06,0.0
2020-10-07,0.0
2020-10-08,0.0
2020-10-09,0.0
2020-10-10,0.0
2020-10-11,0.0
2020-10-12,0.0
2020-10-13,0.0
2020-10-14,0.0
2020-10-15,0.0
2020-10-16,0.0
2020-10-17,0.0
2020-10-18,0.0
2020-10-19,0.0
2020-10-20,0.0
2020-10-21,0.0
2020-10-22,0.0
2020-10-23,0.0
2020-10-24,0.0
2020-10-25,0.0
2020-10-26,0.0
2020-10-27,0.0
2020-10-28,0.0
2020-10-29,0.0
2020-10-30,0.0
2020-10-31,0.0
2020-11-01,0.0
2020-11-02,0.0
2020-11-03,0.0
2020-11-04,0.0
2020-11-05,0.0
2020-11-06,0.0
2020-11-07,0.0
2020-11-08,0.0
2020-11-09,0.0
2020-11-10,0.0
2020-11-11,0.0
2020-11-12,0.0
2020-11-13,0.0
2020-11-14,0.0
2020-11-15,0.0
2020-11-16,0.0
2020-11-17,0.0
2020-11-18,0.0
2020-11-19,0.0
2020-11-20,0.0
2020-11-21,0.0
2020-11-22,0.0
2020-11-23,0.0
2020-11-24,0.0
2020-11-25,0.0
2020-11-26,0.0
2020-11-27,0.0
2020-11-28,0.0
2020-11-29,0.0
2020-11-30,0.0
2020-12-01,0.0
2020-12-02,0.0
2020-12-03,0.0
2020-12-04,0.0
2020-12-05,0.0
2020-12-06,0.0
2020-12-07,0.0
2020-12-08,0.0
2020-12-09,0.0
2020-12-10,0.0
2020-12-11,0.0
2020-12-12,0.0
2020-12-13,0.0
2020-12-14,0.0
2020-12-15,0.0
2020-12-16,0.0
2020-12-17,0.0
2020-12-18,0.0
2020-12-19,0.0
2020-12-20,0.0
2020-12-21,0.0
2020-12-22,0.0
2020-12-23,0.0
2020-12-24,0.0
2020-12-25,0.0
2020-12-26,0.0
2020-12-27,0.0001
2020-12-28,0.0001
2020-12-29,0.0002
2020-12-30,0.0002
2020-12-31,0.0002
2021-01-01,0.0002
2021-01-02,0.0002
2021-01-03,0.0003
2021-01-04,0.0003
2021-01-05,0.0003
2021-01-06,0.0003
2021-01-07,0.0003
2021-01-08,0.0003
2021-01-09,0.0003
2021-01-10,0.0003
2021-01-11,0.0003
2021-01-12,0.0003
2021-01-13,0.0004
2021-01-14,0.0004
2021-01-15,0.0005
2021-01-16,0.0005
2021-01-17,0.0005
2021-01-18,0.0005
2021-01-19,0.0005
2021-01-20,0.0005
2021-01-21,0.0005
2021-01-22,0.0004
2021-01-23,0.0004
2021-01-24,0.0004
2021-01-25,0.0004
2021-01-26,0.0005
2021-01-27,0.0005
2021-01-28,0.0006
2021-01-29,0.0006
2021-01-30,0.0007
2021-01-31,0.0007
2021-02-01,0.0008
2021-02-02,0.0008
2021-02-03,0.0009
2021-02-04,0.0009
2021-02-05,0.0009
2021-02-06,0.001
2021-02-07,0.001
2021-02-08,0.0011
2021-02-09,0.0011
2021-02-10,0.0012
2021-02-11,0.0013
2021-02-12,0.0013
2021-02-13,0.0014
2021-02-14,0.0015
2021-02-15,0.0015
2021-02-16,0.0016
2021-02-17,0.0018
2021-02-18,0.0019
2021-02-19,0.0021
2021-02-20,0.0022
2021-02-21,0.0024
2021-02-22,0.0026
2021-02-23,0.0028
2021-02-24,0.003
2021-02-25,0.0032
2021-02-26,0.0034
2021-02-27,0.0035
2021-02-28,0.0037
2021-03-01,0.0038
2021-03-02,0.004
2021-03-03,0.0041
2021-03-04,0.0042
2021-03-05,0.0043
2021-03-06,0.0044
2021-03-07,0.0045
2021-03-08,0.0046
2021-03-09,0.0047
2021-03-10,0.0048
2021-03-11,0.0049
2021-03-12,0.0052
2021-03-13,0.0056
2021-03-14,0.0061
2021-03-15,0.0067
2021-03-16,0.0072
2021-03-17,0.0078
2021-03-18,0.0085
2021-03-19,0.0093
2021-03-20,0.0101
2021-03-21,0.011
2021-03-22,0.0119
2021-03-23,0.0128
2021-03-24,0.0139
2021-03-25,0.0149
2021-03-26,0.016
2021-03-27,0.0171
2021-03-28,0.0183
2021-03-29,0.0195
2021-03-30,0.0208
2021-03-31,0.0222
2021-04-01,0.0237
2021-04-02,0.0254
2021-04-03,0.0271
2021-04-04,0.029
2021-04-05,0.0308
2021-04-06,0.0328
2021-04-07,0.0347
2021-04-08,0.0366
2021-04-09,0.0386
2021-04-10,0.0405
2021-04-11,0.0423
2021-04-12,0.0441
2021-04-13,0.0458
2021-04-14,0.0475
2021-04-15,0.0492
2021-04-16,0.0509
2021-04-17,0.0526
2021-04-18,0.0543
2021-04-19,0.056
2021-04-20,0.0577
2021-04-21,0.0594
2021-04-22,0.0612
2021-04-23,0.0629
2021-04-24,0.0646
2021-04-25,0.0664
2021-04-26,0.0682
2021-04-27,0.07
2021-04-28,0.0719
2021-04-29,0.0739
2021-04-30,0.0759
2021-05-01,0.0779
2021-05-02,0.0799
2021-05-03,0.082
2021-05-04,0.084
2021-05-05,0.0859
2021-05-06,0.0878
2021-05-07,0.0897
2021-05-08,0.0914
2021-05-09,0.0931
2021-05-10,0.0946
2021-05-11,0.096
2021-05-12,0.0974
2021-05-13,0.0987
2021-05-14,0.0999
2021-05-15,0.1011
2021-05-16,0.1023
2021-05-17,0.1035
2021-05-18,0.1046
2021-05-19,0.1057
2021-05-20,0.1068
2021-05-21,0.108
2021-05-22,0.1091
2021-05-23,0.1103
2021-05-24,0.1115
2021-05-25,0.1128
2021-05-26,0.1143
2021-05-27,0.1159
2021-05-28,0.1175
2021-05-29,0.1192
2021-05-30,0.1209
2021-05-31,0.1225
2021-06-01,0.1241
2021-06-02,0.1255
2021-06-03,0.1267
2021-06-04,0.1277
2021-06-05,0.1285
2021-06-06,0.1295
2021-06-07,0.1292
2021-06-08,0.129
2021-06-09,0.1284
2021-06-10,0.1275
2021-06-11,0.1264
2021-06-12,0.1249
2021-06-13,0.1232
2021-06-14,0.1214
2021-06-15,0.1194
2021-06-16,0.1173
2021-06-17,0.1151
2021-06-18,0.1129
2021-06-19,0.1107
2021-06-20,0.1085
2021-06-21,0.1064
2021-06-22,0.1042
2021-06-23,0.1019
2021-06-24,0.0994
2021-06-25,0.0968
2021-06-26,0.094
2021-06-27,0.0912
2021-06-28,0.0883
2021-06-29,0.0853
2021-06-30,0.0823
2021-07-01,0.0792
2021-07-02,0.0762
2021-07-03,0.0731
2021-07-04,0.0701
2021-07-05,0.0672
2021-07-06,0.0641
2021-07-07,0.0609
2021-07-08,0.0576
2021-07-09,0.0541
2021-07-10,0.0507
2021-07-11,0.0472
2021-07-12,0.0437
2021-07-13,0.0403
2021-07-14,0.0371
2021-07-15,0.0341
2021-07-16,0.0313
2021-07-17,0.0287
2021-07-18,0.0265
2021-07-19,0.0246
2021-07-20,0.023
2021-07-21,0.0214
2021-07-22,0.0199
2021-07-23,0.0184
2021-07-24,0.0171
2021-07-25,0.0158
2021-07-26,0.0145
2021-07-27,0.0134
2021-07-28,0.0124
2021-07-29,0.0114
2021-07-30,0.0105
2021-07-31,0.0097
2021-08-01,0.009
2021-08-02,0.0085
2021-08-03,0.0079
2021-08-04,0.0075
2021-08-05,0.007
2021-08-06,0.0066
2021-08-07,0.0062
2021-08-08,0.0058
2021-08-09,0.0055
2021-08-10,0.0052
2021-08-11,0.0049
2021-08-12,0.0046
2021-08-13,0.0041
2021-08-14,0.0037
2021-08-15,0.0034
2021-08-16,0.0033
2021-08-17,0.0033
2021-08-18,0.0032
2021-08-19,0.003
2021-08-20,0.0028
2021-08-21,0.0026
2021-08-22,0.0024
2021-08-23,0.0022
2021-08-24,0.0021
2021-08-25,0.0019
2021-08-26,0.0018
2021-08-27,0.0016
2021-08-28,0.0015
2021-08-29,0.0014
2021-08-30,0.0013
2021-08-31,0.0012
2021-09-01,0.0011
2021-09-02,0.001
2021-09-03,0.0009
2021-09-04,0.0008
2021-09-05,0.0007
2021-09-06,0.0006
2021-09-07,0.0005
2021-09-08,0.0004
2021-09-09,0.0004
2021-09-10,0.0003
2021-09-11,0.0003
2021-09-12,0.0003
2021-09-13,0.0003
2021-09-14,0.0003
2021-09-15,0.0003
2021-09-16,0.0003
2021-09-17,0.0003
2021-09-18,0.0003
2021-09-19,0.0003
2021-09-20,0.0003
2021-09-21,0.0003
2021-09-22,0.0003
2021-09-23,0.0003
2021-09-24,0.0003
2021-09-25,0.0003
2021-09-26,0.0003
2021-09-27,0.0003
2021-09-28,0.0003
2021-09-29,0.0003
2021-09-30,0.0003
2021-10-01,0.0003
2021-10-02,0.0003
2021-10-03,0.0003
2021-10-04,0.0003
2021-10-05,0.0003
2021-10-06,0.0003
2021-10-07,0.0003
2021-10-08,0.0003
2021-10-09,0.0003
2021-10-10,0.0003
2021-10-11,0.0003
2021-10-12,0.0003
2021-10-13,0.0002
2021-10-14,0.0002
2021-10-15,0.0002
2021-10-16,0.0002
2021-10-17,0.0002
2021-10-18,0.0001
2021-10-19,0.0002
2021-10-20,0.0002
2021-10-21,0.0002
2021-10-22,0.0002
2021-10-23,0.0002
2021-10-24,0.0003
2021-10-25,0.0003
2021-10-26,0.0003
2021-10-27,0.0002
2021-10-28,0.0002
2021-10-29,0.0002
2021-10-30,0.0002
2021-10-31,0.0002
2021-11-01,0.0001
2021-11-02,0.0001
2021-11-03,0.0
2021-11-04,0.0
2021-11-05,0.0
2021-11-06,0.0
2021-11-07,0.0
2021-11-08,0.0
2021-11-09,0.0
2021-11-10,0.0
2021-11-11,0.0
2021-11-12,0.0
2021-11-13,0.0
2021-11-14,0.0
2021-11-15,0.0
2021-11-16,0.0
2021-11-17,0.0001
2021-11-18,0.0001
2021-11-19,0.0002
2021-11-20,0.0002
2021-11-21,0.0002
2021-11-22,0.0003
2021-11-23,0.0003
2021-11-24,0.0004
2021-11-25,0.0006
2021-11-26,0.0008
2021-11-27,0.001
2021-11-28,0.0013
2021-11-29,0.0017
2021-11-30,0.0021
2021-12-01,0.0021
2021-12-02,0.0018
2021-12-03,0.0015
2021-12-04,0.0013
2021-12-05,0.0011
2021-12-06,0.001
2021-12-07,0.001
2021-12-08,0.001
2021-12-09,0.0009
2021-12-10,0.0009
2021-12-11,0.0009
2021-12-12,0.0009
2021-12-13,0.0008
2021-12-14,0.0008
2021-12-15,0.0008
2021-12-16,0.0008
2021-12-17,0.0008
2021-12-18,0.0008
2021-12-19,0.0008
2021-12-20,0.0008
2021-12-21,0.0008
2021-12-22,0.0008
2021-12-23,0.0008
2021-12-24,0.0009
2021-12-25,0.0009
2021-12-26,0.001
2021-12-27,0.001
2021-12-28,0.0011
2021-12-29,0.0011
2021-12-30,0.0012
2021-12-31,0.0012
2022-01-01,0.0013
2022-01-02,0.0013
2022-01-03,0.0013
2022-01-04,0.0013
2022-01-05,0.0012
2022-01-06,0.0012
2022-01-07,0.0012
2022-01-08,0.0011
2022-01-09,0.001
2022-01-10,0.001
2022-01-11,0.0009
2022-01-12,0.0008
2022-01-13,0.0008
2022-01-14,0.0007
2022-01-15,0.0006
2022-01-16,0.0006
2022-01-17,0.0005
2022-01-18,0.0005
2022-01-19,0.0004
2022-01-20,0.0004
2022-01-21,0.0003
2022-01-22,0.0003
2022-01-23,0.0002
2022-01-24,0.0002
2022-01-25,0.0001
2022-01-26,0.0
2022-01-27,0.0
2022-01-28,0.0
2022-01-29,0.0
2022-01-30,0.0
2022-01-31,0.0
2022-02-01,0.0
2022-02-02,0.0
2022-02-03,0.0
2022-02-04,0.0
2022-02-05,0.0
2022-02-06,0.0
2022-02-07,0.0
2022-02-08,0.0001
2022-02-09,0.0001
2022-02-10,0.0001
2022-02-11,0.0002
2022-02-12,0.0002
2022-02-13,0.0002
2022-02-14,0.0003
2022-02-15,0.0003
2022-02-16,0.0003
2022-02-17,0.0004
2022-02-18,0.0004
2022-02-19,0.0005
2022-02-20,0.0005
2022-02-21,0.0006
2022-02-22,0.0006
2022-02-23,0.0007
2022-02-24,0.0008
2022-02-25,0.0008
2022-02-26,0.0009
2022-02-27,0.001
2022-02-28,0.001
2022-03-01,0.001
2022-03-02,0.001
2022-03-03,0.001
2022-03-04,0.001
2022-03-05,0.001
2022-03-06,0.001
2022-03-07,0.001
2022-03-08,0.001
2022-03-09,0.001
2022-03-10,0.001
2022-03-11,0.001
2022-03-12,0.001
2022-03-13,0.001
2022-03-14,0.001
2022-03-15,0.001
2022-03-16,0.001
2022-03-17,0.001
2022-03-18,0.001
2022-03-19,0.001
2022-03-20,0.001
2022-03-21,0.0009
2022-03-22,0.0009
2022-03-23,0.0009
2022-03-24,0.0009
2022-03-25,0.0008
2022-03-26,0.0008
2022-03-27,0.0008
2022-03-28,0.0008
2022-03-29,0.0007
2022-03-30,0.0007
2022-03-31,0.0007
2022-04-01,0.0006
2022-04-02,0.0006
2022-04-03,0.0006
2022-04-04,0.0005
2022-04-05,0.0005
2022-04-06,0.0004
2022-04-07,0.0004
2022-04-08,0.0003
2022-04-09,0.0003
2022-04-10,0.0003
2022-04-11,0.0003
2022-04-12,0.0002
2022-04-13,0.0002
2022-04-14,0.0002
2022-04-15,0.0002
2022-04-16,0.0001
2022-04-17,0.0001
2022-04-18,0.0
2022-04-19,0.0
2022-04-20,0.0
2022-04-21,0.0
2022-04-22,0.0
2022-04-23,0.0
2022-04-24,0.0
2022-04-25,0.0
2022-04-26,0.0
2022-04-27,0.0
2022-04-28,0.0
2022-04-29,0.0
2022-04-30,0.0
2022-05-01,0.0
2022-05-02,0.0
2022-05-03,0.0
2022-05-04,0.0
2022-05-05,0.0
2022-05-06,0.0
2022-05-07,0.0
2022-05-08,0.0
2022-05-09,0.0
2022-05-10,0.0
2022-05-11,0.0
2022-05-12,0.0
2022-05-13,0.0
2022-05-14,0.0
2022-05-15,0.0
2022-05-16,0.0
2022-05-17,0.0
2022-05-18,0.0
2022-05-19,0.0
2022-05-20,0.0
2022-05-21,0.0
2022-05-22,0.0
2022-05-23,0.0
2022-05-24,0.0
2022-05-25,0.0
2022-05-26,0.0
2022-05-27,0.0
2022-05-28,0.0
2022-05-29,0.0
2022-05-30,0.0
2022-05-31,0.0
2022-06-01,0.0
2022-06-02,0.0
2022-06-03,0.0
2022-06-04,0.0
2022-06-05,0.0
2022-06-06,0.0
2022-06-07,0.0
2022-06-08,0.0
2022-06-09,0.0
2022-06-10,0.0
2022-06-11,0.0
2022-06-12,0.0
2022-06-13,0.0
2022-06-14,0.0
2022-06-15,0.0
2022-06-16,0.0
2022-06-17,0.0
2022-06-18,0.0
2022-06-19,0.0
2022-06-20,0.0
2022-06-21,0.0
2022-06-22,0.0
2022-06-23,0.0
2022-06-24,0.0
2022-06-25,0.0
2022-06-26,0.0
2022-06-27,0.0
2022-06-28,0.0
2022-06-29,0.0
2022-06-30,0.0
2022-07-01,0.0
2022-07-02,0.0
2022-07-03,0.0
2022-07-04,0.0
2022-07-05,0.0
2022-07-06,0.0
2022-07-07,0.0
2022-07-08,0.0
2022-07-09,0.0
2022-07-10,0.0
2022-07-11,0.0
2022-07-12,0.0
2022-07-13,0.0
2022-07-14,0.0
2022-07-15,0.0
2022-07-16,0.0
2022-07-17,0.0
2022-07-18,0.0
2022-07-19,0.0
2022-07-20,0.0
2022-07-21,0.0
2022-07-22,0.0
2022-07-23,0.0
2022-07-24,0.0
2022-07-25,0.0
2022-07-26,0.0
2022-07-27,0.0
2022-07-28,0.0
2022-07-29,0.0
2022-07-30,0.0
2022-07-31,0.0
2022-08-01,0.0
2022-08-02,0.0
2022-08-03,0.0
2022-08-04,0.0
2022-08-05,0.0
2022-08-06,0.0
2022-08-07,0.0
2022-08-08,0.0
2022-08-09,0.0
2022-08-10,0.0
2022-08-11,0.0
2022-08-12,0.0
2022-08-13,0.0
2022-08-14,0.0
2022-08-15,0.0
2022-08-16,0.0
2022-08-17,0.0
2022-08-18,0.0
2022-08-19,0.0
2022-08-20,0.0001
2022-08-21,0.0002
2022-08-22,0.0002
2022-08-23,0.0003
2022-08-24,0.0004
2022-08-25,0.0004
2022-08-26,0.0005
2022-08-27,0.0006
2022-08-28,0.0007
2022-08-29,0.0008
2022-08-30,0.0009
2022-08-31,0.001
2022-09-01,0.0011
2022-09-02,0.0012
2022-09-03,0.0013
2022-09-04,0.0014
2022-09-05,0.0016
2022-09-06,0.0018
2022-09-07,0.0019
2022-09-08,0.002
2022-09-09,0.002
2022-09-10,0.002
2022-09-11,0.002
2022-09-12,0.0021
2022-09-13,0.002
2022-09-14,0.002
2022-09-15,0.002
2022-09-16,0.002
2022-09-17,0.002
2022-09-18,0.0019
2022-09-19,0.0019
2022-09-20,0.0019
2022-09-21,0.0019
2022-09-22,0.0018
2022-09-23,0.0018
2022-09-24,0.0018
2022-09-25,0.0018
2022-09-26,0.0018
2022-09-27,0.0018
2022-09-28,0.0019
2022-09-29,0.0019
2022-09-30,0.002
2022-10-01,0.0021
2022-10-02,0.0022
2022-10-03,0.0023
2022-10-04,0.0024
2022-10-05,0.0025
2022-10-06,0.0026
2022-10-07,0.0027
2022-10-08,0.0028
2022-10-09,0.0028
2022-10-10,0.0028
2022-10-11,0.0028
2022-10-12,0.0029
2022-10-13,0.0031
2022-10-14,0.0033
2022-10-15,0.0035
2022-10-16,0.0038
2022-10-17,0.004
2022-10-18,0.0042
2022-10-19,0.0045
2022-10-20,0.0047
2022-10-21,0.005
2022-10-22,0.0053
2022-10-23,0.0056
2022-10-24,0.0059
2022-10-25,0.0062
2022-10-26,0.0066
2022-10-27,0.007
2022-10-28,0.0074
2022-10-29,0.0079
2022-10-30,0.0083
2022-10-31,0.0088
2022-11-01,0.0094
2022-11-02,0.0099
2022-11-03,0.0105
2022-11-04,0.0111
2022-11-05,0.0117
2022-11-06,0.0124
2022-11-07,0.0131
2022-11-08,0.0138
2022-11-09,0.0146
2022-11-10,0.0155
2022-11-11,0.0164
2022-11-12,0.0174
2022-11-13,0.0184
2022-11-14,0.0195
2022-11-15,0.0206
2022-11-16,0.0218
2022-11-17,0.023
2022-11-18,0.0243
2022-11-19,0.0256
2022-11-20,0.0269
2022-11-21,0.0282
2022-11-22,0.0296
2022-11-23,0.031
2022-11-24,0.0325
2022-11-25,0.034
2022-11-26,0.0356
2022-11-27,0.0373
2022-11-28,0.039
2022-11-29,0.0408
2022-11-30,0.0427
2022-12-01,0.0446
2022-12-02,0.0465
2022-12-03,0.0486
2022-12-04,0.0507
2022-12-05,0.0528
2022-12-06,0.055
2022-12-07,0.0574
2022-12-08,0.0599
2022-12-09,0.0625
2022-12-10,0.0652
2022-12-11,0.068
2022-12-12,0.0709
2022-12-13,0.0738
2022-12-14,0.0768
2022-12-15,0.0799
2022-12-16,0.0831
2022-12-17,0.0863
2022-12-18,0.0895
2022-12-19,0.0928
2022-12-20,0.096
2022-12-21,0.0992
2022-12-22,0.1024
2022-12-23,0.1055
2022-12-24,0.1088
2022-12-25,0.1121
2022-12-26,0.1156
2022-12-27,0.1192
2022-12-28,0.123
2022-12-29,0.1271
2022-12-30,0.1315
2022-12-31,0.1363
2023-01-01,0.1414
2023-01-02,0.1469
2023-01-03,0.1532
2023-01-04,0.1607
2023-01-05,0.1692
2023-01-06,0.1786
2023-01-07,0.1815
2023-01-08,0.1768
2023-01-09,0.1722
2023-01-10,0.1676
2023-01-11,0.163
2023-01-12,0.1584
2023-01-13,0.1537
2023-01-14,0.1491
2023-01-15,0.1444
2023-01-16,0.1397
2023-01-17,0.1349
2023-01-18,0.1298
2023-01-19,0.1247
2023-01-20,0.1194
2023-01-21,0.1141
2023-01-22,0.1088
2023-01-23,0.1036
2023-01-24,0.0984
2023-01-25,0.0935
2023-01-26,0.0887
2023-01-27,0.0842
2023-01-28,0.08
2023-01-29,0.0762
2023-01-30,0.0728
2023-01-31,0.0697
2023-02-01,0.0667
2023-02-02,0.0638
2023-02-03,0.061
2023-02-04,0.0584
2023-02-05,0.0559
2023-02-06,0.0535
2023-02-07,0.0511
2023-02-08,0.0489
2023-02-09,0.0468
2023-02-10,0.0448
2023-02-11,0.0428
2023-02-12,0.041
2023-02-13,0.0392
2023-02-14,0.0375
2023-02-15,0.0358
2023-02-16,0.0342
2023-02-17,0.0326
2023-02-18,0.0311
2023-02-19,0.0296
2023-02-20,0.0282
2023-02-21,0.0269
2023-02-22,0.0256
2023-02-23,0.0244
2023-02-24,0.0232
2023-02-25,0.0222
2023-02-26,0.0212
2023-02-27,0.0203
2023-02-28,0.0194
2023-03-01,0.0186
2023-03-02,0.0178
2023-03-03,0.017
2023-03-04,0.0163
2023-03-05,0.0156
2023-03-06,0.0149
2023-03-07,0.0143
2023-03-08,0.0137
2023-03-09,0.0132
2023-03-10,0.0126
2023-03-11,0.0122
2023-03-12,0.0117
2023-03-13,0.0113
2023-03-14,0.0109
2023-03-15,0.0105
2023-03-16,0.0102
2023-03-17,0.0098
2023-03-18,0.0095
2023-03-19,0.0092
2023-03-20,0.0089
2023-03-21,0.0088
2023-03-22,0.0087
2023-03-23,0.0086
2023-03-24,0.0085
2023-03-25,0.0085
2023-03-26,0.0085
2023-03-27,0.0085
2023-03-28,0.0085
2023-03-29,0.0086
2023-03-30,0.0087
2023-03-31,0.0088
2023-04-01,0.009
2023-04-02,0.0092
2023-04-03,0.0094
2023-04-04,0.0095
2023-04-05,0.0097
2023-04-06,0.0099
2023-04-07,0.01
2023-04-08,0.0102
2023-04-09,0.0102
2023-04-10,0.0103
2023-04-11,0.0102
2023-04-12,0.0102
2023-04-13,0.0102
2023-04-14,0.0101
2023-04-15,0.01
2023-04-16,0.01
2023-04-17,0.0099
2023-04-18,0.0098
2023-04-19,0.0097
2023-04-20,0.0096
2023-04-21,0.0096
2023-04-22,0.0095
2023-04-23,0.0095
2023-04-24,0.0095
2023-04-25,0.0095
2023-04-26,0.0095
2023-04-27,0.0095
2023-04-28,0.0095
2023-04-29,0.0096
2023-04-30,0.0096
2023-05-01,0.0096
2023-05-02,0.0096
2023-05-03,0.0097
2023-05-04,0.0097
2023-05-05,0.0097
2023-05-06,0.0095
2023-05-07,0.0092
2023-05-08,0.009
2023-05-09,0.0087
2023-05-10,0.0085
2023-05-11,0.0082
2023-05-12,0.008
2023-05-13,0.0077
2023-05-14,0.0075
2023-05-15,0.0073
2023-05-16,0.007
2023-05-17,0.0068
2023-05-18,0.0066
2023-05-19,0.0063
2023-05-20,0.0061
2023-05-21,0.0059
2023-05-22,0.0059
2023-05-23,0.0064
2023-05-24,0.0069
2023-05-25,0.0076
2023-05-26,0.0082
2023-05-27,0.009
2023-05-28,0.0097
2023-05-29,0.0099
2023-05-30,0.01
2023-05-31,0.0102
2023-06-01,0.0103
2023-06-02,0.0104
2023-06-03,0.0105
2023-06-04,0.0107
2023-06-05,0.0108
2023-06-06,0.0109
2023-06-07,0.011
2023-06-08,0.0112
2023-06-09,0.0113
2023-06-10,0.0115
2023-06-11,0.0117
2023-06-12,0.0118
2023-06-13,0.012
2023-06-14,0.0122
2023-06-15,0.0123
2023-06-16,0.0125
2023-06-17,0.0126
2023-06-18,0.0127
2023-06-19,0.0128
2023-06-20,0.0129
2023-06-21,0.013
2023-06-22,0.0131
2023-06-23,0.0131
2023-06-24,0.0132
2023-06-25,0.0133
2023-06-26,0.0133
2023-06-27,0.0134
2023-06-28,0.0135
2023-06-29,0.0135
2023-06-30,0.0135
2023-07-01,0.0136
2023-07-02,0.0136
2023-07-03,0.0136
2023-07-04,0.0136
2023-07-05,0.0136
2023-07-06,0.0136
2023-07-07,0.0136
2023-07-08,0.0136
2023-07-09,0.0135
2023-07-10,0.0135
2023-07-11,0.0135
2023-07-12,0.0135
2023-07-13,0.0135
2023-07-14,0.0134
2023-07-15,0.0134
2023-07-16,0.0134
2023-07-17,0.0133
2023-07-18,0.0132
2023-07-19,0.013
2023-07-20,0.0127
2023-07-21,0.0124
2023-07-22,0.012
2023-07-23,0.0115
2023-07-24,0.011
2023-07-25,0.0105
2023-07-26,0.01
2023-07-27,0.0095
2023-07-28,0.0091
2023-07-29,0.0087
2023-07-30,0.0089
2023-07-31,0.009
2023-08-01,0.0091
2023-08-02,0.0091
2023-08-03,0.0092
2023-08-04,0.0093
2023-08-05,0.0094
2023-08-06,0.0094
2023-08-07,0.0095
2023-08-08,0.0096
2023-08-09,0.0096
2023-08-10,0.0097
2023-08-11,0.0097
2023-08-12,0.0097
2023-08-13,0.0097
2023-08-14,0.0097
2023-08-15,0.0097
2023-08-16,0.0096
2023-08-17,0.0094
2023-08-18,0.0092
2023-08-19,0.009
2023-08-20,0.0087
2023-08-21,0.0085
2023-08-22,0.0082
2023-08-23,0.0079
2023-08-24,0.0077
2023-08-25,0.0075
2023-08-26,0.0073
2023-08-27,0.0072
2023-08-28,0.0072
2023-08-29,0.0072
2023-08-30,0.0072
2023-08-31,0.0072
2023-09-01,0.0072
2023-09-02,0.0073
2023-09-03,0.0076
2023-09-04,0.0079
2023-09-05,0.0081
2023-09-06,0.0084
2023-09-07,0.0087
2023-09-08,0.0091
2023-09-09,0.0094
2023-09-10,0.0098
2023-09-11,0.0103
2023-09-12,0.0107
2023-09-13,0.0113
2023-09-14,0.0119
2023-09-15,0.0126
2023-09-16,0.0133
2023-09-17,0.0141
2023-09-18,0.0149
2023-09-19,0.0157
2023-09-20,0.0166
2023-09-21,0.0175
2023-09-22,0.0184
2023-09-23,0.0193
2023-09-24,0.0201
2023-09-25,0.021
2023-09-26,0.0219
2023-09-27,0.0228
2023-09-28,0.0237
2023-09-29,0.0247
2023-09-30,0.0256
2023-10-01,0.0266
2023-10-02,0.0276
2023-10-03,0.0286
2023-10-04,0.0296
2023-10-05,0.0307
2023-10-06,0.0318
2023-10-07,0.0329
2023-10-08,0.034
2023-10-09,0.0351
2023-10-10,0.0363
2023-10-11,0.0376
2023-10-12,0.0389
2023-10-13,0.0403
2023-10-14,0.0418
2023-10-15,0.0432
2023-10-16,0.0447
2023-10-17,0.0462
2023-10-18,0.0476
2023-10-19,0.049
2023-10-20,0.0504
2023-10-21,0.0517
2023-10-22,0.0529
2023-10-23,0.0541
2023-10-24,0.0552
2023-10-25,0.0561
2023-10-26,0.0571
2023-10-27,0.0579
2023-10-28,0.0588
2023-10-29,0.0596
2023-10-30,0.0604
2023-10-31,0.0613
2023-11-01,0.0621
2023-11-02,0.063
2023-11-03,0.0639
2023-11-04,0.0649
2023-11-05,0.066
2023-11-06,0.0672
2023-11-07,0.0686
2023-11-08,0.0703
2023-11-09,0.0722
2023-11-10,0.0744
2023-11-11,0.0767
2023-11-12,0.079
2023-11-13,0.0813
2023-11-14,0.0836
2023-11-15,0.0856
2023-11-16,0.0875
2023-11-17,0.089
2023-11-18,0.0902
2023-11-19,0.091
2023-11-20,0.0913
2023-11-21,0.0912
2023-11-22,0.0908
2023-11-23,0.0904
2023-11-24,0.0897
2023-11-25,0.089
2023-11-26,0.0881
2023-11-27,0.0872
2023-11-28,0.0927
2023-11-29,0.0992
2023-11-30,0.106
2023-12-01,0.1131
2023-12-02,0.1206
2023-12-03,0.1284
2023-12-04,0.1366
2023-12-05,0.1457
2023-12-06,0.1561
2023-12-07,0.1676
2023-12-08,0.1802
2023-12-09,0.1937
2023-12-10,0.2079
2023-12-11,0.2228
2023-12-12,0.2382
2023-12-13,0.2398
2023-12-14,0.2339
2023-12-15,0.2279
2023-12-16,0.222
2023-12-17,0.2161
2023-12-18,0.2102
2023-12-19,0.2043
2023-12-20,0.1983
2023-12-21,0.1922
2023-12-22,0.186
2023-12-23,0.1798
2023-12-24,0.1736
2023-12-25,0.1675
2023-12-26,0.1613
2023-12-27,0.1553
2023-12-28,0.1494
2023-12-29,0.1436
2023-12-30,0.138
2023-12-31,0.1326
2024-01-01,0.1274
2024-01-02,0.1223
2024-01-03,0.1173
2024-01-04,0.1123
2024-01-05,0.1073
2024-01-06,0.1025
2024-01-07,0.0977
2024-01-08,0.093
2024-01-09,0.0885
2024-01-10,0.0841
2024-01-11,0.0799
2024-01-12,0.0759
2024-01-13,0.0721
2024-01-14,0.0685
2024-01-15,0.0651
2024-01-16,0.0619
2024-01-17,0.0587
2024-01-18,0.0556
2024-01-19,0.0525
2024-01-20,0.0496
2024-01-21,0.0467
2024-01-22,0.044
2024-01-23,0.0413
2024-01-24,0.0389
2024-01-25,0.0366
2024-01-26,0.0345
2024-01-27,0.0326
2024-01-28,0.0309
2024-01-29,0.0295
2024-01-30,0.0282
2024-01-31,0.027
2024-02-01,0.0258
2024-02-02,0.0247
2024-02-03,0.0237
2024-02-04,0.0228
2024-02-05,0.0219
2024-02-06,0.0212
2024-02-07,0.0216
2024-02-08,0.022
2024-02-09,0.0223
2024-02-10,0.0226
2024-02-11,0.0228
2024-02-12,0.0218
2024-02-13,0.0205
2024-02-14,0.0192
2024-02-15,0.018
2024-02-16,0.0167
2024-02-17,0.0155
2024-02-18,0.0144
2024-02-19,0.0136
2024-02-20,0.0132
2024-02-21,0.0128
2024-02-22,0.0125
2024-02-23,0.0121
2024-02-24,0.0117
2024-02-25,0.0114
2024-02-26,0.011
2024-02-27,0.0107
2024-02-28,0.0103
2024-02-29,0.0109
2024-03-01,0.0121
2024-03-02,0.0133
2024-03-03,0.0147
2024-03-04,0.0161
2024-03-05,0.0176
2024-03-06,0.0191
2024-03-07,0.0206
2024-03-08,0.0221
2024-03-09,0.0234
2024-03-10,0.0237
2024-03-11,0.0241
2024-03-12,0.0245
2024-03-13,0.0251
2024-03-14,0.0258
2024-03-15,0.0266
2024-03-16,0.0274
2024-03-17,0.0282
2024-03-18,0.0291
2024-03-19,0.0299
2024-03-20,0.0307
2024-03-21,0.0314
2024-03-22,0.032
2024-03-23,0.0324
2024-03-24,0.0327
2024-03-25,0.0328
2024-03-26,0.0327
2024-03-27,0.0325
2024-03-28,0.0321
2024-03-29,0.0317
2024-03-30,0.0312
2024-03-31,0.0306
2024-04-01,0.03
2024-04-02,0.0294
2024-04-03,0.0288
2024-04-04,0.0283
2024-04-05,0.0278
2024-04-06,0.0275
2024-04-07,0.0273
2024-04-08,0.0272
2024-04-09,0.0272
2024-04-10,0.0273
2024-04-11,0.0275
2024-04-12,0.0277
2024-04-13,0.028
2024-04-14,0.0283
2024-04-15,0.0287
2024-04-16,0.0291
2024-04-17,0.0295
2024-04-18,0.03
2024-04-19,0.0305
2024-04-20,0.031
2024-04-21,0.0315
2024-04-22,0.032
2024-04-23,0.0328
2024-04-24,0.0338
2024-04-25,0.0351
2024-04-26,0.0366
2024-04-27,0.0382
2024-04-28,0.04
2024-04-29,0.0417
2024-04-30,0.0434
2024-05-01,0.045
2024-05-02,0.0465
2024-05-03,0.0477
2024-05-04,0.0486
2024-05-05,0.0493
2024-05-06,0.0495
2024-05-07,0.0493
2024-05-08,0.0489
2024-05-09,0.0482
2024-05-10,0.0474
2024-05-11,0.0463
2024-05-12,0.0452
2024-05-13,0.0439
2024-05-14,0.0426
2024-05-15,0.0412
2024-05-16,0.0399
2024-05-17,0.0386
2024-05-18,0.0374
2024-05-19,0.0363
2024-05-20,0.0354
2024-05-21,0.0345
2024-05-22,0.0336
2024-05-23,0.0328
2024-05-24,0.0319
2024-05-25,0.031
2024-05-26,0.0301
2024-05-27,0.0293
2024-05-28,0.0285
2024-05-29,0.0278
2024-05-30,0.0271
2024-05-31,0.0265
2024-06-01,0.0259
2024-06-02,0.0255
2024-06-03,0.0251
2024-06-04,0.0248
2024-06-05,0.0245
2024-06-06,0.0243
2024-06-07,0.024
2024-06-08,0.0238
2024-06-09,0.0236
2024-06-10,0.0234
2024-06-11,0.0233
2024-06-12,0.0231
2024-06-13,0.0229
2024-06-14,0.0228
2024-06-15,0.0226
2024-06-16,0.0225
2024-06-17,0.0223
2024-06-18,0.0222
2024-06-19,0.022
2024-06-20,0.0219
2024-06-21,0.0218
2024-06-22,0.0217
2024-06-23,0.0216
2024-06-24,0.0215
2024-06-25,0.0214
2024-06-26,0.0213
2024-06-27,0.0211
2024-06-28,0.021
2024-06-29,0.0209
2024-06-30,0.0207
2024-07-01,0.0205
2024-07-02,0.0203
2024-07-03,0.02
2024-07-04,0.0197
2024-07-05,0.0194
2024-07-06,0.019
2024-07-07,0.0186
2024-07-08,0.0181
2024-07-09,0.0177
2024-07-10,0.0172
2024-07-11,0.0166
2024-07-12,0.0161
2024-07-13,0.0155
2024-07-14,0.0149
2024-07-15,0.0144
