,other
2020-05-11,1.0
2020-05-12,1.0
2020-05-13,1.0
2020-05-14,1.0
2020-05-15,1.0
2020-05-16,1.0
2020-05-17,1.0
2020-05-18,1.0
2020-05-19,1.0
2020-05-20,1.0
2020-05-21,1.0
2020-05-22,1.0
2020-05-23,1.0
2020-05-24,1.0
2020-05-25,1.0
2020-05-26,1.0
2020-05-27,1.0
2020-05-28,1.0
2020-05-29,1.0
2020-05-30,1.0
2020-05-31,1.0
2020-06-01,1.0
2020-06-02,1.0
2020-06-03,1.0
2020-06-04,1.0
2020-06-05,1.0
2020-06-06,1.0
2020-06-07,1.0
2020-06-08,1.0
2020-06-09,1.0
2020-06-10,1.0
2020-06-11,1.0
2020-06-12,1.0
2020-06-13,1.0
2020-06-14,1.0
2020-06-15,1.0
2020-06-16,1.0
2020-06-17,1.0
2020-06-18,1.0
2020-06-19,1.0
2020-06-20,1.0
2020-06-21,1.0
2020-06-22,1.0
2020-06-23,1.0
2020-06-24,1.0
2020-06-25,1.0
2020-06-26,1.0
2020-06-27,1.0
2020-06-28,1.0
2020-06-29,1.0
2020-06-30,1.0
2020-07-01,1.0
2020-07-02,1.0
2020-07-03,1.0
2020-07-04,1.0
2020-07-05,1.0
2020-07-06,1.0
2020-07-07,1.0
2020-07-08,1.0
2020-07-09,1.0
2020-07-10,1.0
2020-07-11,1.0
2020-07-12,1.0
2020-07-13,1.0
2020-07-14,1.0
2020-07-15,1.0
2020-07-16,1.0
2020-07-17,1.0
2020-07-18,1.0
2020-07-19,1.0
2020-07-20,1.0
2020-07-21,1.0
2020-07-22,1.0
2020-07-23,1.0
2020-07-24,1.0
2020-07-25,1.0
2020-07-26,1.0
2020-07-27,1.0
2020-07-28,1.0
2020-07-29,1.0
2020-07-30,1.0
2020-07-31,1.0
2020-08-01,1.0
2020-08-02,1.0
2020-08-03,1.0
2020-08-04,1.0
2020-08-05,1.0
2020-08-06,1.0
2020-08-07,1.0
2020-08-08,1.0
2020-08-09,1.0
2020-08-10,1.0
2020-08-11,1.0
2020-08-12,1.0
2020-08-13,1.0
2020-08-14,1.0
2020-08-15,1.0
2020-08-16,1.0
2020-08-17,1.0
2020-08-18,1.0
2020-08-19,1.0
2020-08-20,1.0
2020-08-21,1.0
2020-08-22,1.0
2020-08-23,1.0
2020-08-24,1.0
2020-08-25,1.0
2020-08-26,1.0
2020-08-27,1.0
2020-08-28,1.0
2020-08-29,1.0
2020-08-30,1.0
2020-08-31,1.0
2020-09-01,1.0
2020-09-02,1.0
2020-09-03,1.0
2020-09-04,1.0
2020-09-05,1.0
2020-09-06,1.0
2020-09-07,1.0
2020-09-08,1.0
2020-09-09,1.0
2020-09-10,1.0
2020-09-11,1.0
2020-09-12,1.0
2020-09-13,1.0
2020-09-14,1.0
2020-09-15,1.0
2020-09-16,1.0
2020-09-17,1.0
2020-09-18,1.0
2020-09-19,1.0
2020-09-20,1.0
2020-09-21,1.0
2020-09-22,1.0
2020-09-23,1.0
2020-09-24,1.0
2020-09-25,1.0
2020-09-26,1.0
2020-09-27,1.0
2020-09-28,1.0
2020-09-29,1.0
2020-09-30,1.0
2020-10-01,1.0
2020-10-02,1.0
2020-10-03,1.0
2020-10-04,1.0
2020-10-05,1.0
2020-10-06,1.0
2020-10-07,1.0
2020-10-08,1.0
2020-10-09,1.0
2020-10-10,1.0
2020-10-11,1.0
2020-10-12,1.0
2020-10-13,0.999997
2020-10-14,0.99999
2020-10-15,0.999979
2020-10-16,0.999964
2020-10-17,0.999946
2020-10-18,0.999926
2020-10-19,0.999904
2020-10-20,0.99988
2020-10-21,0.999856
2020-10-22,0.999832
2020-10-23,0.999808
2020-10-24,0.999785
2020-10-25,0.999763
2020-10-26,0.999744
2020-10-27,0.999724
2020-10-28,0.999703
2020-10-29,0.999679
2020-10-30,0.999655
2020-10-31,0.999631
2020-11-01,0.999607
2020-11-02,0.999583
2020-11-03,0.999561
2020-11-04,0.999541
2020-11-05,0.999523
2020-11-06,0.999508
2020-11-07,0.999497
2020-11-08,0.99949
2020-11-09,0.999487
2020-11-10,0.999491
2020-11-11,0.999502
2020-11-12,0.999518
2020-11-13,0.999538
2020-11-14,0.999562
2020-11-15,0.999588
2020-11-16,0.999615
2020-11-17,0.999643
2020-11-18,0.999669
2020-11-19,0.999693
2020-11-20,0.999713
2020-11-21,0.999729
2020-11-22,0.99974
2020-11-23,0.999744
2020-11-24,0.999744
2020-11-25,0.999744
2020-11-26,0.999744
2020-11-27,0.999744
2020-11-28,0.999744
2020-11-29,0.999744
2020-11-30,0.999744
2020-12-01,0.999744
2020-12-02,0.999744
2020-12-03,0.999744
2020-12-04,0.999744
2020-12-05,0.999744
2020-12-06,0.999744
2020-12-07,0.999744
2020-12-08,0.999742
2020-12-09,0.999738
2020-12-10,0.999731
2020-12-11,0.999722
2020-12-12,0.99971
2020-12-13,0.999695
2020-12-14,0.999677
2020-12-15,0.999658
2020-12-16,0.999635
2020-12-17,0.99961
2020-12-18,0.999583
2020-12-19,0.999554
2020-12-20,0.999522
2020-12-21,0.999487
2020-12-22,0.99938
2020-12-23,0.999141
2020-12-24,0.998787
2020-12-25,0.998335
2020-12-26,0.997804
2020-12-27,0.997211
2020-12-28,0.996572
2020-12-29,0.995906
2020-12-30,0.99523
2020-12-31,0.994562
2021-01-01,0.993918
2021-01-02,0.993316
2021-01-03,0.992774
2021-01-04,0.99231
2021-01-05,0.991913
2021-01-06,0.991558
2021-01-07,0.991237
2021-01-08,0.990941
2021-01-09,0.99066
2021-01-10,0.990387
2021-01-11,0.990113
2021-01-12,0.989829
2021-01-13,0.989527
2021-01-14,0.989198
2021-01-15,0.988833
2021-01-16,0.988424
2021-01-17,0.987962
2021-01-18,0.987439
2021-01-19,0.986801
2021-01-20,0.986009
2021-01-21,0.985073
2021-01-22,0.984004
2021-01-23,0.982814
2021-01-24,0.981514
2021-01-25,0.980114
2021-01-26,0.978626
2021-01-27,0.977061
2021-01-28,0.97543
2021-01-29,0.973745
2021-01-30,0.972015
2021-01-31,0.970253
2021-02-01,0.96847
2021-02-02,0.966632
2021-02-03,0.964695
2021-02-04,0.962655
2021-02-05,0.960503
2021-02-06,0.958235
2021-02-07,0.955844
2021-02-08,0.953324
2021-02-09,0.950668
2021-02-10,0.947872
2021-02-11,0.944928
2021-02-12,0.94183
2021-02-13,0.938573
2021-02-14,0.935151
2021-02-15,0.931556
2021-02-16,0.927636
2021-02-17,0.923262
2021-02-18,0.918463
2021-02-19,0.913269
2021-02-20,0.907711
2021-02-21,0.901817
2021-02-22,0.895618
2021-02-23,0.889144
2021-02-24,0.882425
2021-02-25,0.87549
2021-02-26,0.86837
2021-02-27,0.861093
2021-02-28,0.853691
2021-03-01,0.846193
2021-03-02,0.838465
2021-03-03,0.830361
2021-03-04,0.821896
2021-03-05,0.813087
2021-03-06,0.803947
2021-03-07,0.794492
2021-03-08,0.784737
2021-03-09,0.774697
2021-03-10,0.764386
2021-03-11,0.75382
2021-03-12,0.743014
2021-03-13,0.731983
2021-03-14,0.720742
2021-03-15,0.709305
2021-03-16,0.697363
2021-03-17,0.684664
2021-03-18,0.671319
2021-03-19,0.657434
2021-03-20,0.643118
2021-03-21,0.628479
2021-03-22,0.613624
2021-03-23,0.598662
2021-03-24,0.583701
2021-03-25,0.568849
2021-03-26,0.554214
2021-03-27,0.539903
2021-03-28,0.526026
2021-03-29,0.512689
2021-03-30,0.499538
2021-03-31,0.486202
2021-04-01,0.472767
2021-04-02,0.459317
2021-04-03,0.445937
2021-04-04,0.432713
2021-04-05,0.419729
2021-04-06,0.407071
2021-04-07,0.394824
2021-04-08,0.383073
2021-04-09,0.371904
2021-04-10,0.3614
2021-04-11,0.351648
2021-04-12,0.342733
2021-04-13,0.334487
2021-04-14,0.326664
2021-04-15,0.319225
2021-04-16,0.312132
2021-04-17,0.305349
2021-04-18,0.298837
2021-04-19,0.292558
2021-04-20,0.286476
2021-04-21,0.280552
2021-04-22,0.274748
2021-04-23,0.269027
2021-04-24,0.263352
2021-04-25,0.257684
2021-04-26,0.251987
2021-04-27,0.24615
2021-04-28,0.24014
2021-04-29,0.234025
2021-04-30,0.227878
2021-05-01,0.221769
2021-05-02,0.215769
2021-05-03,0.209949
2021-05-04,0.204381
2021-05-05,0.199134
2021-05-06,0.19428
2021-05-07,0.189889
2021-05-08,0.186034
2021-05-09,0.182784
2021-05-10,0.18021
2021-05-11,0.178111
2021-05-12,0.17622
2021-05-13,0.174507
2021-05-14,0.172945
2021-05-15,0.171506
2021-05-16,0.170162
2021-05-17,0.168884
2021-05-18,0.167645
2021-05-19,0.166416
2021-05-20,0.16517
2021-05-21,0.163878
2021-05-22,0.162512
2021-05-23,0.161044
2021-05-24,0.159446
2021-05-25,0.157761
2021-05-26,0.156047
2021-05-27,0.154301
2021-05-28,0.152519
2021-05-29,0.150699
2021-05-30,0.148837
2021-05-31,0.146929
2021-06-01,0.144972
2021-06-02,0.142963
2021-06-03,0.140899
2021-06-04,0.138775
2021-06-05,0.136589
2021-06-06,0.134338
2021-06-07,0.132017
2021-06-08,0.129585
2021-06-09,0.127009
2021-06-10,0.124304
2021-06-11,0.121485
2021-06-12,0.118567
2021-06-13,0.115564
2021-06-14,0.11249
2021-06-15,0.109361
2021-06-16,0.106191
2021-06-17,0.102994
2021-06-18,0.099785
2021-06-19,0.096579
2021-06-20,0.09339
2021-06-21,0.090233
2021-06-22,0.086994
2021-06-23,0.083576
2021-06-24,0.080019
2021-06-25,0.076362
2021-06-26,0.072646
2021-06-27,0.068909
2021-06-28,0.065192
2021-06-29,0.061535
2021-06-30,0.057977
2021-07-01,0.054557
2021-07-02,0.051317
2021-07-03,0.048295
2021-07-04,0.045531
2021-07-05,0.043066
2021-07-06,0.040801
2021-07-07,0.038613
2021-07-08,0.036502
2021-07-09,0.034468
2021-07-10,0.032512
2021-07-11,0.030634
2021-07-12,0.028834
2021-07-13,0.027113
2021-07-14,0.025471
2021-07-15,0.023909
2021-07-16,0.022426
2021-07-17,0.021022
2021-07-18,0.019699
2021-07-19,0.018457
2021-07-20,0.017252
2021-07-21,0.016049
2021-07-22,0.014858
2021-07-23,0.01369
2021-07-24,0.012556
2021-07-25,0.011466
2021-07-26,0.010432
2021-07-27,0.009463
2021-07-28,0.008572
2021-07-29,0.007768
2021-07-30,0.007061
2021-07-31,0.006464
2021-08-01,0.005987
2021-08-02,0.00564
2021-08-03,0.005366
2021-08-04,0.005103
2021-08-05,0.004851
2021-08-06,0.004614
2021-08-07,0.004392
2021-08-08,0.004186
2021-08-09,0.003999
2021-08-10,0.003831
2021-08-11,0.003685
2021-08-12,0.003563
2021-08-13,0.003464
2021-08-14,0.003392
2021-08-15,0.003348
2021-08-16,0.003332
2021-08-17,0.003336
2021-08-18,0.003347
2021-08-19,0.003363
2021-08-20,0.003383
2021-08-21,0.003407
2021-08-22,0.003433
2021-08-23,0.003461
2021-08-24,0.003488
2021-08-25,0.003514
2021-08-26,0.003538
2021-08-27,0.003559
2021-08-28,0.003575
2021-08-29,0.003585
2021-08-30,0.003589
2021-08-31,0.003563
2021-09-01,0.003489
2021-09-02,0.003377
2021-09-03,0.003233
2021-09-04,0.003066
2021-09-05,0.002883
2021-09-06,0.002692
2021-09-07,0.002501
2021-09-08,0.002318
2021-09-09,0.00215
2021-09-10,0.002006
2021-09-11,0.001894
2021-09-12,0.001821
2021-09-13,0.001794
2021-09-14,0.001806
2021-09-15,0.001837
2021-09-16,0.001885
2021-09-17,0.001947
2021-09-18,0.002019
2021-09-19,0.002097
2021-09-20,0.002179
2021-09-21,0.002261
2021-09-22,0.002339
2021-09-23,0.002411
2021-09-24,0.002473
2021-09-25,0.002521
2021-09-26,0.002552
2021-09-27,0.002563
2021-09-28,0.002552
2021-09-29,0.002521
2021-09-30,0.002473
2021-10-01,0.002411
2021-10-02,0.002339
2021-10-03,0.002261
2021-10-04,0.002179
2021-10-05,0.002097
2021-10-06,0.002019
2021-10-07,0.001947
2021-10-08,0.001885
2021-10-09,0.001837
2021-10-10,0.001806
2021-10-11,0.001794
2021-10-12,0.001794
2021-10-13,0.001794
2021-10-14,0.001794
2021-10-15,0.001794
2021-10-16,0.001794
2021-10-17,0.001794
2021-10-18,0.001794
2021-10-19,0.001794
2021-10-20,0.001794
2021-10-21,0.001794
2021-10-22,0.001794
2021-10-23,0.001794
2021-10-24,0.001794
2021-10-25,0.001794
2021-10-26,0.0018
2021-10-27,0.001817
2021-10-28,0.001845
2021-10-29,0.001882
2021-10-30,0.001927
2021-10-31,0.00198
2021-11-01,0.002039
2021-11-02,0.002104
2021-11-03,0.002174
2021-11-04,0.002248
2021-11-05,0.002325
2021-11-06,0.002403
2021-11-07,0.002483
2021-11-08,0.002563
2021-11-09,0.002662
2021-11-10,0.002794
2021-11-11,0.002954
2021-11-12,0.003133
2021-11-13,0.003326
2021-11-14,0.003527
2021-11-15,0.003729
2021-11-16,0.003924
2021-11-17,0.004108
2021-11-18,0.004273
2021-11-19,0.004412
2021-11-20,0.00452
2021-11-21,0.00459
2021-11-22,0.004614
2021-11-23,0.004564
2021-11-24,0.004424
2021-11-25,0.004208
2021-11-26,0.003931
2021-11-27,0.003607
2021-11-28,0.003252
2021-11-29,0.00288
2021-11-30,0.002505
2021-12-01,0.002142
2021-12-02,0.001807
2021-12-03,0.001512
2021-12-04,0.001274
2021-12-05,0.001107
2021-12-06,0.001025
2021-12-07,0.000992
2021-12-08,0.000961
2021-12-09,0.000932
2021-12-10,0.000905
2021-12-11,0.00088
2021-12-12,0.000858
2021-12-13,0.000837
2021-12-14,0.00082
2021-12-15,0.000805
2021-12-16,0.000792
2021-12-17,0.000782
2021-12-18,0.000775
2021-12-19,0.000771
2021-12-20,0.000769
2021-12-21,0.000777
2021-12-22,0.000797
2021-12-23,0.00083
2021-12-24,0.000871
2021-12-25,0.000919
2021-12-26,0.000971
2021-12-27,0.001025
2021-12-28,0.00108
2021-12-29,0.001132
2021-12-30,0.00118
2021-12-31,0.001221
2022-01-01,0.001253
2022-01-02,0.001274
2022-01-03,0.001282
2022-01-04,0.001273
2022-01-05,0.00125
2022-01-06,0.001213
2022-01-07,0.001165
2022-01-08,0.001108
2022-01-09,0.001044
2022-01-10,0.000974
2022-01-11,0.000901
2022-01-12,0.000828
2022-01-13,0.000755
2022-01-14,0.000685
2022-01-15,0.00062
2022-01-16,0.000562
2022-01-17,0.000513
2022-01-18,0.000467
2022-01-19,0.00042
2022-01-20,0.000371
2022-01-21,0.000321
2022-01-22,0.000272
2022-01-23,0.000225
2022-01-24,0.000179
2022-01-25,0.000137
2022-01-26,9.9e-05
2022-01-27,6.6e-05
2022-01-28,3.8e-05
2022-01-29,1.8e-05
2022-01-30,5e-06
2022-01-31,0.0
2022-02-01,2e-06
2022-02-02,7e-06
2022-02-03,1.6e-05
2022-02-04,2.8e-05
2022-02-05,4.3e-05
2022-02-06,6.1e-05
2022-02-07,8e-05
2022-02-08,0.000102
2022-02-09,0.000125
2022-02-10,0.000149
2022-02-11,0.000175
2022-02-12,0.000202
2022-02-13,0.000229
2022-02-14,0.000256
2022-02-15,0.000287
2022-02-16,0.000322
2022-02-17,0.000363
2022-02-18,0.000409
2022-02-19,0.000458
2022-02-20,0.000512
2022-02-21,0.000569
2022-02-22,0.000629
2022-02-23,0.000691
2022-02-24,0.000755
2022-02-25,0.000821
2022-02-26,0.000889
2022-02-27,0.000957
2022-02-28,0.001025
2022-03-01,0.001103
2022-03-02,0.001197
2022-03-03,0.001304
2022-03-04,0.00142
2022-03-05,0.001541
2022-03-06,0.001664
2022-03-07,0.001786
2022-03-08,0.001904
2022-03-09,0.002012
2022-03-10,0.002109
2022-03-11,0.00219
2022-03-12,0.002253
2022-03-13,0.002293
2022-03-14,0.002307
2022-03-15,0.002307
2022-03-16,0.002307
2022-03-17,0.002307
2022-03-18,0.002307
2022-03-19,0.002307
2022-03-20,0.002307
2022-03-21,0.002307
2022-03-22,0.002307
2022-03-23,0.002307
2022-03-24,0.002307
2022-03-25,0.002307
2022-03-26,0.002307
2022-03-27,0.002307
2022-03-28,0.002307
2022-03-29,0.00232
2022-03-30,0.002356
2022-03-31,0.002412
2022-04-01,0.002486
2022-04-02,0.002576
2022-04-03,0.002677
2022-04-04,0.002788
2022-04-05,0.002905
2022-04-06,0.003026
2022-04-07,0.003148
2022-04-08,0.003268
2022-04-09,0.003383
2022-04-10,0.003491
2022-04-11,0.003589
2022-04-12,0.003686
2022-04-13,0.003794
2022-04-14,0.00391
2022-04-15,0.00403
2022-04-16,0.004152
2022-04-17,0.004273
2022-04-18,0.00439
2022-04-19,0.004501
2022-04-20,0.004602
2022-04-21,0.004691
2022-04-22,0.004765
2022-04-23,0.004822
2022-04-24,0.004858
2022-04-25,0.004871
2022-04-26,0.004867
2022-04-27,0.004856
2022-04-28,0.00484
2022-04-29,0.00482
2022-04-30,0.004796
2022-05-01,0.00477
2022-05-02,0.004742
2022-05-03,0.004715
2022-05-04,0.004689
2022-05-05,0.004665
2022-05-06,0.004644
2022-05-07,0.004628
2022-05-08,0.004618
2022-05-09,0.004614
2022-05-10,0.004622
2022-05-11,0.004643
2022-05-12,0.004675
2022-05-13,0.004716
2022-05-14,0.004764
2022-05-15,0.004816
2022-05-16,0.004871
2022-05-17,0.004925
2022-05-18,0.004977
2022-05-19,0.005025
2022-05-20,0.005066
2022-05-21,0.005098
2022-05-22,0.005119
2022-05-23,0.005127
2022-05-24,0.005114
2022-05-25,0.005078
2022-05-26,0.005022
2022-05-27,0.004948
2022-05-28,0.004858
2022-05-29,0.004757
2022-05-30,0.004646
2022-05-31,0.004529
2022-06-01,0.004408
2022-06-02,0.004286
2022-06-03,0.004166
2022-06-04,0.004051
2022-06-05,0.003943
2022-06-06,0.003845
2022-06-07,0.003753
2022-06-08,0.00366
2022-06-09,0.003565
2022-06-10,0.003471
2022-06-11,0.003376
2022-06-12,0.003281
2022-06-13,0.003187
2022-06-14,0.003093
2022-06-15,0.003
2022-06-16,0.002909
2022-06-17,0.002819
2022-06-18,0.002732
2022-06-19,0.002646
2022-06-20,0.002563
2022-06-21,0.00248
2022-06-22,0.002394
2022-06-23,0.002306
2022-06-24,0.002218
2022-06-25,0.00213
2022-06-26,0.002043
2022-06-27,0.00196
2022-06-28,0.001879
2022-06-29,0.001804
2022-06-30,0.001735
2022-07-01,0.001672
2022-07-02,0.001618
2022-07-03,0.001573
2022-07-04,0.001538
2022-07-05,0.001509
2022-07-06,0.001481
2022-07-07,0.001454
2022-07-08,0.001427
2022-07-09,0.001403
2022-07-10,0.00138
2022-07-11,0.001359
2022-07-12,0.00134
2022-07-13,0.001323
2022-07-14,0.001309
2022-07-15,0.001297
2022-07-16,0.001289
2022-07-17,0.001284
2022-07-18,0.001282
2022-07-19,0.001282
2022-07-20,0.001282
2022-07-21,0.001282
2022-07-22,0.001282
2022-07-23,0.001282
2022-07-24,0.001282
2022-07-25,0.001282
2022-07-26,0.001282
2022-07-27,0.001282
2022-07-28,0.001282
2022-07-29,0.001282
2022-07-30,0.001282
2022-07-31,0.001282
2022-08-01,0.001282
2022-08-02,0.001282
2022-08-03,0.001282
2022-08-04,0.001282
2022-08-05,0.001282
2022-08-06,0.001282
2022-08-07,0.001282
2022-08-08,0.001282
2022-08-09,0.001282
2022-08-10,0.001282
2022-08-11,0.001282
2022-08-12,0.001282
2022-08-13,0.001282
2022-08-14,0.001282
2022-08-15,0.001282
2022-08-16,0.001284
2022-08-17,0.00129
2022-08-18,0.0013
2022-08-19,0.001313
2022-08-20,0.001328
2022-08-21,0.001347
2022-08-22,0.001367
2022-08-23,0.001389
2022-08-24,0.001413
2022-08-25,0.001437
2022-08-26,0.001463
2022-08-27,0.001488
2022-08-28,0.001513
2022-08-29,0.001538
2022-08-30,0.001567
2022-08-31,0.001602
2022-09-01,0.001644
2022-09-02,0.00169
2022-09-03,0.001738
2022-09-04,0.001788
2022-09-05,0.001837
2022-09-06,0.001885
2022-09-07,0.001929
2022-09-08,0.001969
2022-09-09,0.002003
2022-09-10,0.002028
2022-09-11,0.002045
2022-09-12,0.002051
2022-09-13,0.002047
2022-09-14,0.002037
2022-09-15,0.00202
2022-09-16,0.002
2022-09-17,0.001976
2022-09-18,0.00195
2022-09-19,0.001923
2022-09-20,0.001895
2022-09-21,0.001869
2022-09-22,0.001845
2022-09-23,0.001825
2022-09-24,0.001809
2022-09-25,0.001798
2022-09-26,0.001794
2022-09-27,0.001809
2022-09-28,0.001851
2022-09-29,0.001915
2022-09-30,0.001998
2022-10-01,0.002093
2022-10-02,0.002198
2022-10-03,0.002307
2022-10-04,0.002416
2022-10-05,0.002521
2022-10-06,0.002617
2022-10-07,0.002699
2022-10-08,0.002763
2022-10-09,0.002805
2022-10-10,0.00282
2022-10-11,0.00282
2022-10-12,0.00282
2022-10-13,0.00282
2022-10-14,0.00282
2022-10-15,0.00282
2022-10-16,0.00282
2022-10-17,0.00282
2022-10-18,0.00282
2022-10-19,0.00282
2022-10-20,0.00282
2022-10-21,0.00282
2022-10-22,0.00282
2022-10-23,0.00282
2022-10-24,0.00282
2022-10-25,0.002816
2022-10-26,0.002806
2022-10-27,0.00279
2022-10-28,0.002769
2022-10-29,0.002745
2022-10-30,0.002719
2022-10-31,0.002692
2022-11-01,0.002664
2022-11-02,0.002638
2022-11-03,0.002614
2022-11-04,0.002594
2022-11-05,0.002578
2022-11-06,0.002567
2022-11-07,0.002563
2022-11-08,0.002563
2022-11-09,0.002563
2022-11-10,0.002563
2022-11-11,0.002563
2022-11-12,0.002563
2022-11-13,0.002563
2022-11-14,0.002563
2022-11-15,0.002563
2022-11-16,0.002563
2022-11-17,0.002563
2022-11-18,0.002563
2022-11-19,0.002563
2022-11-20,0.002563
2022-11-21,0.002563
2022-11-22,0.002571
2022-11-23,0.002592
2022-11-24,0.002624
2022-11-25,0.002665
2022-11-26,0.002713
2022-11-27,0.002765
2022-11-28,0.00282
2022-11-29,0.002874
2022-11-30,0.002927
2022-12-01,0.002974
2022-12-02,0.003016
2022-12-03,0.003048
2022-12-04,0.003069
2022-12-05,0.003076
2022-12-06,0.003076
2022-12-07,0.003076
2022-12-08,0.003076
2022-12-09,0.003076
2022-12-10,0.003076
2022-12-11,0.003076
2022-12-12,0.003076
2022-12-13,0.003076
2022-12-14,0.003076
2022-12-15,0.003076
2022-12-16,0.003076
2022-12-17,0.003076
2022-12-18,0.003076
2022-12-19,0.003076
2022-12-20,0.003084
2022-12-21,0.003105
2022-12-22,0.003139
2022-12-23,0.003184
2022-12-24,0.003237
2022-12-25,0.003298
2022-12-26,0.003365
2022-12-27,0.003435
2022-12-28,0.003507
2022-12-29,0.003581
2022-12-30,0.003653
2022-12-31,0.003722
2023-01-01,0.003787
2023-01-02,0.003845
2023-01-03,0.003904
2023-01-04,0.003968
2023-01-05,0.004038
2023-01-06,0.00411
2023-01-07,0.004183
2023-01-08,0.004255
2023-01-09,0.004326
2023-01-10,0.004392
2023-01-11,0.004453
2023-01-12,0.004507
2023-01-13,0.004551
2023-01-14,0.004585
2023-01-15,0.004607
2023-01-16,0.004614
2023-01-17,0.004596
2023-01-18,0.004543
2023-01-19,0.004463
2023-01-20,0.00436
2023-01-21,0.004241
2023-01-22,0.00411
2023-01-23,0.003973
2023-01-24,0.003837
2023-01-25,0.003706
2023-01-26,0.003587
2023-01-27,0.003484
2023-01-28,0.003403
2023-01-29,0.003351
2023-01-30,0.003332
2023-01-31,0.003344
2023-02-01,0.003375
2023-02-02,0.003423
2023-02-03,0.003485
2023-02-04,0.003557
2023-02-05,0.003635
2023-02-06,0.003717
2023-02-07,0.003799
2023-02-08,0.003877
2023-02-09,0.003949
2023-02-10,0.004011
2023-02-11,0.004059
2023-02-12,0.00409
2023-02-13,0.004102
2023-02-14,0.004083
2023-02-15,0.004031
2023-02-16,0.00395
2023-02-17,0.003847
2023-02-18,0.003728
2023-02-19,0.003597
2023-02-20,0.003461
2023-02-21,0.003324
2023-02-22,0.003193
2023-02-23,0.003074
2023-02-24,0.002971
2023-02-25,0.002891
2023-02-26,0.002838
2023-02-27,0.00282
2023-02-28,0.002827
2023-03-01,0.002848
2023-03-02,0.00288
2023-03-03,0.002921
2023-03-04,0.002969
2023-03-05,0.003022
2023-03-06,0.003076
2023-03-07,0.003131
2023-03-08,0.003183
2023-03-09,0.003231
2023-03-10,0.003272
2023-03-11,0.003304
2023-03-12,0.003325
2023-03-13,0.003332
2023-03-14,0.003318
2023-03-15,0.003276
2023-03-16,0.003211
2023-03-17,0.003129
2023-03-18,0.003034
2023-03-19,0.002929
2023-03-20,0.00282
2023-03-21,0.002711
2023-03-22,0.002606
2023-03-23,0.00251
2023-03-24,0.002428
2023-03-25,0.002364
2023-03-26,0.002322
2023-03-27,0.002307
2023-03-28,0.002309
2023-03-29,0.002314
2023-03-30,0.002322
2023-03-31,0.002333
2023-04-01,0.002347
2023-04-02,0.002363
2023-04-03,0.002382
2023-04-04,0.002403
2023-04-05,0.002426
2023-04-06,0.00245
2023-04-07,0.002477
2023-04-08,0.002504
2023-04-09,0.002533
2023-04-10,0.002563
2023-04-11,0.002608
2023-04-12,0.002679
2023-04-13,0.002771
2023-04-14,0.00288
2023-04-15,0.003
2023-04-16,0.003128
2023-04-17,0.003258
2023-04-18,0.003386
2023-04-19,0.003507
2023-04-20,0.003616
2023-04-21,0.003709
2023-04-22,0.003782
2023-04-23,0.003829
2023-04-24,0.003845
2023-04-25,0.003823
2023-04-26,0.00376
2023-04-27,0.003664
2023-04-28,0.00354
2023-04-29,0.003397
2023-04-30,0.00324
2023-05-01,0.003076
2023-05-02,0.002912
2023-05-03,0.002756
2023-05-04,0.002612
2023-05-05,0.002489
2023-05-06,0.002392
2023-05-07,0.00233
2023-05-08,0.002307
2023-05-09,0.002322
2023-05-10,0.002365
2023-05-11,0.002433
2023-05-12,0.002522
2023-05-13,0.002629
2023-05-14,0.002751
2023-05-15,0.002884
2023-05-16,0.003025
2023-05-17,0.00317
2023-05-18,0.003316
2023-05-19,0.00346
2023-05-20,0.003599
2023-05-21,0.003728
2023-05-22,0.003845
2023-05-23,0.00396
2023-05-24,0.004084
2023-05-25,0.004214
2023-05-26,0.004349
2023-05-27,0.004485
2023-05-28,0.00462
2023-05-29,0.004752
2023-05-30,0.004878
2023-05-31,0.004996
2023-06-01,0.005104
2023-06-02,0.005199
2023-06-03,0.005279
2023-06-04,0.005341
2023-06-05,0.005383
2023-06-06,0.005414
2023-06-07,0.005444
2023-06-08,0.005472
2023-06-09,0.005498
2023-06-10,0.005523
2023-06-11,0.005546
2023-06-12,0.005566
2023-06-13,0.005585
2023-06-14,0.005601
2023-06-15,0.005614
2023-06-16,0.005625
2023-06-17,0.005633
2023-06-18,0.005638
2023-06-19,0.00564
2023-06-20,0.005628
2023-06-21,0.005597
2023-06-22,0.005549
2023-06-23,0.005487
2023-06-24,0.005415
2023-06-25,0.005337
2023-06-26,0.005255
2023-06-27,0.005173
2023-06-28,0.005095
2023-06-29,0.005023
2023-06-30,0.004961
2023-07-01,0.004913
2023-07-02,0.004882
2023-07-03,0.004871
2023-07-04,0.004881
2023-07-05,0.004911
2023-07-06,0.004958
2023-07-07,0.005022
2023-07-08,0.0051
2023-07-09,0.00519
2023-07-10,0.005291
2023-07-11,0.005401
2023-07-12,0.005518
2023-07-13,0.005641
2023-07-14,0.005768
2023-07-15,0.005896
2023-07-16,0.006025
2023-07-17,0.006152
2023-07-18,0.006296
2023-07-19,0.006472
2023-07-20,0.006675
2023-07-21,0.006898
2023-07-22,0.007135
2023-07-23,0.007382
2023-07-24,0.007631
2023-07-25,0.007878
2023-07-26,0.008116
2023-07-27,0.00834
2023-07-28,0.008543
2023-07-29,0.00872
2023-07-30,0.008865
2023-07-31,0.008972
2023-08-01,0.009058
2023-08-02,0.009141
2023-08-03,0.009223
2023-08-04,0.009301
2023-08-05,0.009375
2023-08-06,0.009444
2023-08-07,0.009508
2023-08-08,0.009565
2023-08-09,0.009616
2023-08-10,0.009659
2023-08-11,0.009694
2023-08-12,0.00972
2023-08-13,0.009736
2023-08-14,0.009741
2023-08-15,0.009704
2023-08-16,0.009599
2023-08-17,0.009438
2023-08-18,0.009233
2023-08-19,0.008994
2023-08-20,0.008732
2023-08-21,0.008459
2023-08-22,0.008187
2023-08-23,0.007925
2023-08-24,0.007686
2023-08-25,0.00748
2023-08-26,0.00732
2023-08-27,0.007215
2023-08-28,0.007178
2023-08-29,0.007181
2023-08-30,0.00719
2023-08-31,0.007206
2023-09-01,0.007227
2023-09-02,0.007253
2023-09-03,0.007284
2023-09-04,0.007321
2023-09-05,0.007362
2023-09-06,0.007407
2023-09-07,0.007457
2023-09-08,0.00751
2023-09-09,0.007567
2023-09-10,0.007627
2023-09-11,0.00769
2023-09-12,0.007782
2023-09-13,0.007923
2023-09-14,0.008109
2023-09-15,0.008334
2023-09-16,0.008593
2023-09-17,0.008879
2023-09-18,0.009189
2023-09-19,0.009516
2023-09-20,0.009854
2023-09-21,0.010199
2023-09-22,0.010546
2023-09-23,0.010887
2023-09-24,0.011219
2023-09-25,0.011536
2023-09-26,0.011871
2023-09-27,0.012256
2023-09-28,0.012679
2023-09-29,0.013128
2023-09-30,0.01359
2023-10-01,0.014054
2023-10-02,0.014508
2023-10-03,0.01494
2023-10-04,0.015338
2023-10-05,0.015691
2023-10-06,0.015986
2023-10-07,0.016211
2023-10-08,0.016355
2023-10-09,0.016406
2023-10-10,0.016387
2023-10-11,0.016335
2023-10-12,0.016255
2023-10-13,0.016152
2023-10-14,0.016032
2023-10-15,0.015902
2023-10-16,0.015765
2023-10-17,0.015629
2023-10-18,0.015498
2023-10-19,0.015378
2023-10-20,0.015276
2023-10-21,0.015195
2023-10-22,0.015143
2023-10-23,0.015124
2023-10-24,0.015154
2023-10-25,0.015238
2023-10-26,0.015366
2023-10-27,0.015531
2023-10-28,0.015722
2023-10-29,0.015931
2023-10-30,0.01615
2023-10-31,0.016368
2023-11-01,0.016577
2023-11-02,0.016769
2023-11-03,0.016933
2023-11-04,0.017061
2023-11-05,0.017145
2023-11-06,0.017175
2023-11-07,0.01713
2023-11-08,0.017005
2023-11-09,0.016812
2023-11-10,0.016565
2023-11-11,0.016278
2023-11-12,0.015964
2023-11-13,0.015637
2023-11-14,0.01531
2023-11-15,0.014996
2023-11-16,0.014709
2023-11-17,0.014462
2023-11-18,0.014269
2023-11-19,0.014144
2023-11-20,0.014099
2023-11-21,0.014144
2023-11-22,0.014269
2023-11-23,0.014462
2023-11-24,0.014709
2023-11-25,0.014996
2023-11-26,0.01531
2023-11-27,0.015637
2023-11-28,0.015964
2023-11-29,0.016278
2023-11-30,0.016565
2023-12-01,0.016812
2023-12-02,0.017005
2023-12-03,0.01713
2023-12-04,0.017175
2023-12-05,0.017166
2023-12-06,0.01714
2023-12-07,0.017098
2023-12-08,0.017044
2023-12-09,0.016977
2023-12-10,0.016901
2023-12-11,0.016816
2023-12-12,0.016725
2023-12-13,0.01663
2023-12-14,0.016532
2023-12-15,0.016434
2023-12-16,0.016336
2023-12-17,0.01624
2023-12-18,0.01615
2023-12-19,0.016052
2023-12-20,0.015935
2023-12-21,0.015805
2023-12-22,0.015665
2023-12-23,0.01552
2023-12-24,0.015372
2023-12-25,0.015227
2023-12-26,0.015088
2023-12-27,0.014959
2023-12-28,0.014845
2023-12-29,0.014749
2023-12-30,0.014675
2023-12-31,0.014628
2024-01-01,0.014612
2024-01-02,0.014615
2024-01-03,0.014625
2024-01-04,0.014641
2024-01-05,0.014663
2024-01-06,0.014691
2024-01-07,0.014724
2024-01-08,0.014761
2024-01-09,0.014803
2024-01-10,0.014849
2024-01-11,0.014898
2024-01-12,0.014951
2024-01-13,0.015006
2024-01-14,0.015064
2024-01-15,0.015124
2024-01-16,0.015198
2024-01-17,0.015296
2024-01-18,0.015417
2024-01-19,0.015558
2024-01-20,0.015718
2024-01-21,0.015894
2024-01-22,0.016086
2024-01-23,0.01629
2024-01-24,0.016506
2024-01-25,0.016731
2024-01-26,0.016964
2024-01-27,0.017202
2024-01-28,0.017444
2024-01-29,0.017688
2024-01-30,0.017973
2024-01-31,0.018331
2024-02-01,0.018745
2024-02-02,0.019202
2024-02-03,0.019687
2024-02-04,0.020184
2024-02-05,0.020678
2024-02-06,0.021156
2024-02-07,0.0216
2024-02-08,0.021998
2024-02-09,0.022333
2024-02-10,0.02259
2024-02-11,0.022756
2024-02-12,0.022815
2024-02-13,0.022781
2024-02-14,0.022687
2024-02-15,0.022542
2024-02-16,0.022357
2024-02-17,0.022142
2024-02-18,0.021907
2024-02-19,0.021661
2024-02-20,0.021416
2024-02-21,0.02118
2024-02-22,0.020965
2024-02-23,0.02078
2024-02-24,0.020635
2024-02-25,0.020541
2024-02-26,0.020508
2024-02-27,0.020536
2024-02-28,0.020617
2024-02-29,0.020748
2024-03-01,0.020923
2024-03-02,0.021137
2024-03-03,0.021386
2024-03-04,0.021666
2024-03-05,0.021972
2024-03-06,0.0223
2024-03-07,0.022644
2024-03-08,0.023
2024-03-09,0.023364
2024-03-10,0.023731
2024-03-11,0.024096
2024-03-12,0.024537
2024-03-13,0.025113
2024-03-14,0.025798
2024-03-15,0.026565
2024-03-16,0.027388
2024-03-17,0.028238
2024-03-18,0.02909
2024-03-19,0.029915
2024-03-20,0.030688
2024-03-21,0.031381
2024-03-22,0.031966
2024-03-23,0.032418
2024-03-24,0.032709
2024-03-25,0.032812
2024-03-26,0.03273
2024-03-27,0.0325
2024-03-28,0.032146
2024-03-29,0.031694
2024-03-30,0.031168
2024-03-31,0.030592
2024-04-01,0.029992
2024-04-02,0.029392
2024-04-03,0.028817
2024-04-04,0.028291
2024-04-05,0.027838
2024-04-06,0.027485
2024-04-07,0.027255
2024-04-08,0.027173
2024-04-09,0.027207
2024-04-10,0.027309
2024-04-11,0.027473
2024-04-12,0.027694
2024-04-13,0.027968
2024-04-14,0.02829
2024-04-15,0.028656
2024-04-16,0.029061
2024-04-17,0.029499
2024-04-18,0.029968
2024-04-19,0.030461
2024-04-20,0.030974
2024-04-21,0.031503
2024-04-22,0.032043
2024-04-23,0.032766
2024-04-24,0.033808
2024-04-25,0.035109
2024-04-26,0.036609
2024-04-27,0.038249
2024-04-28,0.039969
2024-04-29,0.04171
2024-04-30,0.043413
2024-05-01,0.045017
2024-05-02,0.046463
2024-05-03,0.047691
2024-05-04,0.048642
2024-05-05,0.049256
2024-05-06,0.049474
2024-05-07,0.049325
2024-05-08,0.048901
2024-05-09,0.048238
2024-05-10,0.047372
2024-05-11,0.046338
2024-05-12,0.045171
2024-05-13,0.043909
2024-05-14,0.042586
2024-05-15,0.041238
2024-05-16,0.039901
2024-05-17,0.038611
2024-05-18,0.037403
2024-05-19,0.036312
2024-05-20,0.035376
2024-05-21,0.034516
2024-05-22,0.033639
2024-05-23,0.032754
2024-05-24,0.03187
2024-05-25,0.030996
2024-05-26,0.030143
2024-05-27,0.029317
2024-05-28,0.02853
2024-05-29,0.027791
2024-05-30,0.027107
2024-05-31,0.026489
2024-06-01,0.025946
2024-06-02,0.025487
2024-06-03,0.025122
2024-06-04,0.024819
2024-06-05,0.02454
2024-06-06,0.024283
2024-06-07,0.024046
2024-06-08,0.023827
2024-06-09,0.023623
2024-06-10,0.023433
2024-06-11,0.023254
2024-06-12,0.023085
2024-06-13,0.022923
2024-06-14,0.022765
2024-06-15,0.022611
2024-06-16,0.022457
2024-06-17,0.022302
2024-06-18,0.022154
2024-06-19,0.022021
2024-06-20,0.0219
2024-06-21,0.021789
2024-06-22,0.021683
2024-06-23,0.02158
2024-06-24,0.021478
2024-06-25,0.021372
2024-06-26,0.021261
2024-06-27,0.02114
2024-06-28,0.021008
2024-06-29,0.02086
2024-06-30,0.020694
2024-07-01,0.020508
2024-07-02,0.020286
2024-07-03,0.020021
2024-07-04,0.019714
2024-07-05,0.019369
2024-07-06,0.018987
2024-07-07,0.018572
2024-07-08,0.018126
2024-07-09,0.017651
2024-07-10,0.017151
2024-07-11,0.016627
2024-07-12,0.016084
2024-07-13,0.015522
2024-07-14,0.014945
2024-07-15,0.014355
