date,California,Colorado,Connecticut,Georgia,Maryland,Michigan,Minnesota,New York,Ohio,Oregon,Tennessee
2015-10-10,38.97,11.76,7.23,11.03,12.36,10.04,2.87,9.79,11.79,4.23,7.13
2015-10-17,38.97,2.94,3.62,11.03,12.36,10.04,5.74,9.79,11.79,4.23,7.13
2015-10-24,38.97,5.88,3.62,11.03,6.18,10.04,11.48,9.79,11.79,4.23,7.13
2015-10-31,38.97,5.88,3.62,11.03,6.18,20.07,5.74,9.79,5.89,2.12,7.13
2015-11-07,38.97,5.88,3.62,11.03,12.36,20.07,5.74,19.57,11.79,4.23,14.25
2015-11-14,38.97,5.88,3.62,11.03,12.36,10.04,5.74,39.14,23.57,8.47,7.13
2015-11-21,38.97,5.88,3.62,11.03,12.36,20.07,5.74,19.57,11.79,4.23,7.13
2015-11-28,38.97,5.88,3.62,11.03,6.18,20.07,2.87,39.14,11.79,2.12,7.13
2015-12-05,77.93,2.94,7.23,11.03,12.36,5.02,5.74,9.79,5.89,4.23,7.13
2015-12-12,116.9,11.76,7.23,11.03,6.18,10.04,5.74,9.79,23.57,4.23,7.13
2015-12-19,38.97,11.76,3.62,11.03,18.54,20.07,5.74,39.14,5.89,4.23,7.13
2015-12-26,155.86,17.63,32.55,11.03,12.36,10.04,11.48,39.14,11.79,4.23,7.13
2016-01-02,116.9,35.27,10.85,11.03,12.36,20.07,11.48,9.79,11.79,4.23,7.13
2016-01-09,389.65,29.39,14.47,11.03,37.08,10.04,11.48,19.57,11.79,8.47,14.25
2016-01-16,311.72,23.51,18.09,11.03,6.18,5.02,17.21,58.71,11.79,12.7,7.13
2016-01-23,194.83,29.39,36.17,22.06,18.54,20.07,17.21,78.28,11.79,25.4,14.25
2016-01-30,389.65,47.02,47.02,22.06,12.36,60.22,22.95,97.86,11.79,29.63,21.38
2016-02-06,467.58,47.02,61.49,44.12,24.72,70.26,57.38,176.14,58.93,42.33,21.38
2016-02-13,740.34,70.53,61.49,66.18,37.08,100.37,57.38,234.85,23.57,63.5,49.89
2016-02-20,779.3,111.67,83.2,143.38,86.52,250.93,137.71,469.71,129.65,63.5,99.77
2016-02-27,818.27,117.55,177.24,176.47,123.61,291.08,200.83,626.28,176.79,33.87,106.9
2016-03-05,935.16,199.84,202.56,198.53,185.41,210.78,269.68,900.28,259.29,105.83,121.15
2016-03-12,896.2,246.86,329.16,242.64,302.83,271.01,309.85,1448.27,436.08,97.37,199.54
2016-03-19,779.3,205.72,238.73,198.53,247.21,170.63,189.35,1585.27,294.65,101.6,121.15
2016-03-26,623.44,188.08,220.65,121.32,197.77,110.41,126.23,1526.55,212.15,101.6,171.04
2016-04-02,506.55,170.45,184.48,88.23,148.33,190.71,114.76,1330.84,165.0,118.53,78.39
2016-04-09,467.58,123.43,130.22,77.2,105.06,80.3,74.59,900.28,94.29,93.13,106.9
2016-04-16,272.76,76.41,119.37,77.2,135.97,100.37,63.12,508.85,141.43,55.03,92.64
2016-04-23,155.86,47.02,75.96,88.23,105.06,100.37,34.43,430.57,141.43,76.2,78.39
2016-04-30,233.79,23.51,36.17,22.06,105.06,80.3,22.95,391.42,106.07,33.87,42.76
2016-05-07,19.48,2.94,3.62,5.51,12.36,10.04,5.74,39.14,5.89,2.12,7.13
2016-05-14,19.48,2.94,3.62,22.06,3.09,20.07,5.74,39.14,11.79,2.12,7.13
2016-05-21,19.48,5.88,1.81,11.03,12.36,10.04,5.74,19.57,11.79,4.23,7.13
2016-05-28,19.48,5.88,1.81,11.03,6.18,10.04,2.87,39.14,11.79,2.12,7.13
2016-06-04,77.93,11.76,3.62,11.03,6.18,5.02,5.74,19.57,11.79,8.47,14.25
2016-06-11,38.97,2.94,1.81,22.06,6.18,10.04,11.48,9.79,11.79,8.47,7.13
2016-06-18,19.48,11.76,7.23,22.06,6.18,20.07,5.74,9.79,5.89,4.23,3.56
2016-06-25,77.93,11.76,3.62,11.03,6.18,5.02,11.48,9.79,5.89,2.12,7.13
2016-07-02,38.97,5.88,3.62,11.03,6.18,5.02,11.48,9.79,5.89,8.47,14.25
2016-07-09,19.48,5.88,3.62,11.03,3.09,20.07,2.87,19.57,11.79,2.12,7.13
2016-07-16,38.97,2.94,3.62,11.03,3.09,5.02,11.48,9.79,11.79,8.47,3.56
2016-07-23,38.97,5.88,7.23,11.03,12.36,5.02,2.87,19.57,23.57,2.12,7.13
2016-07-30,38.97,5.88,7.23,5.51,3.09,10.04,11.48,9.79,11.79,4.23,7.13
2016-08-06,19.48,5.88,1.81,5.51,3.09,10.04,11.48,19.57,11.79,8.47,7.13
2016-08-13,38.97,11.76,3.62,11.03,6.18,10.04,5.74,19.57,23.57,4.23,3.56
2016-08-20,77.93,11.76,7.23,11.03,6.18,20.07,11.48,9.79,11.79,4.23,3.56
2016-08-27,38.97,5.88,3.62,11.03,3.09,20.07,5.74,9.79,11.79,8.47,7.13
2016-09-03,38.97,11.76,1.81,11.03,6.18,5.02,5.74,19.57,11.79,4.23,7.13
2016-09-10,19.48,11.76,1.81,11.03,6.18,10.04,5.74,39.14,11.79,8.47,14.25
2016-09-17,19.48,2.94,7.23,22.06,3.09,10.04,5.74,19.57,23.57,4.23,7.13
2016-09-24,38.97,5.88,7.23,11.03,3.09,5.02,11.48,19.57,23.57,8.47,14.25
2016-10-01,19.48,11.76,3.62,22.06,6.18,20.07,5.74,19.57,11.79,4.23,3.56
2016-10-08,38.97,5.88,7.23,11.03,3.09,20.07,5.74,9.79,11.79,4.23,7.13
2016-10-15,116.9,2.94,3.62,11.03,12.36,20.07,5.74,39.14,5.89,2.12,7.13
2016-10-22,155.86,2.94,3.62,11.03,6.18,20.07,5.74,39.14,11.79,4.23,7.13
2016-10-29,155.86,5.88,3.62,22.06,12.36,10.04,5.74,39.14,11.79,4.23,7.13
2016-11-05,155.86,11.76,10.85,11.03,6.18,10.04,5.74,39.14,11.79,4.23,7.13
2016-11-12,194.83,5.88,10.85,11.03,6.18,10.04,5.74,9.79,11.79,8.47,21.38
2016-11-19,155.86,17.63,14.47,11.03,6.18,10.04,11.48,9.79,5.89,8.47,7.13
2016-11-26,194.83,29.39,7.23,11.03,18.54,10.04,11.48,39.14,23.57,38.1,14.25
2016-12-03,233.79,47.02,14.47,33.09,18.54,5.02,11.48,9.79,23.57,42.33,14.25
2016-12-10,623.44,41.14,18.09,44.12,18.54,20.07,5.74,39.14,35.36,71.97,14.25
2016-12-17,701.37,47.02,21.7,44.12,30.9,20.07,11.48,78.28,23.57,101.6,28.51
2016-12-24,1363.78,94.04,43.41,132.35,49.44,10.04,17.21,195.71,35.36,220.13,57.01
2016-12-31,3078.25,129.31,79.58,176.47,92.7,50.19,45.9,508.85,94.29,478.37,149.66
2017-01-07,4792.72,211.59,101.28,220.58,111.24,60.22,63.12,508.85,176.79,537.64,78.39
2017-01-14,4208.24,176.33,137.45,209.56,74.16,80.3,63.12,547.99,117.86,491.07,114.02
2017-01-21,2883.42,170.45,245.97,264.7,160.69,160.6,149.19,743.71,212.15,351.37,156.78
2017-01-28,1909.29,182.21,231.5,154.41,241.03,200.75,212.3,724.13,223.93,198.97,142.53
2017-02-04,1870.33,235.1,274.91,176.47,259.57,160.6,218.04,861.13,353.58,211.67,156.78
2017-02-11,1246.89,235.1,296.61,341.91,414.08,321.19,304.11,1174.27,542.15,215.9,277.93
2017-02-18,740.34,305.64,325.55,408.08,494.42,521.94,395.92,1487.41,636.44,67.73,292.19
2017-02-25,584.48,240.98,325.55,441.17,661.29,772.87,355.75,1604.84,742.51,71.97,270.81
2017-03-04,506.55,229.23,166.39,165.44,346.09,391.45,240.99,861.13,483.22,42.33,206.67
2017-03-11,467.58,211.59,133.84,220.58,253.39,321.19,240.99,587.14,436.08,33.87,178.16
2017-03-18,233.79,193.96,130.22,231.61,234.85,421.56,263.94,430.57,412.51,29.63,185.29
2017-03-25,272.76,141.06,115.75,253.67,290.47,521.94,321.32,567.57,530.37,33.87,220.92
2017-04-01,272.76,146.94,79.58,198.53,339.91,341.27,321.32,547.99,377.15,50.8,156.78
2017-04-08,311.72,94.04,170.01,121.32,203.95,301.12,195.09,430.57,259.29,16.93,128.28
2017-04-15,194.83,70.53,101.28,55.15,117.42,220.82,149.19,469.71,141.43,33.87,57.01
2017-04-22,194.83,64.65,97.66,33.09,80.34,80.3,74.59,274.0,94.29,21.17,64.14
2017-04-29,233.79,47.02,43.41,22.06,30.9,20.07,45.9,195.71,129.65,29.63,21.38
2017-05-06,77.93,5.88,3.62,11.03,12.36,20.07,2.87,9.79,11.79,8.47,7.13
2017-05-13,19.48,5.88,7.23,22.06,3.09,5.02,5.74,19.57,5.89,4.23,3.56
2017-05-20,38.97,5.88,1.81,11.03,6.18,5.02,5.74,19.57,11.79,4.23,7.13
2017-05-27,38.97,5.88,3.62,22.06,6.18,5.02,5.74,19.57,11.79,2.12,14.25
2017-06-03,19.48,11.76,3.62,5.51,6.18,10.04,11.48,9.79,11.79,4.23,7.13
2017-06-10,38.97,5.88,1.81,5.51,3.09,20.07,2.87,9.79,5.89,4.23,7.13
2017-06-17,38.97,2.94,1.81,5.51,6.18,5.02,5.74,39.14,5.89,2.12,3.56
2017-06-24,38.97,2.94,1.81,22.06,6.18,10.04,11.48,39.14,11.79,4.23,7.13
2017-07-01,38.97,5.88,1.81,11.03,3.09,5.02,5.74,19.57,5.89,8.47,7.13
2017-07-08,38.97,5.88,7.23,5.51,6.18,10.04,11.48,39.14,11.79,4.23,14.25
2017-07-15,38.97,5.88,7.23,5.51,6.18,10.04,2.87,19.57,5.89,2.12,7.13
2017-07-22,19.48,11.76,1.81,11.03,3.09,10.04,2.87,9.79,23.57,4.23,7.13
2017-07-29,19.48,2.94,7.23,22.06,6.18,10.04,11.48,9.79,11.79,2.12,14.25
2017-08-05,19.48,5.88,3.62,11.03,6.18,10.04,11.48,19.57,5.89,8.47,3.56
2017-08-12,38.97,5.88,1.81,11.03,12.36,5.02,5.74,19.57,5.89,4.23,3.56
2017-08-19,38.97,11.76,1.81,11.03,6.18,10.04,5.74,19.57,5.89,2.12,7.13
2017-08-26,38.97,11.76,3.62,5.51,12.36,5.02,2.87,9.79,11.79,4.23,7.13
2017-09-02,19.48,2.94,3.62,11.03,3.09,10.04,5.74,19.57,11.79,8.47,3.56
2017-09-09,19.48,11.76,3.62,22.06,3.09,20.07,5.74,19.57,5.89,8.47,7.13
2017-09-16,19.48,11.76,3.62,11.03,6.18,10.04,5.74,19.57,23.57,4.23,3.56
2017-09-23,38.97,11.76,3.62,22.06,6.18,20.07,5.74,9.79,11.79,4.23,7.13
2017-09-30,38.97,5.88,1.81,22.06,3.09,20.07,2.87,19.57,11.79,8.47,7.13
2017-10-07,77.93,5.88,3.62,11.03,18.54,10.04,5.74,39.14,5.89,4.23,3.56
2017-10-14,38.97,5.88,7.23,11.03,12.36,10.04,11.48,9.79,23.57,8.47,7.13
2017-10-21,194.83,23.51,3.62,22.06,12.36,10.04,11.48,19.57,11.79,4.23,7.13
2017-10-28,233.79,17.63,3.62,5.51,24.72,10.04,11.48,19.57,5.89,12.7,14.25
2017-11-04,155.86,41.14,7.23,22.06,18.54,10.04,5.74,9.79,23.57,12.7,35.63
2017-11-11,233.79,41.14,7.23,22.06,6.18,20.07,17.21,9.79,11.79,33.87,21.38
2017-11-18,233.79,64.65,7.23,11.03,12.36,20.07,22.95,78.28,11.79,25.4,35.63
2017-11-25,350.69,129.31,10.85,44.12,18.54,50.19,51.64,58.71,23.57,42.33,35.63
2017-12-02,272.76,170.45,3.62,55.15,37.08,90.34,74.59,215.28,82.5,63.5,99.77
2017-12-09,389.65,158.7,25.32,66.18,74.16,80.3,103.28,274.0,117.86,101.6,99.77
2017-12-16,857.23,164.57,61.49,66.18,86.52,150.56,154.92,547.99,259.29,207.43,220.92
2017-12-23,2259.98,293.88,79.58,231.61,135.97,271.01,292.63,1056.85,530.37,351.37,513.11
2017-12-30,6000.64,434.94,115.75,341.91,228.67,622.31,671.34,1448.27,966.45,486.84,534.49
2018-01-06,7948.9,423.19,260.44,606.61,364.63,853.17,722.98,2035.41,1119.66,469.9,577.25
2018-01-13,4831.68,340.9,314.69,1003.66,377.0,1094.06,613.96,2113.69,1308.24,402.17,734.03
2018-01-20,3584.8,305.64,390.66,1025.72,432.62,1023.8,671.34,1976.69,1048.95,258.23,584.37
2018-01-27,2454.81,288.0,510.02,1047.78,580.94,1224.55,522.15,2681.26,825.02,186.27,584.37
2018-02-03,1909.29,282.13,415.98,1113.95,599.48,913.39,470.51,2524.69,695.37,139.7,441.84
2018-02-10,1363.78,235.1,408.74,948.51,618.03,903.35,424.61,2211.55,671.8,80.43,470.35
2018-02-17,1246.89,223.35,376.19,661.75,568.58,672.5,395.92,2191.98,683.58,76.2,498.85
2018-02-24,1363.78,176.33,321.93,264.7,525.32,642.38,355.75,1878.84,707.16,93.13,384.83
2018-03-03,1909.29,164.57,224.26,66.18,278.11,582.16,206.56,1330.84,353.58,63.5,163.91
2018-03-10,2065.16,158.7,148.3,66.18,191.59,451.68,126.23,900.28,212.15,97.37,114.02
2018-03-17,1792.4,105.8,148.3,99.26,203.95,481.79,137.71,900.28,282.86,80.43,128.28
2018-03-24,935.16,99.92,104.9,77.2,179.23,582.16,86.07,802.42,341.79,67.73,142.53
2018-03-31,779.3,76.41,97.66,66.18,197.77,592.2,91.81,1095.99,412.51,63.5,92.64
2018-04-07,545.51,70.53,115.75,33.09,166.87,491.83,91.81,978.56,341.79,55.03,42.76
2018-04-14,428.62,41.14,79.58,22.06,105.06,511.9,74.59,626.28,165.0,42.33,42.76
2018-04-21,233.79,41.14,43.41,22.06,123.61,281.04,51.64,547.99,129.65,16.93,42.76
2018-04-28,311.72,47.02,79.58,11.03,61.8,291.08,57.38,567.57,82.5,8.47,35.63
2018-05-05,77.93,11.76,3.62,5.51,12.36,10.04,2.87,39.14,11.79,2.12,7.13
2018-05-12,77.93,5.88,3.62,11.03,3.09,10.04,5.74,9.79,5.89,4.23,7.13
2018-05-19,38.97,2.94,1.81,22.06,6.18,10.04,5.74,19.57,5.89,4.23,7.13
2018-05-26,19.48,11.76,3.62,22.06,6.18,10.04,2.87,19.57,11.79,8.47,7.13
2018-06-02,19.48,5.88,3.62,5.51,6.18,10.04,11.48,19.57,11.79,4.23,3.56
2018-06-09,19.48,5.88,3.62,22.06,6.18,20.07,2.87,19.57,5.89,8.47,7.13
2018-06-16,38.97,11.76,3.62,11.03,6.18,20.07,11.48,19.57,11.79,4.23,14.25
2018-06-23,19.48,2.94,7.23,11.03,6.18,10.04,2.87,39.14,11.79,8.47,3.56
2018-06-30,38.97,11.76,1.81,5.51,3.09,10.04,5.74,9.79,23.57,4.23,14.25
2018-07-07,38.97,5.88,3.62,11.03,6.18,5.02,5.74,19.57,11.79,2.12,3.56
2018-07-14,38.97,11.76,1.81,5.51,6.18,10.04,2.87,19.57,5.89,2.12,14.25
2018-07-21,77.93,11.76,3.62,11.03,6.18,10.04,2.87,19.57,11.79,8.47,14.25
2018-07-28,19.48,5.88,3.62,22.06,3.09,10.04,11.48,19.57,23.57,4.23,14.25
2018-08-04,38.97,11.76,3.62,5.51,3.09,20.07,5.74,19.57,11.79,4.23,7.13
2018-08-11,38.97,5.88,7.23,5.51,3.09,20.07,11.48,19.57,5.89,4.23,14.25
2018-08-18,38.97,11.76,7.23,11.03,3.09,20.07,5.74,9.79,11.79,2.12,7.13
2018-08-25,38.97,5.88,7.23,5.51,3.09,10.04,5.74,19.57,11.79,4.23,14.25
2018-09-01,19.48,5.88,7.23,11.03,12.36,5.02,5.74,9.79,11.79,8.47,7.13
2018-09-08,38.97,2.94,3.62,11.03,3.09,10.04,5.74,19.57,23.57,4.23,3.56
2018-09-15,77.93,5.88,1.81,11.03,12.36,10.04,2.87,19.57,11.79,2.12,7.13
2018-09-22,38.97,5.88,7.23,5.51,6.18,10.04,2.87,19.57,11.79,4.23,7.13
2018-09-29,19.48,2.94,3.62,5.51,12.36,10.04,5.74,9.79,11.79,4.23,3.56
2018-10-06,77.93,5.88,3.62,11.03,3.09,20.07,5.74,9.79,11.79,4.23,14.25
2018-10-13,77.93,5.88,7.23,11.03,6.18,20.07,5.74,19.57,11.79,4.23,7.13
2018-10-20,77.93,11.76,3.62,11.03,6.18,10.04,11.48,9.79,5.89,4.23,14.25
2018-10-27,77.93,5.88,3.62,11.03,12.36,10.04,5.74,19.57,23.57,4.23,21.38
2018-11-03,38.97,11.76,10.85,33.09,6.18,20.07,5.74,9.79,5.89,8.47,14.25
2018-11-10,77.93,5.88,7.23,55.15,6.18,10.04,11.48,9.79,11.79,8.47,21.38
2018-11-17,77.93,11.76,3.62,77.2,12.36,60.22,11.48,9.79,5.89,12.7,21.38
2018-11-24,155.86,23.51,7.23,88.23,6.18,60.22,5.74,39.14,23.57,8.47,14.25
2018-12-01,272.76,47.02,7.23,121.32,24.72,80.3,11.48,58.71,23.57,12.7,28.51
2018-12-08,155.86,111.67,7.23,165.44,18.54,40.15,17.21,97.86,11.79,4.23,35.63
2018-12-15,272.76,170.45,32.55,319.85,24.72,120.45,11.48,156.57,23.57,25.4,57.01
2018-12-22,545.51,288.0,75.96,463.23,30.9,160.6,28.69,156.57,70.72,4.23,99.77
2018-12-29,701.37,382.04,151.92,529.4,49.44,230.86,51.64,411.0,141.43,33.87,242.3
2019-01-05,1441.71,340.9,170.01,374.99,86.52,230.86,51.64,547.99,94.29,59.27,285.06
2019-01-12,1441.71,252.74,162.77,121.32,86.52,200.75,63.12,606.71,129.65,50.8,142.53
2019-01-19,1052.06,146.94,177.24,132.35,86.52,311.16,40.17,626.28,129.65,38.1,92.64
2019-01-26,857.23,135.19,170.01,121.32,117.42,321.19,74.59,704.56,129.65,80.43,178.16
2019-02-02,1013.1,111.67,289.37,132.35,197.77,351.3,114.76,978.56,235.72,93.13,242.3
2019-02-09,896.2,141.06,314.69,187.5,278.11,220.82,103.28,1291.7,223.93,143.93,377.7
2019-02-16,1246.89,158.7,256.82,198.53,278.11,271.01,126.23,1643.98,341.79,224.37,299.31
2019-02-23,1597.57,217.47,220.65,176.47,327.55,291.08,223.78,1761.41,542.15,275.17,292.19
2019-03-02,2221.02,252.74,177.24,121.32,327.55,351.3,172.14,1761.41,447.87,372.54,171.04
2019-03-09,1870.33,311.51,206.18,110.29,463.52,491.83,258.21,1683.12,766.09,368.3,213.79
2019-03-16,1480.68,240.98,198.94,132.35,457.34,853.17,252.47,2015.84,860.37,465.67,249.43
2019-03-23,1636.54,235.1,148.3,121.32,352.27,893.32,172.14,2094.12,636.44,402.17,156.78
2019-03-30,1129.99,135.19,217.03,88.23,315.19,702.61,189.35,1546.13,365.36,215.9,142.53
2019-04-06,740.34,94.04,159.16,110.29,210.13,582.16,131.97,1448.27,259.29,97.37,114.02
2019-04-13,428.62,52.9,119.37,66.18,185.41,311.16,109.02,1095.99,129.65,33.87,78.39
2019-04-20,272.76,47.02,101.28,44.12,80.34,170.63,57.38,684.99,70.72,8.47,49.89
2019-04-27,272.76,47.02,61.49,33.09,55.62,130.48,57.38,469.71,35.36,4.23,28.51
2019-05-04,38.97,2.94,3.62,11.03,6.18,20.07,5.74,39.14,5.89,2.12,7.13
2019-05-11,38.97,5.88,7.23,11.03,12.36,10.04,11.48,9.79,11.79,4.23,14.25
2019-05-18,38.97,2.94,7.23,5.51,6.18,10.04,2.87,9.79,5.89,4.23,3.56
2019-05-25,38.97,2.94,7.23,5.51,3.09,10.04,5.74,19.57,5.89,8.47,7.13
2019-06-01,77.93,5.88,7.23,22.06,3.09,10.04,2.87,39.14,11.79,8.47,3.56
2019-06-08,38.97,11.76,7.23,11.03,6.18,20.07,2.87,19.57,11.79,2.12,7.13
2019-06-15,77.93,2.94,7.23,5.51,12.36,5.02,2.87,39.14,5.89,4.23,7.13
2019-06-22,19.48,5.88,3.62,5.51,6.18,10.04,5.74,39.14,11.79,4.23,3.56
2019-06-29,38.97,5.88,3.62,11.03,6.18,5.02,11.48,9.79,11.79,4.23,14.25
2019-07-06,77.93,5.88,3.62,5.51,6.18,20.07,2.87,39.14,11.79,2.12,3.56
2019-07-13,19.48,5.88,3.62,5.51,12.36,20.07,5.74,19.57,11.79,2.12,14.25
2019-07-20,77.93,2.94,3.62,22.06,6.18,5.02,11.48,19.57,11.79,4.23,3.56
2019-07-27,38.97,11.76,1.81,11.03,12.36,20.07,5.74,39.14,11.79,8.47,7.13
2019-08-03,19.48,2.94,7.23,22.06,12.36,20.07,11.48,9.79,11.79,2.12,7.13
2019-08-10,19.48,5.88,3.62,22.06,12.36,10.04,2.87,19.57,23.57,4.23,7.13
2019-08-17,38.97,11.76,1.81,11.03,12.36,10.04,5.74,19.57,11.79,4.23,7.13
2019-08-24,77.93,5.88,7.23,11.03,6.18,10.04,11.48,19.57,23.57,4.23,7.13
2019-08-31,19.48,2.94,7.23,11.03,3.09,10.04,5.74,19.57,23.57,4.23,7.13
2019-09-07,38.97,5.88,3.62,11.03,12.36,5.02,5.74,19.57,11.79,8.47,7.13
2019-09-14,38.97,5.88,7.23,11.03,6.18,10.04,11.48,19.57,23.57,2.12,7.13
2019-09-21,77.93,11.76,3.62,5.51,12.36,10.04,5.74,19.57,11.79,8.47,7.13
2019-09-28,77.93,2.94,1.81,11.03,6.18,20.07,11.48,9.79,11.79,2.12,3.56
2019-10-05,77.93,5.88,7.23,11.03,6.18,20.07,5.74,39.14,11.79,4.23,7.13
2019-10-12,38.97,5.88,7.23,33.09,6.18,10.04,5.74,19.57,11.79,4.23,7.13
2019-10-19,38.97,17.63,7.23,11.03,18.54,10.04,5.74,19.57,23.57,4.23,14.25
2019-10-26,155.86,17.63,7.23,22.06,6.18,20.07,11.48,9.79,11.79,4.23,21.38
2019-11-02,272.76,17.63,3.62,22.06,6.18,20.07,11.48,39.14,11.79,12.7,7.13
2019-11-09,350.69,29.39,14.47,33.09,3.09,20.07,17.21,9.79,11.79,4.23,14.25
2019-11-16,428.62,23.51,3.62,55.15,6.18,50.19,28.69,39.14,11.79,8.47,14.25
2019-11-23,350.69,47.02,3.62,99.26,18.54,140.52,34.43,39.14,11.79,38.1,49.89
2019-11-30,350.69,47.02,10.85,143.38,49.44,110.41,68.85,97.86,11.79,42.33,92.64
2019-12-07,623.44,70.53,10.85,231.61,49.44,150.56,57.38,39.14,47.14,50.8,149.66
2019-12-14,662.41,76.41,43.41,330.88,67.98,170.63,86.07,156.57,94.29,88.9,185.29
2019-12-21,779.3,117.55,68.73,452.2,117.42,210.78,143.45,332.71,223.93,76.2,206.67
2019-12-28,1207.92,217.47,133.84,749.99,278.11,471.75,223.78,684.99,388.94,135.47,420.46
2020-01-04,1909.29,240.98,217.03,683.81,395.54,491.83,298.37,1056.85,306.43,203.2,441.84
2020-01-11,1831.36,252.74,195.33,463.23,321.37,471.75,212.3,1213.42,341.79,101.6,256.55
2020-01-18,1753.43,229.23,170.01,386.02,370.82,210.78,223.78,1037.27,365.36,97.37,192.42
2020-01-25,1948.26,282.13,296.61,363.96,377.0,401.49,281.16,1213.42,459.65,63.5,171.04
2020-02-01,1675.5,288.0,336.4,518.37,506.78,361.34,263.94,1683.12,565.72,88.9,363.45
2020-02-08,1714.47,317.39,434.06,507.34,482.06,531.97,367.23,1917.98,789.66,63.5,377.7
2020-02-15,1675.5,229.23,314.69,308.82,395.54,672.5,367.23,1565.7,707.16,33.87,299.31
2020-02-22,1753.43,223.35,260.44,308.82,315.19,712.65,447.56,1820.12,589.3,84.67,256.55
2020-02-29,1441.71,176.33,220.65,220.58,309.01,833.09,413.13,1350.41,565.72,105.83,256.55
2020-03-07,974.13,176.33,206.18,220.58,234.85,772.87,355.75,1213.42,424.29,148.17,285.06
2020-03-14,701.37,123.43,119.37,165.44,197.77,521.94,223.78,1017.7,294.65,88.9,228.05
2020-03-21,233.79,47.02,43.41,88.23,74.16,250.93,103.28,411.0,153.22,55.03,85.52
2020-03-28,38.97,11.76,7.23,22.06,24.72,40.15,28.69,58.71,82.5,12.7,21.38
2020-04-04,38.97,5.88,3.62,11.03,6.18,10.04,11.48,39.14,11.79,4.23,14.25
2020-04-11,19.48,5.88,3.62,11.03,6.18,20.07,5.74,9.79,11.79,4.23,7.13
2020-04-18,38.97,5.88,3.62,11.03,6.18,5.02,5.74,39.14,5.89,4.23,14.25
2020-04-25,38.97,5.88,1.81,11.03,6.18,10.04,11.48,9.79,11.79,4.23,7.13
2020-05-02,19.48,5.88,3.62,22.06,12.36,10.04,2.87,39.14,5.89,4.23,7.13
2020-05-09,38.97,5.88,3.62,11.03,6.18,10.04,5.74,19.57,11.79,4.23,14.25
2020-05-16,38.97,5.88,3.62,11.03,12.36,10.04,2.87,19.57,23.57,4.23,3.56
2020-05-23,19.48,2.94,1.81,22.06,6.18,20.07,5.74,19.57,23.57,4.23,3.56
2020-05-30,38.97,5.88,7.23,11.03,6.18,10.04,11.48,39.14,11.79,8.47,7.13
2020-06-06,77.93,2.94,3.62,11.03,12.36,5.02,2.87,39.14,5.89,2.12,14.25
2020-06-13,38.97,11.76,3.62,11.03,6.18,10.04,5.74,9.79,11.79,8.47,14.25
2020-06-20,38.97,5.88,1.81,5.51,6.18,10.04,5.74,19.57,11.79,4.23,14.25
2020-06-27,77.93,2.94,3.62,11.03,6.18,20.07,2.87,19.57,5.89,4.23,7.13
2020-07-04,38.97,5.88,3.62,11.03,6.18,5.02,2.87,19.57,23.57,4.23,7.13
2020-07-11,77.93,5.88,1.81,11.03,12.36,10.04,11.48,19.57,11.79,2.12,3.56
2020-07-18,19.48,11.76,1.81,22.06,6.18,10.04,2.87,9.79,11.79,4.23,7.13
2020-07-25,38.97,5.88,1.81,22.06,6.18,10.04,5.74,19.57,23.57,8.47,3.56
2020-08-01,38.97,5.88,7.23,5.51,6.18,20.07,11.48,19.57,11.79,4.23,14.25
2020-08-08,19.48,5.88,1.81,11.03,12.36,10.04,5.74,9.79,5.89,4.23,14.25
2020-08-15,38.97,5.88,1.81,11.03,6.18,10.04,5.74,19.57,23.57,8.47,3.56
2020-08-22,19.48,5.88,3.62,11.03,6.18,10.04,5.74,39.14,11.79,4.23,7.13
2020-08-29,77.93,11.76,3.62,22.06,6.18,20.07,5.74,39.14,11.79,8.47,7.13
2020-09-05,38.97,11.76,3.62,5.51,6.18,20.07,2.87,9.79,5.89,4.23,3.56
2020-09-12,38.97,11.76,7.23,11.03,3.09,10.04,5.74,39.14,5.89,4.23,7.13
2020-09-19,38.97,2.94,3.62,11.03,6.18,10.04,5.74,9.79,5.89,2.12,7.13
2020-09-26,38.97,5.88,1.81,11.03,3.09,10.04,5.74,39.14,5.89,8.47,7.13
2020-10-03,19.48,5.88,3.62,11.03,3.09,10.04,5.74,39.14,11.79,4.23,3.56
2020-10-10,77.93,5.88,7.23,5.51,6.18,10.04,5.74,9.79,23.57,4.23,14.25
2020-10-17,77.93,5.88,1.81,11.03,12.36,20.07,5.74,9.79,5.89,8.47,7.13
2020-10-24,19.48,5.88,3.62,11.03,3.09,10.04,5.74,19.57,23.57,8.47,14.25
2020-10-31,38.97,5.88,3.62,11.03,12.36,10.04,11.48,19.57,5.89,4.23,14.25
2020-11-07,77.93,2.94,3.62,11.03,12.36,20.07,5.74,19.57,11.79,2.12,14.25
2020-11-14,38.97,2.94,3.62,11.03,3.09,20.07,5.74,19.57,5.89,8.47,7.13
2020-11-21,38.97,11.76,3.62,5.51,6.18,5.02,5.74,39.14,11.79,4.23,7.13
2020-11-28,38.97,5.88,7.23,22.06,3.09,20.07,5.74,39.14,23.57,4.23,7.13
2020-12-05,77.93,5.88,3.62,22.06,12.36,10.04,2.87,9.79,11.79,2.12,3.56
2020-12-12,77.93,11.76,7.23,11.03,3.09,5.02,11.48,9.79,11.79,4.23,7.13
2020-12-19,38.97,5.88,7.23,11.03,6.18,10.04,5.74,19.57,11.79,4.23,3.56
2020-12-26,77.93,2.94,3.62,22.06,12.36,10.04,5.74,19.57,11.79,4.23,3.56
2021-01-02,19.48,11.76,3.62,5.51,12.36,20.07,11.48,19.57,5.89,8.47,7.13
2021-01-09,77.93,5.88,3.62,11.03,12.36,5.02,5.74,9.79,11.79,2.12,7.13
2021-01-16,19.48,11.76,3.62,11.03,3.09,10.04,5.74,19.57,11.79,8.47,14.25
2021-01-23,38.97,5.88,3.62,11.03,3.09,20.07,5.74,19.57,5.89,2.12,7.13
2021-01-30,38.97,5.88,3.62,5.51,6.18,10.04,11.48,19.57,23.57,8.47,7.13
2021-02-06,19.48,11.76,3.62,22.06,6.18,20.07,5.74,19.57,23.57,4.23,14.25
2021-02-13,38.97,5.88,1.81,11.03,6.18,10.04,5.74,39.14,5.89,4.23,14.25
2021-02-20,38.97,11.76,7.23,11.03,6.18,20.07,5.74,9.79,23.57,4.23,7.13
2021-02-27,19.48,11.76,3.62,5.51,6.18,20.07,5.74,19.57,11.79,8.47,7.13
2021-03-06,77.93,5.88,1.81,11.03,12.36,20.07,11.48,9.79,23.57,4.23,3.56
2021-03-13,77.93,5.88,3.62,11.03,6.18,10.04,11.48,9.79,11.79,2.12,14.25
2021-03-20,38.97,5.88,3.62,22.06,12.36,10.04,5.74,9.79,11.79,8.47,3.56
2021-03-27,38.97,5.88,3.62,11.03,6.18,5.02,5.74,19.57,5.89,8.47,14.25
2021-04-03,38.97,5.88,3.62,11.03,6.18,10.04,5.74,39.14,23.57,4.23,14.25
2021-04-10,77.93,5.88,3.62,5.51,6.18,20.07,2.87,9.79,23.57,8.47,3.56
2021-04-17,38.97,11.76,1.81,11.03,12.36,10.04,5.74,19.57,11.79,4.23,7.13
2021-04-24,77.93,2.94,3.62,5.51,6.18,10.04,5.74,19.57,5.89,8.47,3.56
2021-05-01,38.97,5.88,3.62,11.03,6.18,20.07,11.48,19.57,11.79,4.23,14.25
2021-05-08,77.93,11.76,3.62,22.06,6.18,10.04,2.87,39.14,5.89,2.12,7.13
2021-05-15,19.48,5.88,3.62,11.03,3.09,20.07,5.74,39.14,5.89,4.23,7.13
2021-05-22,77.93,2.94,3.62,5.51,6.18,5.02,5.74,9.79,11.79,8.47,7.13
2021-05-29,19.48,11.76,3.62,5.51,6.18,20.07,11.48,39.14,11.79,4.23,7.13
2021-06-05,38.97,5.88,3.62,5.51,12.36,10.04,2.87,9.79,11.79,2.12,7.13
2021-06-12,38.97,11.76,1.81,11.03,6.18,10.04,2.87,39.14,11.79,2.12,14.25
2021-06-19,38.97,5.88,3.62,11.03,6.18,20.07,5.74,19.57,5.89,4.23,7.13
2021-06-26,77.93,11.76,3.62,11.03,6.18,5.02,11.48,9.79,23.57,2.12,14.25
2021-07-03,38.97,5.88,1.81,5.51,3.09,20.07,5.74,19.57,5.89,4.23,7.13
2021-07-10,77.93,5.88,3.62,5.51,6.18,5.02,11.48,19.57,11.79,4.23,3.56
2021-07-17,38.97,11.76,1.81,11.03,3.09,10.04,5.74,19.57,23.57,4.23,7.13
2021-07-24,38.97,5.88,1.81,5.51,6.18,20.07,5.74,9.79,11.79,2.12,14.25
2021-07-31,38.97,5.88,3.62,11.03,6.18,5.02,2.87,19.57,5.89,8.47,7.13
2021-08-07,19.48,2.94,3.62,22.06,6.18,10.04,5.74,9.79,11.79,4.23,7.13
2021-08-14,19.48,5.88,1.81,5.51,3.09,10.04,5.74,19.57,23.57,4.23,7.13
2021-08-21,77.93,5.88,7.23,5.51,6.18,20.07,5.74,39.14,11.79,4.23,7.13
2021-08-28,38.97,11.76,3.62,5.51,6.18,20.07,5.74,39.14,11.79,4.23,7.13
2021-09-04,38.97,11.76,3.62,5.51,3.09,10.04,2.87,19.57,5.89,2.12,3.56
2021-09-11,38.97,2.94,1.81,11.03,3.09,20.07,2.87,19.57,11.79,4.23,7.13
2021-09-18,38.97,2.94,1.81,22.06,6.18,10.04,5.74,9.79,23.57,8.47,14.25
2021-09-25,77.93,2.94,1.81,22.06,12.36,20.07,5.74,19.57,5.89,8.47,14.25
2021-10-02,19.48,5.88,7.23,22.06,6.18,10.04,5.74,9.79,11.79,4.23,3.56
2021-10-09,38.97,5.88,7.23,11.03,3.09,20.07,5.74,9.79,11.79,4.23,3.56
2021-10-16,38.97,5.88,3.62,11.03,6.18,10.04,5.74,19.57,11.79,4.23,7.13
2021-10-23,77.93,5.88,7.23,11.03,12.36,10.04,5.74,9.79,23.57,8.47,7.13
2021-10-30,77.93,5.88,7.23,11.03,12.36,20.07,5.74,9.79,11.79,8.47,7.13
2021-11-06,38.97,5.88,1.81,5.51,6.18,10.04,5.74,9.79,11.79,4.23,7.13
2021-11-13,38.97,5.88,3.62,11.03,12.36,10.04,5.74,19.57,11.79,4.23,14.25
2021-11-20,38.97,5.88,3.62,11.03,12.36,30.11,5.74,19.57,11.79,8.47,14.25
2021-11-27,38.97,5.88,7.23,33.09,6.18,10.04,5.74,39.14,11.79,8.47,35.63
2021-12-04,38.97,29.39,10.85,33.09,18.54,20.07,17.21,58.71,23.57,4.23,35.63
2021-12-11,19.48,29.39,25.32,33.09,49.44,80.3,28.69,156.57,23.57,4.23,28.51
2021-12-18,19.48,52.9,21.7,66.18,49.44,80.3,51.64,137.0,35.36,8.47,78.39
2021-12-25,38.97,41.14,14.47,66.18,49.44,30.11,97.54,137.0,47.14,4.23,121.15
2022-01-01,38.97,82.29,32.55,88.23,61.8,100.37,109.02,195.71,47.14,4.23,106.9
2022-01-08,38.97,70.53,14.47,33.09,49.44,60.22,74.59,39.14,47.14,2.12,49.89
2022-01-15,38.97,41.14,3.62,11.03,18.54,70.26,45.9,58.71,11.79,8.47,28.51
2022-01-22,77.93,11.76,3.62,11.03,6.18,40.15,28.69,39.14,11.79,2.12,28.51
2022-01-29,38.97,5.88,3.62,33.09,6.18,20.07,17.21,39.14,11.79,4.23,14.25
2022-02-05,19.48,5.88,10.85,11.03,6.18,10.04,17.21,19.57,11.79,2.12,28.51
2022-02-12,77.93,11.76,7.23,44.12,12.36,20.07,11.48,9.79,11.79,4.23,21.38
2022-02-19,77.93,5.88,3.62,44.12,18.54,30.11,11.48,19.57,5.89,4.23,49.89
2022-02-26,38.97,11.76,7.23,44.12,24.72,20.07,5.74,19.57,11.79,4.23,35.63
2022-03-05,38.97,11.76,7.23,44.12,24.72,40.15,11.48,39.14,47.14,8.47,35.63
2022-03-12,38.97,23.51,14.47,44.12,24.72,60.22,17.21,97.86,11.79,4.23,28.51
2022-03-19,38.97,35.27,18.09,33.09,18.54,90.34,17.21,176.14,47.14,4.23,57.01
2022-03-26,38.97,82.29,28.94,44.12,30.9,100.37,28.69,156.57,11.79,4.23,49.89
2022-04-02,38.97,88.16,32.55,66.18,49.44,140.52,22.95,391.42,47.14,4.23,85.52
2022-04-09,38.97,64.65,50.64,66.18,67.98,140.52,17.21,547.99,129.65,8.47,42.76
2022-04-16,38.97,135.19,75.96,77.2,61.8,110.41,28.69,430.57,106.07,8.47,35.63
2022-04-23,77.93,141.06,65.11,66.18,55.62,100.37,45.9,469.71,129.65,21.17,14.25
2022-04-30,155.86,164.57,65.11,66.18,49.44,60.22,51.64,508.85,106.07,8.47,21.38
2022-05-07,77.93,158.7,86.81,66.18,55.62,190.71,40.17,274.0,70.72,16.93,14.25
2022-05-14,155.86,82.29,94.05,66.18,49.44,140.52,22.95,391.42,94.29,29.63,42.76
2022-05-21,272.76,64.65,18.09,66.18,30.9,100.37,11.48,274.0,58.93,21.17,35.63
2022-05-28,311.72,76.41,28.94,66.18,18.54,40.15,17.21,117.43,35.36,8.47,21.38
2022-06-04,194.83,29.39,18.09,66.18,18.54,60.22,5.74,97.86,23.57,21.17,35.63
2022-06-11,194.83,17.63,7.23,44.12,6.18,60.22,11.48,39.14,11.79,12.7,14.25
2022-06-18,19.48,5.88,3.62,11.03,12.36,5.02,5.74,19.57,11.79,4.23,3.56
2022-06-25,38.97,5.88,3.62,5.51,3.09,10.04,5.74,39.14,11.79,2.12,14.25
2022-07-02,19.48,11.76,1.81,22.06,12.36,20.07,2.87,9.79,5.89,4.23,7.13
2022-07-09,19.48,5.88,3.62,11.03,3.09,10.04,5.74,19.57,11.79,2.12,3.56
2022-07-16,38.97,5.88,3.62,5.51,12.36,5.02,5.74,9.79,23.57,4.23,3.56
2022-07-23,77.93,5.88,7.23,22.06,6.18,5.02,5.74,19.57,5.89,4.23,14.25
2022-07-30,38.97,11.76,1.81,11.03,12.36,20.07,5.74,19.57,11.79,4.23,3.56
2022-08-06,38.97,5.88,3.62,5.51,6.18,5.02,5.74,19.57,11.79,2.12,14.25
2022-08-13,19.48,5.88,7.23,5.51,3.09,20.07,5.74,39.14,23.57,2.12,7.13
2022-08-20,77.93,11.76,3.62,11.03,6.18,5.02,11.48,39.14,11.79,4.23,3.56
2022-08-27,38.97,5.88,3.62,11.03,6.18,20.07,5.74,19.57,11.79,4.23,7.13
2022-09-03,77.93,5.88,3.62,22.06,6.18,10.04,2.87,39.14,5.89,4.23,14.25
2022-09-10,38.97,11.76,3.62,5.51,6.18,5.02,2.87,9.79,11.79,4.23,7.13
2022-09-17,38.97,5.88,7.23,11.03,12.36,5.02,2.87,19.57,11.79,2.12,3.56
2022-09-24,19.48,5.88,3.62,5.51,6.18,20.07,5.74,9.79,11.79,8.47,14.25
2022-10-01,38.97,2.94,7.23,11.03,6.18,5.02,11.48,19.57,23.57,2.12,7.13
2022-10-08,38.97,5.88,3.62,187.5,24.72,5.02,11.48,9.79,11.79,4.23,49.89
2022-10-15,38.97,5.88,3.62,275.73,30.9,10.04,5.74,39.14,35.36,4.23,57.01
2022-10-22,38.97,29.39,7.23,330.88,80.34,50.19,22.95,58.71,58.93,8.47,149.66
2022-10-29,77.93,35.27,28.94,639.7,216.31,30.11,74.59,117.43,129.65,4.23,149.66
2022-11-05,155.86,52.9,43.41,716.9,284.29,40.15,177.88,195.71,259.29,33.87,263.68
2022-11-12,389.65,99.92,68.73,518.37,346.09,30.11,390.18,450.14,259.29,63.5,349.2
2022-11-19,779.3,223.35,101.28,341.91,339.91,80.3,441.82,763.28,412.51,139.7,363.45
2022-11-26,1714.47,358.53,390.66,507.34,494.42,260.97,694.29,1467.84,825.02,275.17,691.27
2022-12-03,2454.81,417.31,643.86,518.37,618.03,451.68,545.1,2152.83,1107.88,457.2,726.9
2022-12-10,2376.88,370.29,517.26,286.76,438.8,672.5,378.7,2622.54,825.02,368.3,448.97
2022-12-17,1948.26,358.53,412.36,209.56,327.55,1114.14,223.78,2348.55,648.23,368.3,299.31
2022-12-24,2259.98,305.64,307.46,209.56,284.29,1274.73,131.97,1937.55,553.94,262.47,185.29
2022-12-31,1909.29,293.88,318.31,220.58,222.49,953.54,131.97,1917.98,341.79,249.77,256.55
2023-01-07,1013.1,170.45,173.62,165.44,203.95,562.09,51.64,978.56,294.65,139.7,106.9
2023-01-14,350.69,88.16,43.41,121.32,74.16,240.89,34.43,352.28,82.5,71.97,49.89
2023-01-21,116.9,41.14,43.41,88.23,67.98,190.71,22.95,195.71,70.72,8.47,71.26
2023-01-28,77.93,29.39,18.09,44.12,30.9,100.37,11.48,156.57,47.14,4.23,35.63
2023-02-04,194.83,29.39,7.23,55.15,49.44,40.15,11.48,78.28,23.57,4.23,42.76
2023-02-11,155.86,23.51,14.47,44.12,18.54,60.22,5.74,117.43,23.57,4.23,21.38
2023-02-18,116.9,23.51,3.62,33.09,12.36,40.15,17.21,156.57,11.79,8.47,28.51
2023-02-25,116.9,11.76,3.62,33.09,12.36,20.07,11.48,78.28,35.36,4.23,28.51
2023-03-04,38.97,17.63,3.62,33.09,18.54,60.22,5.74,78.28,11.79,4.23,35.63
2023-03-11,38.97,17.63,10.85,11.03,24.72,10.04,17.21,39.14,23.57,4.23,28.51
2023-03-18,38.97,11.76,7.23,33.09,12.36,20.07,11.48,58.71,47.14,12.7,35.63
2023-03-25,77.93,5.88,3.62,55.15,30.9,5.02,17.21,78.28,35.36,4.23,35.63
2023-04-01,38.97,11.76,7.23,44.12,6.18,20.07,22.95,78.28,23.57,8.47,35.63
2023-04-08,77.93,5.88,7.23,22.06,12.36,30.11,22.95,117.43,11.79,4.23,14.25
2023-04-15,77.93,11.76,3.62,33.09,12.36,10.04,28.69,39.14,11.79,8.47,35.63
2023-04-22,38.97,11.76,3.62,22.06,12.36,10.04,17.21,39.14,23.57,8.47,14.25
2023-04-29,38.97,5.88,3.62,44.12,6.18,20.07,17.21,39.14,11.79,4.23,14.25
2023-05-06,38.97,5.88,1.81,22.06,6.18,5.02,5.74,39.14,5.89,8.47,7.13
2023-05-13,38.97,11.76,7.23,11.03,3.09,20.07,5.74,19.57,23.57,2.12,7.13
2023-05-20,77.93,11.76,3.62,5.51,6.18,5.02,11.48,19.57,11.79,8.47,14.25
2023-05-27,38.97,2.94,1.81,11.03,6.18,20.07,5.74,19.57,5.89,4.23,14.25
2023-06-03,19.48,5.88,3.62,11.03,12.36,5.02,5.74,19.57,23.57,2.12,7.13
2023-06-10,19.48,2.94,3.62,22.06,12.36,10.04,5.74,19.57,5.89,4.23,14.25
2023-06-17,38.97,2.94,7.23,11.03,12.36,10.04,5.74,39.14,23.57,8.47,7.13
2023-06-24,38.97,5.88,7.23,22.06,3.09,10.04,5.74,19.57,23.57,4.23,7.13
2023-07-01,38.97,5.88,1.81,5.51,6.18,10.04,2.87,9.79,5.89,4.23,14.25
2023-07-08,38.97,2.94,3.62,11.03,3.09,5.02,2.87,39.14,23.57,8.47,7.13
2023-07-15,38.97,2.94,3.62,11.03,6.18,5.02,11.48,9.79,23.57,4.23,7.13
2023-07-22,38.97,2.94,3.62,22.06,6.18,5.02,5.74,19.57,23.57,4.23,7.13
2023-07-29,77.93,5.88,1.81,22.06,6.18,10.04,2.87,19.57,11.79,8.47,3.56
2023-08-05,38.97,2.94,1.81,11.03,6.18,20.07,5.74,19.57,11.79,8.47,7.13
2023-08-12,38.97,5.88,7.23,11.03,6.18,20.07,11.48,19.57,11.79,2.12,7.13
2023-08-19,38.97,2.94,7.23,11.03,6.18,20.07,5.74,19.57,11.79,4.23,3.56
2023-08-26,38.97,5.88,7.23,5.51,12.36,10.04,11.48,19.57,23.57,4.23,3.56
2023-09-02,38.97,11.76,3.62,5.51,3.09,5.02,5.74,19.57,5.89,8.47,7.13
2023-09-09,38.97,11.76,3.62,11.03,6.18,10.04,2.87,39.14,23.57,4.23,3.56
2023-09-16,19.48,2.94,3.62,22.06,12.36,20.07,2.87,9.79,11.79,4.23,14.25
2023-09-23,38.97,5.88,7.23,22.06,6.18,10.04,5.74,19.57,11.79,8.47,7.13
2023-09-30,38.97,2.94,3.62,22.06,6.18,20.07,5.74,19.57,11.79,8.47,7.13
2023-10-07,116.9,5.88,1.81,22.06,6.18,20.07,5.74,39.14,23.57,16.93,7.13
2023-10-14,77.93,23.51,3.62,33.09,12.36,10.04,5.74,19.57,11.79,12.7,28.51
2023-10-21,38.97,29.39,7.23,44.12,18.54,20.07,2.87,58.71,35.36,4.23,28.51
2023-10-28,38.97,47.02,7.23,44.12,12.36,5.02,5.74,78.28,5.89,4.23,35.63
2023-11-04,116.9,47.02,7.23,77.2,24.72,10.04,22.95,39.14,47.14,8.47,35.63
2023-11-11,311.72,82.29,25.32,165.44,24.72,20.07,40.17,117.43,47.14,8.47,49.89
2023-11-18,389.65,94.04,28.94,220.58,37.08,50.19,17.21,156.57,47.14,21.17,57.01
2023-11-25,506.55,176.33,72.34,231.61,80.34,20.07,22.95,254.43,47.14,16.93,92.64
2023-12-02,935.16,182.21,133.84,308.82,111.24,100.37,74.59,489.28,129.65,16.93,156.78
2023-12-09,1013.1,193.96,137.45,363.96,160.69,150.56,126.23,704.56,129.65,29.63,292.19
2023-12-16,1129.99,235.1,206.18,827.19,265.75,150.56,131.97,861.13,235.72,46.57,256.55
2023-12-23,1753.43,352.66,188.09,1411.74,451.16,271.01,246.73,1526.55,471.44,63.5,391.96
2023-12-30,2026.19,370.29,379.8,1786.73,642.75,652.42,309.85,2035.41,742.51,114.3,541.61
2024-01-06,2065.16,323.27,314.69,1180.13,457.34,361.34,218.04,1428.7,601.08,186.27,420.46
2024-01-13,1168.96,340.9,209.8,849.25,352.27,311.16,223.78,1232.99,601.08,110.07,427.59
2024-01-20,1091.03,252.74,173.62,727.93,265.75,210.78,206.56,782.85,565.72,97.37,235.17
2024-01-27,701.37,240.98,231.5,617.64,216.31,341.27,246.73,802.42,648.23,101.6,185.29
2024-02-03,545.51,193.96,206.18,463.23,179.23,411.53,229.52,978.56,624.65,71.97,185.29
2024-02-10,506.55,170.45,256.82,397.05,222.49,451.68,258.21,939.42,636.44,84.67,220.92
2024-02-17,389.65,141.06,253.2,341.91,265.75,572.12,200.83,861.13,648.23,63.5,235.17
2024-02-24,389.65,146.94,311.08,242.64,259.57,672.5,200.83,1095.99,648.23,63.5,249.43
2024-03-02,350.69,88.16,260.44,231.61,271.93,993.69,252.47,1056.85,624.65,46.57,192.42
2024-03-09,272.76,94.04,224.26,187.5,265.75,712.65,200.83,704.56,436.08,33.87,171.04
2024-03-16,272.76,105.8,141.07,121.32,129.79,652.42,223.78,626.28,282.86,42.33,114.02
2024-03-23,233.79,105.8,130.22,110.29,142.15,451.68,166.4,508.85,223.93,59.27,92.64
2024-03-30,311.72,64.65,162.77,88.23,179.23,411.53,149.19,547.99,165.0,50.8,71.26
2024-04-06,194.83,70.53,112.13,66.18,148.33,411.53,149.19,743.71,176.79,50.8,78.39
2024-04-13,233.79,58.78,112.13,55.15,123.61,200.75,97.54,626.28,70.72,25.4,92.64
2024-04-20,311.72,47.02,155.54,33.09,67.98,100.37,57.38,254.43,35.36,29.63,49.89
2024-04-27,272.76,41.14,112.13,22.06,24.72,90.34,45.9,215.28,35.36,16.93,49.89
2024-05-04,233.79,29.39,43.41,11.03,30.9,70.26,28.69,195.71,35.36,4.23,14.25
2024-05-11,194.83,29.39,28.94,33.09,18.54,20.07,17.21,97.86,35.36,25.4,14.25
2024-05-18,194.83,29.39,14.47,22.06,12.36,10.04,5.74,39.14,11.79,29.63,14.25
2024-05-25,155.86,17.63,18.09,11.03,12.36,20.07,5.74,78.28,11.79,12.7,21.38
2024-06-01,233.79,17.63,14.47,33.09,6.18,20.07,5.74,39.14,23.57,29.63,7.13
2024-06-08,194.83,5.88,1.81,22.06,6.18,20.07,5.74,39.14,11.79,16.93,7.13
2024-06-15,116.9,11.76,3.62,22.06,18.54,10.04,5.74,19.57,5.89,8.47,28.51
2024-06-22,194.83,5.88,3.62,22.06,6.18,10.04,11.48,39.14,23.57,25.4,7.13
2024-06-29,155.86,5.88,10.85,11.03,6.18,10.04,5.74,39.14,23.57,8.47,14.25
2024-07-06,194.83,5.88,7.23,11.03,6.18,20.07,5.74,19.57,23.57,16.93,14.25
2024-07-13,155.86,5.88,7.23,11.03,6.18,10.04,11.48,19.57,11.79,12.7,28.51
2024-07-20,77.93,5.88,3.62,22.06,3.09,10.04,5.74,39.14,23.57,8.47,14.25
2024-07-27,38.97,5.88,3.62,11.03,6.18,20.07,5.74,19.57,5.89,4.23,7.13
2024-08-03,38.97,5.88,3.62,22.06,6.18,20.07,5.74,19.57,11.79,2.12,7.13
2024-08-10,38.97,5.88,7.23,11.03,3.09,10.04,5.74,9.79,11.79,8.47,14.25
2024-08-17,116.9,11.76,7.23,11.03,6.18,10.04,2.87,39.14,11.79,4.23,14.25
2024-08-24,38.97,5.88,3.62,11.03,6.18,10.04,5.74,9.79,11.79,8.47,7.13
2024-08-31,77.93,11.76,3.62,11.03,6.18,20.07,5.74,39.14,5.89,4.23,21.38
2024-09-07,38.97,11.76,7.23,11.03,6.18,20.07,5.74,19.57,11.79,4.23,14.25
2024-09-14,38.97,2.94,3.62,5.51,6.18,10.04,5.74,39.14,23.57,4.23,7.13
2024-09-21,77.93,5.88,7.23,22.06,6.18,10.04,5.74,9.79,23.57,4.23,14.25
2024-09-28,77.93,5.88,3.62,22.06,12.36,10.04,5.74,19.57,11.79,4.23,14.25
2024-10-05,77.93,2.94,7.23,22.06,6.18,10.04,5.74,19.57,11.79,4.23,14.25
2024-10-12,38.97,5.88,7.23,5.51,12.36,10.04,5.74,39.14,5.89,4.23,28.51
2024-10-19,116.9,5.88,3.62,11.03,6.18,5.02,5.74,9.79,35.36,8.47,28.51
2024-10-26,116.9,5.88,18.09,22.06,6.18,10.04,5.74,19.57,47.14,8.47,35.63
2024-11-02,155.86,11.76,7.23,22.06,6.18,10.04,2.87,19.57,11.79,4.23,42.76
2024-11-09,116.9,11.76,7.23,33.09,6.18,10.04,11.48,19.57,23.57,12.7,28.51
2024-11-16,233.79,17.63,14.47,44.12,18.54,10.04,11.48,58.71,47.14,12.7,42.76
2024-11-23,311.72,23.51,3.62,33.09,30.9,40.15,11.48,78.28,47.14,25.4,35.63
2024-11-30,233.79,29.39,10.85,44.12,18.54,20.07,17.21,97.86,70.72,46.57,49.89
2024-12-07,428.62,41.14,28.94,44.12,24.72,60.22,45.9,234.85,58.93,71.97,78.39
