date,Alabama,Alaska,Arizona,Arkansas,California,Colorado,Connecticut,Delaware,District of Columbia,Florida,Georgia,Hawaii,Idaho,Illinois,Indiana,Iowa,Kansas,Kentucky,Louisiana,Maine,Maryland,Massachusetts,Michigan,Minnesota,Mississippi,Missouri,Montana,Nebraska,Nevada,New Hampshire,New Jersey,New Mexico,New York,North Carolina,North Dakota,Ohio,Oklahoma,Oregon,Pennsylvania,Rhode Island,South Carolina,South Dakota,Tennessee,Texas,Utah,Vermont,Virginia,Washington,West Virginia,Wisconsin,Wyoming,Puerto Rico
2021-01-02,0.391507,0.03171,0.592087,0.651947,0.130886,0.024993,0.027646,0.038237,0.016028,0.137103,0.326405,0.0183,0.028204,0.063747,0.05829,0.218272,0.034007,0.110469,0.349822,0.01285,0.064722,0.09998,0.049814,0.013614,0.170086,0.096834,0.012068,0.028315,0.532219,0.071324,0.107633,0.047295,0.1073,0.138434,0.018007,0.178178,0.542697,0.047244,0.108011,0.01,0.241926,0.02409,0.477093,0.819583,0.029259,0.032017,0.424521,0.012168,0.22598,0.01,0.029499,0.218362
2021-01-09,0.645986,0.03399,0.121109,0.651947,0.192479,0.021663,0.027646,0.01181,0.147281,0.176907,0.19947,0.025302,0.101795,0.079683,0.087436,0.062364,0.068015,0.154657,0.087456,0.035166,0.161806,0.042849,0.059777,0.017428,0.952481,0.209808,0.028526,0.101093,0.281763,0.01,0.118396,0.141886,0.056205,0.110747,0.127563,0.093332,0.493361,0.01,0.123441,0.02253,0.093048,0.108776,0.364836,0.416348,0.01,0.024177,0.344207,0.025599,0.338969,0.03885,0.019744,0.499112
2021-01-16,0.822164,0.022366,0.188391,0.554155,0.115488,0.068055,0.027646,0.290729,0.030975,0.212289,0.362673,0.01014,0.101795,0.031873,0.072863,0.218272,0.306066,0.154657,0.10932,0.034077,0.064722,0.042849,0.059777,0.017428,0.986499,0.129112,0.01,0.202186,0.406991,0.025991,0.06458,0.141886,0.091972,0.221494,0.255126,0.059393,0.222013,0.01,0.146586,0.018187,0.093048,0.035724,0.477093,0.386843,0.029259,0.01,0.562204,0.018539,0.010285,0.016918,2.054594,0.62389
2021-01-23,0.430657,0.016907,0.04037,0.423766,0.102656,0.085069,0.01,0.031402,0.147281,0.221134,0.22667,0.038624,0.01042,0.01,0.116581,0.031182,0.034007,0.066281,0.437278,0.028116,0.048542,0.042849,0.059777,0.015766,0.476241,0.145251,0.01,0.050546,0.062614,0.071324,0.09687,0.472954,0.097081,0.036916,0.022894,0.050908,0.074004,0.037701,0.162016,0.025617,0.111658,0.015756,0.364836,1.104798,0.01,0.033512,0.321259,0.01,0.034864,0.01,0.01212,0.467918
2021-01-30,0.900466,0.010612,0.026913,0.684545,0.061593,0.085069,0.034408,0.019751,0.294563,0.18133,0.299205,0.031708,0.014718,0.010698,0.087436,0.093545,0.034007,0.28722,0.437278,0.01,0.064722,0.022341,0.029889,0.209135,0.476241,0.096834,0.02224,0.050546,0.156535,0.071324,0.09687,0.094591,0.11752,0.092289,0.127563,0.067878,0.222013,0.036733,0.084866,0.01495,0.167487,0.017405,0.547254,0.403235,0.022031,0.038681,0.206524,0.018448,0.030904,0.050753,0.01,0.811058
2021-02-06,0.724288,0.01,0.04037,0.293376,0.046195,0.034027,0.036555,0.034866,0.01,0.229979,0.145069,0.023576,0.036831,0.063747,0.145726,0.062364,0.026517,0.044188,0.262367,0.01,0.01,0.042849,0.019926,0.013726,0.340172,0.112973,0.0229,0.03476,0.062614,0.020693,0.118396,0.189182,0.102191,0.036916,0.027421,0.050908,0.222013,0.022446,0.07715,0.032685,0.074439,0.01,0.617415,0.478637,0.039415,0.154449,0.309786,0.013275,0.025493,0.084589,0.03796,0.499112
2021-02-13,0.645986,0.01,0.04037,0.61935,0.061593,0.017014,0.015343,0.01,0.038188,0.225557,0.272005,0.01,0.01,0.022895,0.116581,0.031182,0.136029,0.044188,0.262367,0.071648,0.016181,0.014283,0.02256,0.021232,0.306155,0.064556,0.01,0.050546,0.01,0.071324,0.075343,0.189182,0.066424,0.027687,0.011345,0.076362,0.049336,0.023622,0.138871,0.02634,0.093048,0.217553,0.420965,0.3934,0.030748,0.022067,0.298312,0.012799,0.01,0.016918,0.02484,0.405529
2021-02-20,0.567685,0.015052,0.053826,0.521558,0.041062,0.017014,0.021712,0.023322,0.01,0.185753,0.299205,0.036621,0.026267,0.028096,0.087436,0.124727,0.170036,0.027557,0.153047,0.071648,0.016181,0.042849,0.029225,0.08714,0.510258,0.209808,0.035604,0.252732,0.156535,0.071324,0.09687,0.047295,0.1073,0.073831,0.01,0.101816,0.222013,0.01,0.069435,0.014216,0.130268,0.108776,0.406933,0.35406,0.025416,0.015221,0.263892,0.025599,0.039466,0.203013,0.03187,0.499112
2021-02-27,0.606836,0.01,0.067283,0.325974,0.056461,0.024364,0.029845,0.03414,0.028605,0.18133,0.163203,0.030328,0.014828,0.015937,0.014573,0.010118,0.038594,0.110469,0.415414,0.018019,0.016181,0.028566,0.039852,0.139423,0.23812,0.242086,0.088276,0.353825,0.187842,0.016662,0.129159,0.047295,0.051095,0.073831,0.036538,0.093332,0.345353,0.023622,0.108011,0.020314,0.167487,0.108776,0.182418,0.258988,0.016183,0.028224,0.309786,0.038398,0.03464,0.033835,0.024207,0.530307
2021-03-06,0.567685,0.01,0.201848,0.325974,0.03593,0.13611,0.01,0.014363,0.026807,0.190175,0.108802,0.023435,0.02188,0.015937,0.043718,0.019575,0.024931,0.331407,0.174911,0.143295,0.016181,0.028566,0.029889,0.313703,0.442223,0.096834,0.015342,0.202186,0.01,0.01,0.053816,0.047295,0.071534,0.036916,0.017048,0.101816,0.246681,0.024963,0.038575,0.012383,0.111658,0.01,0.308707,0.268823,0.018819,0.01,0.378627,0.063997,0.01,0.016918,0.01,0.935836
2021-03-13,0.450233,0.017372,0.010498,0.684545,0.03593,0.034027,0.024262,0.016052,0.01,0.110567,0.126935,0.036769,0.050898,0.016025,0.043718,0.062364,0.204044,0.265126,0.240503,0.028137,0.048542,0.071414,0.019926,0.139423,0.612309,0.032278,0.0262,0.252732,0.406991,0.01,0.107633,0.021448,0.086862,0.046145,0.016782,0.059393,0.074004,0.028226,0.084866,0.01,0.130268,0.026622,0.449029,0.3934,0.01,0.030432,0.137683,0.012799,0.056495,0.016918,0.171216,1.123003
2021-03-20,0.54811,0.03821,0.053826,0.423766,0.025664,0.020416,0.010724,0.017635,0.022742,0.243247,0.353606,0.026315,0.101795,0.024102,0.043718,0.037711,0.029914,0.044188,0.021864,0.071648,0.01,0.071414,0.019974,0.01,0.340172,0.032278,0.011675,0.036116,0.062614,0.01,0.118396,0.047295,0.056205,0.055374,0.026438,0.042423,0.12334,0.030593,0.069435,0.030049,0.055829,0.036494,0.336772,0.163917,0.035043,0.028738,0.286839,0.038398,0.025037,0.033835,0.171216,1.372559
2021-03-27,0.352356,0.037436,0.04037,0.456363,0.041062,0.017014,0.023856,0.012459,0.029289,0.216711,0.235737,0.01,0.050898,0.015937,0.116581,0.311818,0.034007,0.022094,0.196775,0.029735,0.016181,0.031538,0.017395,0.02601,0.272138,0.032278,0.013018,0.050546,0.039916,0.01,0.075343,0.01,0.066424,0.027687,0.018813,0.050908,0.098672,0.027648,0.07715,0.012776,0.111658,0.025563,0.463061,0.180308,0.029259,0.037427,0.298312,0.012799,0.028445,0.016918,0.513648,0.873447
2021-04-03,0.215329,0.01,0.067283,0.358571,0.010266,0.034343,0.014035,0.037928,0.037119,0.24767,0.208537,0.035336,0.012314,0.055778,0.801492,0.093545,0.068015,0.044188,0.10932,0.034991,0.016181,0.042849,0.038854,0.01026,0.204103,0.048417,0.028013,0.202186,0.125228,0.031887,0.075343,0.01,0.122629,0.022169,0.038852,0.059393,0.394689,0.018566,0.092581,0.01,0.037219,0.01648,0.350804,0.180308,0.029401,0.154449,0.16063,0.012799,0.037993,0.016918,0.01,0.374334
2021-04-10,0.254479,0.01,0.053826,0.456363,0.017965,0.017014,0.01,0.036636,0.01,0.172485,0.072535,0.022909,0.050898,0.055778,0.160298,0.031182,0.204044,0.022094,0.196775,0.01,0.024353,0.057131,0.049814,0.039168,0.306155,0.064556,0.176552,0.050546,0.093921,0.071324,0.09687,0.094591,0.137958,0.027687,0.127563,0.035138,0.197345,0.032226,0.123441,0.037078,0.01861,0.032717,0.308707,0.199978,0.033434,0.01,0.206524,0.012799,0.02469,0.028748,0.019164,0.842252
2021-04-17,0.215329,0.40905,0.053826,0.521558,0.02823,0.032354,0.022883,0.015537,0.012356,0.172485,0.154136,0.01765,0.01,0.023905,0.160298,0.405363,0.102022,0.066281,0.10932,0.015962,0.016181,0.010292,0.159406,0.01,0.068034,0.036028,0.020649,0.303279,0.156535,0.071324,0.107633,0.047295,0.1073,0.092289,0.023138,0.076362,0.246681,0.035034,0.092581,0.031053,0.167487,0.108776,0.3929,0.134412,0.029381,0.308897,0.206524,0.035815,0.033745,0.036145,0.024961,0.873447
2021-04-24,0.626411,0.954451,0.04037,0.586753,0.033363,0.017014,0.039525,0.193819,0.033468,0.216711,0.181336,0.01,0.01,0.01,0.072863,0.062364,0.136029,0.132563,0.349822,0.032153,0.038761,0.014283,0.109592,0.017428,0.340172,0.048417,0.01,0.252732,0.219149,0.071324,0.107633,0.011884,0.1073,0.526049,0.03464,0.025454,0.12334,0.037711,0.092581,0.033905,0.130268,0.543881,0.308707,0.167195,0.010505,0.01,0.367154,0.025599,0.056495,0.016918,0.02114,0.779863
2021-05-01,0.391507,0.954451,0.282587,0.488961,0.020531,0.01,0.018144,0.01493,0.024813,0.137103,0.126935,0.01,0.02634,0.023905,0.043718,0.062364,0.136029,0.044188,0.10932,0.026924,0.036064,0.014283,0.029889,0.034856,0.136069,0.112973,0.027102,0.034236,0.406991,0.01,0.053816,0.020353,0.081753,0.941351,0.035587,0.025454,0.12334,0.023622,0.04629,0.016485,0.074439,0.435105,0.238547,0.163917,0.029259,0.033237,0.252418,0.026037,0.039359,0.067671,0.015178,1.434948
2021-05-08,0.274055,0.954451,0.026913,0.195584,0.033363,0.027798,0.027646,0.021488,0.027784,0.168062,0.217604,0.031887,0.01,0.031407,0.029145,0.062364,0.340073,0.066281,0.131183,0.071648,0.016181,0.028566,0.022755,0.017428,0.306155,0.048417,0.039956,0.03199,0.062614,0.213972,0.086106,0.027158,0.061315,0.313784,0.024219,0.01,0.197345,0.020799,0.146586,0.01,0.037219,0.326329,0.19645,0.11802,0.034407,0.463346,0.252418,0.025599,0.056495,0.036845,0.171216,0.748669
2021-05-15,0.371931,0.954451,0.026913,0.195584,0.012832,0.032245,0.025014,0.025615,0.01,0.154794,0.063468,0.01,0.01,0.015937,0.043718,0.01,0.028396,0.022094,0.087456,0.01,0.032361,0.01,0.029889,0.015174,0.408206,0.016139,0.018928,0.029817,0.062614,0.030552,0.161449,0.032236,0.045986,0.138434,0.127563,0.016969,0.222013,0.028518,0.06172,0.033735,0.055829,0.108776,0.336772,0.114742,0.01,0.033667,0.229471,0.063997,0.11299,0.016918,0.017864,0.405529
2021-05-22,0.313205,0.954451,0.067283,0.097792,0.033363,0.017014,0.015871,0.017025,0.01,0.154794,0.145069,0.01,0.01,0.023905,0.05829,0.031182,0.068015,0.044188,0.131183,0.01,0.013245,0.019712,0.031505,0.01,0.510258,0.032278,0.01,0.252732,0.028159,0.022778,0.06458,0.047295,0.11752,0.110747,0.019065,0.025666,0.197345,0.03657,0.108011,0.010417,0.148877,0.014739,0.140322,0.134412,0.029259,0.01,0.149156,0.038398,0.056495,0.029279,0.342432,0.436723
2021-05-29,0.29363,1.090801,0.01,0.032597,0.023098,0.017014,0.01,0.01,0.01,0.137103,0.072535,0.035339,0.01,0.015937,0.043718,0.031182,0.015625,0.154657,0.196775,0.025115,0.013571,0.020307,0.019926,0.024231,0.340172,0.048417,0.01,0.02155,0.019871,0.019833,0.043053,0.020644,0.076643,0.055374,1.275631,0.025454,0.246681,0.023622,0.162016,0.012188,0.027426,0.217553,0.070161,0.124577,0.02419,0.030059,0.126209,0.033945,0.013452,0.050753,0.01,0.187167
2021-06-05,0.352356,0.954451,0.04037,0.228182,0.013706,0.038751,0.021556,0.033118,0.01,0.101722,0.081601,0.034586,0.016228,0.023905,0.05829,0.031323,0.021389,0.044188,0.371686,0.012843,0.033019,0.035094,0.011356,0.019248,0.374189,0.039858,0.037242,0.028002,0.062614,0.028367,0.021527,0.141886,0.071534,0.034277,0.019165,0.024777,0.222013,0.01,0.069435,0.022213,0.037219,0.032159,0.477093,0.150803,0.037707,0.02012,0.183577,0.025466,0.017865,0.033835,0.019136,0.155973
2021-06-12,0.430657,0.954451,0.04037,0.032597,0.015403,0.024146,0.022379,0.01,0.037813,0.057495,0.081601,0.014569,0.050898,0.026481,0.03684,0.031182,0.01,0.066281,0.306095,0.019658,0.016181,0.016681,0.03191,0.037134,0.442223,0.022438,0.014608,0.02004,0.093921,0.01808,0.06458,0.094591,0.030657,0.08306,0.021452,0.025454,0.12334,0.031118,0.115726,0.027347,0.01,0.87021,0.154354,0.127855,0.032577,0.01983,0.149156,0.039035,0.025643,0.016918,1.369729,0.280751
2021-06-19,0.156603,0.954451,0.04037,0.130389,0.023098,0.033639,0.01,0.018255,0.014799,0.053072,0.063468,0.0217,0.01,0.023905,0.029145,0.038691,0.016928,0.088375,0.196775,0.023586,0.032361,0.014126,0.031108,0.017428,0.306155,0.029678,0.088276,0.035533,0.281763,0.025158,0.053816,0.01,0.010219,0.055374,0.127563,0.025454,0.148008,0.023622,0.084866,0.031285,0.020009,0.435105,0.154354,0.111463,0.01,0.021615,0.229471,0.034167,0.025583,0.022151,0.684865,0.499112
2021-06-26,0.137027,0.954451,0.04037,0.130389,0.015398,0.030505,0.01,0.031557,0.01,0.088454,0.0272,0.01,0.050898,0.031873,0.043718,0.020468,0.102022,0.022094,0.174911,0.010854,0.032361,0.014283,0.014277,0.013229,0.272138,0.032278,0.01531,0.034186,0.062614,0.023765,0.053816,0.047295,0.015698,0.055374,0.255126,0.039241,0.172676,0.01,0.084866,0.01,0.031171,0.326329,0.140322,0.11802,0.03976,0.030015,0.206524,0.026625,0.023815,0.01,0.023912,0.592696
2021-07-03,0.352356,0.954451,0.04037,0.065195,0.012832,0.017014,0.021423,0.011936,0.01,0.088454,0.072535,0.01,0.01,0.031873,0.029145,0.03525,0.068015,0.066281,0.196775,0.012669,0.032361,0.012039,0.034686,0.01,0.306155,0.016139,0.01,0.037684,0.031307,0.010512,0.021527,0.019743,0.010219,0.046145,0.127563,0.016969,0.12334,0.023622,0.092581,0.01,0.013395,0.217553,0.112257,0.17703,0.029259,0.01,0.137683,0.011443,0.01,0.034846,0.03684,0.561501
2021-07-10,0.137027,0.954451,0.026913,0.032597,0.020531,0.011204,0.018351,0.02513,0.147281,0.097299,0.036267,0.06968,0.037859,0.039842,0.05829,0.012404,0.037646,0.01,0.415414,0.01,0.018633,0.01,0.038528,0.012064,0.034017,0.048417,0.019291,0.036685,0.062614,0.01,0.043053,0.023919,0.037299,0.036916,0.510252,0.027474,0.148008,0.023622,0.069435,0.037919,0.01,0.435105,0.084193,0.249153,0.029259,0.034831,0.217997,0.030847,0.033497,0.027131,0.023129,0.655085
2021-07-17,0.352356,0.954451,0.017518,0.032597,0.017965,0.012825,0.017785,0.019638,0.010016,0.172485,0.036267,0.06968,0.011127,0.039842,0.131153,0.031577,0.136029,0.033329,0.568461,0.012785,0.021421,0.020994,0.011596,0.030159,0.204103,0.016139,0.033656,0.025387,0.093921,0.019335,0.021527,0.02822,0.015329,0.055374,0.255126,0.026332,0.222013,0.011822,0.054005,0.014553,0.01,0.217553,0.210482,0.27538,0.029259,0.01,0.172103,0.022908,0.056495,0.01,0.034092,0.405529
2021-07-24,0.29363,1.090801,0.026913,0.032597,0.020531,0.036,0.010797,0.01,0.033862,0.110567,0.136002,0.02615,0.020215,0.04781,0.160298,0.024596,0.027561,0.066281,0.043728,0.033243,0.026344,0.01,0.015928,0.01,0.204103,0.064556,0.038381,0.02559,0.062614,0.034019,0.043053,0.141886,0.013683,0.073831,0.127563,0.021728,0.197345,0.01,0.100296,0.02406,0.01,0.108776,0.028064,0.242597,0.01105,0.016434,0.240945,0.012799,0.036006,0.025403,0.021306,0.592696
2021-07-31,0.88089,0.954451,0.013457,0.012141,0.015398,0.01,0.027646,0.022936,0.01,0.097299,0.099735,0.030191,0.015781,0.04781,0.364315,0.038555,0.038104,0.036992,0.371686,0.037032,0.01,0.024479,0.01,0.021886,0.102052,0.032278,0.018534,0.026065,0.01,0.01,0.043053,0.047295,0.02824,0.092289,0.255126,0.042423,0.222013,0.015879,0.108011,0.039012,0.037219,0.108776,0.154354,0.134412,0.037821,0.021065,0.240945,0.039616,0.033057,0.016918,0.01,0.374334
2021-08-07,0.567685,0.954451,0.026913,0.097792,0.02823,0.017014,0.015897,0.030096,0.029756,0.176907,0.145069,0.139359,0.012236,0.04781,0.422605,0.027229,0.068015,0.066281,0.699645,0.030166,0.01,0.03159,0.019926,0.020195,0.012318,0.032278,0.024856,0.039666,0.01,0.01,0.010763,0.141886,0.035767,0.027687,0.510252,0.246056,0.567366,0.016771,0.131156,0.015718,0.01861,0.038227,0.112257,0.081958,0.01,0.014713,0.183577,0.012799,0.033918,0.016918,0.023174,0.717474
2021-08-14,0.430657,0.954451,0.121109,0.065195,0.033363,0.016593,0.02775,0.029695,0.01,0.141526,0.090668,0.139359,0.01,0.039842,0.364315,0.01,0.034007,0.044188,0.39355,0.013688,0.016025,0.014283,0.01,0.011519,0.102052,0.032278,0.01,0.01,0.031307,0.019498,0.03229,0.047295,0.035767,0.138434,0.382689,0.042423,0.246681,0.01,0.06172,0.01,0.093048,0.108776,0.224514,0.052453,0.014658,0.01,0.263892,0.034941,0.036307,0.01,0.01,0.655085
2021-08-21,0.58726,0.954451,0.121109,0.097792,0.015398,0.010021,0.030112,0.016017,0.013106,0.128258,0.136002,0.030607,0.039955,0.031873,0.495468,0.093545,0.021807,0.033655,0.043728,0.038574,0.014841,0.028926,0.019926,0.01,0.170086,0.064556,0.035696,0.01,0.062614,0.01,0.021527,0.047295,0.040876,0.073831,0.127563,0.016969,0.098672,0.11811,0.069435,0.019679,0.074439,0.652658,0.126289,0.045897,0.01,0.031891,0.275365,0.012799,0.02568,0.038568,0.017502,0.842252
2021-08-28,0.802589,0.954451,0.094196,0.162987,0.010266,0.017014,0.039605,0.013048,0.021644,0.092876,0.108802,0.01,0.030707,0.01,0.233161,0.013223,0.034007,0.022094,0.240503,0.035335,0.01,0.034643,0.019926,0.034856,0.510258,0.064556,0.03779,0.050546,0.187842,0.021852,0.06458,0.013742,0.035767,0.036916,0.382689,0.01,0.197345,0.047244,0.07715,0.031877,0.01861,0.01,0.140322,0.036062,0.014434,0.308897,0.080315,0.03159,0.027785,0.022672,0.01,1.029419
2021-09-04,0.920041,0.954451,0.053826,0.065195,0.019698,0.051041,0.01,0.01,0.014057,0.048649,0.253871,0.01,0.011905,0.012967,0.320597,0.01,0.068015,0.01,0.218639,0.028363,0.032059,0.029227,0.019926,0.016896,0.612309,0.032278,0.031842,0.016546,0.029955,0.01,0.03229,0.094591,0.040876,0.073831,0.255126,0.01,0.246681,0.022174,0.131156,0.036782,0.037841,0.108776,0.266611,0.049175,0.031153,0.01,0.103262,0.0394,0.021289,0.016918,0.011464,0.717474
2021-09-11,0.58726,0.954451,0.013457,0.01,0.017965,0.034027,0.01,0.018926,0.012342,0.070763,0.326405,0.01,0.039513,0.011243,0.189444,0.031182,0.037918,0.044188,0.065592,0.039419,0.029081,0.022089,0.02336,0.022045,0.204103,0.032278,0.01,0.050546,0.018337,0.026247,0.03229,0.01,0.040876,0.119976,0.892941,0.025454,0.296017,0.047244,0.100296,0.011679,0.01,0.01,0.112257,0.065567,0.029259,0.036335,0.080315,0.016083,0.039055,0.01,0.01598,0.62389
2021-09-18,0.58726,0.954451,0.026913,0.065195,0.012832,0.030888,0.031429,0.01,0.027985,0.123835,0.190403,0.011023,0.032784,0.01,0.174871,0.01,0.01,0.03567,0.087456,0.011641,0.01,0.010546,0.027011,0.052284,0.034017,0.016139,0.617931,0.050546,0.125228,0.034474,0.03229,0.010701,0.040876,0.119976,0.255126,0.050908,0.172676,0.047244,0.092581,0.017864,0.037219,0.010837,0.19645,0.055732,0.029259,0.034735,0.19505,0.033561,0.018078,0.01,0.024753,0.904641
2021-09-25,0.29363,0.954451,0.013457,0.097792,0.020531,0.01,0.019483,0.015487,0.03831,0.084031,0.217604,0.06968,0.011553,0.031884,0.218589,0.280636,0.068015,0.044188,0.131183,0.020386,0.03787,0.016028,0.01,0.030839,0.170086,0.032278,0.088276,0.101093,0.031307,0.01,0.075343,0.047295,0.045986,0.046145,0.127563,0.016969,0.296017,0.014536,0.069435,0.017813,0.027055,0.01,0.084193,0.042618,0.029259,0.025855,0.126209,0.012799,0.11299,0.203013,0.030149,0.530307
2021-10-02,0.137027,0.681751,0.080739,0.025645,0.020531,0.032974,0.019141,0.017851,0.018681,0.084031,0.244804,0.038324,0.013912,0.023515,0.218589,0.030794,0.136029,0.015771,0.371686,0.011481,0.016181,0.01,0.059777,0.017428,0.01,0.096834,0.035007,0.02685,0.093921,0.071324,0.075343,0.094591,0.040876,0.138434,0.026245,0.067878,0.049336,0.047244,0.154301,0.026469,0.035893,0.108776,0.112257,0.049175,0.029259,0.037925,0.068841,0.038398,0.11299,0.050753,0.024657,0.686279
2021-10-09,0.254479,0.029911,0.228761,0.097792,0.030797,0.017014,0.018014,0.015748,0.017382,0.154794,0.036267,0.035426,0.022656,0.037043,0.189444,0.025514,0.136029,0.066281,0.196775,0.028023,0.01761,0.01,0.059777,0.017428,0.068034,0.012108,0.01,0.032095,2.066261,0.034614,0.053816,0.047295,0.056205,0.073831,0.255126,0.067878,0.345353,0.094488,0.138871,0.022955,0.037219,0.108776,0.238547,0.065567,0.058518,0.022959,0.137683,0.034372,0.11299,0.067671,0.01,0.62389
2021-10-16,0.097877,0.019438,0.322956,0.130389,0.012832,0.01,0.026374,0.017191,0.017762,0.070763,0.099735,0.033789,0.01,0.031873,0.102008,0.039068,0.238051,0.022094,0.459142,0.029921,0.064722,0.01,0.029889,0.017428,0.170086,0.048417,0.026906,0.050546,0.219149,0.855887,0.021527,0.031672,0.035767,0.230723,0.255126,0.033939,0.345353,0.023622,0.162016,0.091244,0.055829,0.01,0.042096,0.042618,0.029482,0.017439,0.103262,0.023387,0.015849,0.050753,0.026441,0.467918
2021-10-23,0.117452,0.13635,0.067283,0.097792,0.025664,0.027978,0.034713,0.031014,0.01,0.123835,0.117869,0.031791,0.029048,0.015937,0.102008,0.028053,0.238051,0.01,0.240503,0.016348,0.064722,0.031879,0.019926,0.017428,0.476241,0.034294,0.01,0.034597,0.062614,0.071324,0.118396,0.094591,0.051095,0.313784,0.01,0.101816,0.246681,0.023622,0.169731,0.030611,0.037219,0.217553,0.070161,0.01967,0.029259,0.019328,0.183577,0.022037,0.11299,0.118424,0.015029,0.592696
2021-10-30,0.234904,0.01,0.013457,0.097792,0.012832,0.034027,0.018232,0.015635,0.01148,0.119412,0.190403,0.01,0.030395,0.023905,0.189444,0.01,0.068015,0.066281,0.131183,0.01,0.113264,0.01667,0.035598,0.034856,0.068034,0.096834,0.021879,0.023399,0.031307,0.010014,0.021527,0.037102,0.066424,0.350699,0.510252,0.076362,0.148008,0.026925,0.138871,0.091244,0.093048,0.01,0.098225,0.049175,0.029259,0.033686,0.114736,0.038398,0.01,0.084589,0.015944,0.374334
2021-11-06,0.176178,0.013985,0.067283,0.097792,0.038496,0.068055,0.038201,0.028037,0.01,0.13268,0.22667,0.01,0.01,0.015937,0.204016,0.035973,0.01,0.110469,0.218639,0.01,0.048542,0.018039,0.035069,0.034856,0.204103,0.129112,0.020071,0.013388,0.125228,0.01,0.03229,0.094591,0.086862,0.470675,0.127563,0.101816,0.197345,0.015877,0.108011,0.091244,0.186097,0.018785,0.098225,0.05901,0.01,0.01,0.068841,0.014451,0.01,0.016918,0.01,0.811058
2021-11-13,0.29363,0.01,0.026913,0.195584,0.038496,0.051041,0.01,0.016857,0.012886,0.216711,0.326405,0.021085,0.033383,0.01,0.087436,0.017423,0.204044,0.110469,0.327959,0.014588,0.097083,0.01345,0.049814,0.02922,0.272138,0.129112,0.010626,0.050546,0.156535,0.071324,0.075343,0.047295,0.081753,0.027687,0.382689,0.067878,0.246681,0.01,0.115726,0.012145,0.167487,0.017737,0.112257,0.065567,0.028345,0.01,0.172103,0.01638,0.169485,0.067671,0.171216,0.686279
2021-11-20,0.313205,0.01,0.053826,0.293376,0.043629,0.034027,0.055292,0.01,0.0212,0.216711,0.190403,0.033662,0.101795,0.039842,0.218589,0.031182,0.068015,0.044188,0.087456,0.011785,0.048542,0.057131,0.06974,0.034856,0.340172,0.080695,0.016879,0.039473,0.62614,0.011658,0.129159,0.047295,0.11752,0.027687,0.127563,0.076362,0.246681,0.023622,0.185161,0.036117,0.074439,0.217553,0.098225,0.075402,0.024694,0.02323,0.16063,0.012799,0.02834,0.084589,0.684865,0.592696
2021-11-27,0.195753,0.030865,0.148022,0.065195,0.051328,0.068055,0.082938,0.012966,0.147281,0.283052,0.17227,0.06968,0.101795,0.04781,0.233161,0.062364,0.012765,0.088375,0.284231,0.01,0.064722,0.028566,0.259035,0.034856,0.476241,0.225947,0.029362,0.151639,0.31307,0.142648,0.182976,0.032086,0.122629,0.166121,0.382689,0.118786,0.370021,0.141731,0.169731,0.03376,0.037219,0.217553,0.168386,0.05901,0.011509,0.033607,0.263892,0.023716,0.11299,0.118424,0.171216,0.998225
2021-12-04,0.450233,0.029518,0.255674,0.391168,0.112921,0.272219,0.359396,0.01,0.147281,0.274206,0.444274,0.033496,0.021022,0.135462,0.466323,0.031182,0.068015,0.022094,1.093195,0.429885,0.113264,0.128546,0.229146,0.243991,0.816413,0.419615,0.01,0.909836,0.219149,0.071324,0.387478,0.189182,0.209491,0.17535,1.148068,0.313934,0.468693,0.094488,0.416613,0.273732,0.186097,0.543881,0.294675,0.114742,0.117037,0.154449,0.378627,0.012799,0.22598,0.304519,0.513648,0.873447
2021-12-11,0.332781,0.01,0.349869,0.358571,0.15655,0.442357,0.387042,0.09691,0.294563,0.358237,0.562143,0.03308,0.029498,0.19124,0.480895,0.093545,0.204044,0.066281,1.596065,0.143295,0.048542,0.271374,0.567884,0.435698,0.340172,0.597144,0.088276,1.112022,0.250456,0.213972,0.505875,0.01,0.408764,0.332242,0.637815,0.339388,0.789378,0.11811,0.594059,0.091244,0.186097,0.652658,0.350804,0.111463,0.021939,0.039889,0.378627,0.012799,1.581857,0.084589,0.342432,0.717474
2021-12-18,0.450233,0.2727,0.484435,0.423766,0.153984,0.544439,0.497626,0.581457,0.147281,0.367082,0.480541,0.016708,0.101795,0.207176,0.670339,0.093545,0.340073,0.198844,1.749112,0.071648,0.436875,0.214243,0.547958,0.714545,0.544275,0.710118,0.176552,0.556011,0.219149,0.641915,0.742667,0.283772,0.418983,0.378386,0.765378,0.551505,0.740042,0.165353,0.609489,0.273732,0.223316,0.435105,0.434997,0.17703,0.029259,0.01,0.401574,0.026683,0.22598,0.37219,0.171216,0.592696
2021-12-25,0.332781,0.954451,0.726652,0.358571,0.28487,0.799645,0.635855,0.290729,0.022264,0.455536,0.471475,0.06968,0.101795,0.223113,1.457259,0.093545,0.476102,0.110469,2.470621,0.071648,0.469236,0.342789,0.667513,1.202527,0.986499,1.258845,0.088276,1.516393,0.344377,0.35662,0.538164,0.047295,0.327011,0.849062,1.785883,0.755137,1.702097,0.094488,0.663494,0.364976,0.465241,2.175526,0.757736,0.180308,0.146296,0.026151,0.401574,0.063997,0.960413,0.659792,0.342432,0.655085
2022-01-01,1.370274,1.090801,5.207672,0.912726,0.246374,1.105892,0.635855,0.969096,0.038647,0.49534,0.698145,0.038456,0.203591,0.33467,1.602985,0.374181,1.054226,0.220938,3.738727,0.143295,0.177986,0.771274,0.976362,1.934501,1.768894,1.985102,1.765518,2.12295,0.219149,0.427944,0.570454,0.141886,0.418983,1.495087,6.505716,1.383004,3.626206,0.141731,0.864085,0.273732,0.800215,3.372065,1.038379,0.245875,0.087777,0.154449,0.573678,0.063997,0.960413,1.674856,3.253107,0.499112
2022-01-08,0.665562,0.40905,4.252259,1.140908,0.223276,0.493398,0.248813,0.581457,0.01,0.318433,0.471475,0.01,0.203591,0.207176,0.874355,0.467726,1.836394,0.066281,2.68926,0.28659,0.145625,0.657012,0.567884,1.795077,1.258636,1.307262,1.853794,1.566939,0.563526,0.285296,0.462821,0.141886,0.21971,1.661208,6.888405,0.81453,3.009504,0.11811,0.678924,0.182488,0.297754,2.393078,0.926122,0.239318,0.058518,0.01,0.55073,0.032864,0.677939,0.930476,2.054594,0.561501
2022-01-15,0.332781,1.636202,0.3095,0.977921,0.192479,0.408329,0.055292,0.019563,0.031624,0.451113,0.344539,0.01,0.152693,0.326701,0.670339,0.374181,1.088233,0.397689,1.311834,0.017383,0.258889,0.59988,0.537995,1.167672,1.224619,1.145872,1.059311,1.4153,1.377507,0.071324,0.279845,0.094591,0.245258,1.181303,5.102522,0.551505,2.516143,0.094488,0.455188,0.091244,0.167487,2.828184,0.434997,0.160638,0.029259,0.154449,0.424521,0.076796,0.22598,0.710545,0.513648,0.436723
2022-01-22,0.352356,2.045252,0.3095,0.61935,0.161683,0.153123,0.304105,0.029504,0.030889,0.305165,0.444274,0.01,0.050898,0.119525,0.408032,0.654817,0.612131,0.508158,1.005739,0.01353,0.048542,0.69986,0.308849,0.801685,0.578292,0.83923,1.059311,0.909836,0.156535,0.142648,0.182976,0.01,0.137958,0.43376,3.699329,0.27151,0.838714,0.094488,0.300887,0.091244,0.074439,1.849197,0.32274,0.199978,0.117037,0.034635,0.504836,0.051198,0.395464,0.37219,1.198513,0.592696
2022-01-29,0.802589,0.13635,0.26913,0.423766,0.059027,0.153123,0.055292,0.026456,0.027736,0.194598,0.317339,0.012856,0.101795,0.055778,0.466323,0.218272,0.204044,0.397689,0.918284,0.071648,0.097083,0.39992,0.288923,0.365987,0.408206,0.855369,0.617931,1.213114,0.344377,0.071324,0.204502,0.01,0.091972,0.230723,2.423698,0.27151,0.962055,0.11811,0.231451,0.182488,0.093048,0.87021,0.378868,0.180308,0.087777,0.01,0.458942,0.025599,0.11299,0.37219,0.342432,0.405529
2022-02-05,0.097877,0.13635,0.470978,0.521558,0.076992,0.204165,0.110584,0.016267,0.441844,0.24767,0.480541,0.01105,0.050898,0.079683,0.480895,0.498908,0.306066,0.28722,1.617929,0.214943,0.129445,0.471334,0.268998,0.331131,0.714361,0.774674,0.794483,1.718579,0.125228,0.071324,0.193739,0.520249,0.076643,0.442989,2.296135,0.169694,1.208735,0.023622,0.270027,0.02164,0.167487,0.978987,0.434997,0.281937,0.117037,0.026366,0.435995,0.089596,0.395464,0.507532,0.171216,0.155973
2022-02-12,0.176178,0.038516,0.713195,0.74974,0.071859,0.45937,0.018725,0.032932,0.016941,0.207866,0.37174,0.02728,0.050898,0.063747,0.45175,1.434361,0.74816,0.243032,1.858432,0.358238,0.097083,0.428486,0.398515,0.348559,0.714361,0.742396,1.147587,1.465847,0.250456,0.641915,0.215266,0.189182,0.137958,0.230723,0.892941,0.220602,1.677429,0.047244,0.385752,0.01,0.204706,1.957973,0.294675,0.436018,0.087777,0.01,0.390101,0.102395,0.11299,0.490614,0.342432,0.467918
2022-02-19,0.411082,0.012305,0.753565,0.717142,0.02823,0.272219,0.027646,0.01,0.147281,0.207866,0.435207,0.03585,0.050898,0.175303,0.772347,1.24727,0.850182,0.265126,3.716863,0.358238,0.210347,0.614163,0.488181,0.522838,0.85043,0.887647,0.617931,1.617486,0.281763,0.499268,0.236792,0.283772,0.204382,0.313784,1.020504,0.279995,1.825437,0.11811,0.678924,0.091244,0.316364,1.414092,0.364836,0.744182,0.087777,0.020548,0.35568,0.076796,0.22598,0.422944,0.342432,0.218362
2022-02-26,0.195753,0.13635,1.076521,1.206103,0.059027,0.408329,0.193521,0.029182,0.034008,0.243247,0.39894,0.020635,0.152693,0.207176,0.612049,1.77736,1.156248,0.508158,2.536213,0.143295,0.242709,0.485617,0.498144,0.331131,0.918464,0.806952,1.412414,2.021857,0.281763,0.026261,0.301372,0.189182,0.148177,0.304555,0.016549,0.27151,1.850105,0.094488,0.594059,0.01,0.241926,1.305315,0.589351,1.058902,0.146296,0.154449,0.309786,0.063997,0.451959,0.490614,0.684865,0.218362
2022-03-05,0.508959,0.034285,1.076521,1.85805,0.087257,0.357288,0.110584,0.09691,0.147281,0.260938,0.244804,0.018538,0.050898,0.167335,0.859783,1.746178,0.952204,0.508158,1.749112,0.143295,0.372153,0.157111,0.737253,0.487982,1.156585,1.162011,1.853794,2.678961,0.751367,0.142648,0.355189,0.189182,0.291244,0.406073,0.382689,0.449689,2.022781,0.047244,0.524623,0.182488,0.297754,3.263289,0.406933,0.999892,0.263332,0.019543,0.309786,0.166392,1.186393,1.031982,0.684865,0.187167
2022-03-12,0.685137,0.2727,1.063065,1.955842,0.102656,0.646521,0.221167,0.678367,0.589126,0.207866,0.344539,0.013413,0.66167,0.270923,1.57384,1.683815,1.360292,0.662814,1.355562,0.143295,0.258889,0.328506,0.876733,0.609978,1.122567,1.081316,1.235863,2.173497,1.03313,0.998535,0.322899,0.283772,0.286134,0.507591,0.892941,0.636352,2.9355,0.165353,0.609489,0.031225,0.260535,1.414092,0.3929,1.33756,0.35111,0.038719,0.206524,0.153593,1.186393,0.693627,1.027297,0.717474
2022-03-19,0.450233,0.13635,1.399478,2.021037,0.130886,0.935754,0.497626,0.387638,0.294563,0.256515,0.317339,0.06968,0.814363,0.462163,1.734138,1.527906,1.054226,0.861659,1.39929,0.071648,0.307431,0.514183,1.185582,0.50541,1.054533,1.452513,1.412414,3.083332,1.283586,0.713239,0.441295,0.709431,0.485407,0.129205,0.637815,0.806046,3.996227,0.425194,0.77922,0.091244,0.260535,1.305315,0.3929,1.940774,0.497406,0.035362,0.367154,0.268787,2.429281,0.89664,0.513648,0.655085
2022-03-26,0.332781,0.40905,1.614782,2.412205,0.15655,1.395125,0.691147,0.387638,0.589126,0.371505,0.299205,0.01,0.712568,0.908389,1.821574,1.340815,1.666357,0.92794,1.617929,0.214943,0.485417,0.428486,1.335026,0.644834,1.632825,1.274984,1.677242,3.032786,1.65927,0.499268,0.645797,1.702634,0.459859,0.212265,1.148068,0.890892,3.848218,0.566926,0.84094,0.091244,0.130268,0.543881,0.603383,1.950609,0.175555,1.23559,0.401574,0.307185,1.073403,0.981229,1.198513,0.96703
2022-04-02,0.489384,0.01,1.332195,1.825453,0.202745,2.05866,0.718793,0.290729,0.589126,0.344969,0.408007,0.06968,0.967056,0.701213,1.675848,1.122543,0.952204,1.170972,1.377426,0.644828,0.469236,1.114063,1.45458,0.575122,0.85043,1.468653,3.354484,1.263661,2.128875,0.427944,0.861063,1.84452,0.832856,0.25841,0.510252,0.823015,4.070231,0.236219,1.080107,0.273732,0.279145,0.543881,0.533222,1.727682,0.497406,1.390039,0.447468,0.255988,2.090312,0.964311,0.342432,0.811058
2022-04-09,0.450233,0.2727,1.560956,2.412205,0.246374,1.769427,1.299356,0.678367,0.294563,0.367082,0.299205,0.209039,1.017954,0.836674,1.588412,0.779544,1.088233,1.988443,0.655917,0.788123,0.760487,1.871055,1.59406,0.487982,1.08855,1.242706,1.677242,1.769125,3.443768,0.927211,1.463807,2.033702,1.021909,0.323013,0.510252,1.077556,2.910832,0.330707,1.411854,0.45622,0.334974,1.196539,0.434997,1.153973,0.409628,2.162282,0.401574,0.307185,2.033817,0.744381,1.712162,0.96703
2022-04-16,0.215329,0.13635,1.251456,1.401687,0.266905,2.364907,1.244064,3.682563,0.294563,0.654557,0.380806,0.627117,0.814363,0.629498,1.355251,0.779544,0.646139,2.31985,1.049467,1.074713,0.825209,2.385238,1.494432,0.470554,0.748378,1.242706,1.235863,1.465847,2.755014,1.212507,1.50686,1.324271,1.180305,0.526049,0.892941,1.128464,2.466807,0.330707,1.458144,0.821196,0.576899,0.435105,0.491125,1.08185,0.468146,1.853385,0.585151,0.40958,2.429281,1.116571,1.369729,1.715699
2022-04-23,0.489384,0.2727,1.762804,1.108311,0.379826,3.045456,1.437586,1.647462,0.147281,0.623598,0.417074,0.487758,0.865261,0.844642,0.932646,0.623635,0.88419,1.811693,0.962012,1.43295,0.695764,2.513783,1.374877,0.575122,0.544275,1.129733,1.853794,0.808743,2.629786,1.99707,1.356174,2.033702,1.497097,0.415302,0.892941,0.975739,1.874773,0.637792,1.543009,0.91244,0.595509,0.326329,0.477093,1.347395,0.263332,1.853385,0.481889,0.435179,2.203301,0.913558,0.171216,2.308395
2022-04-30,0.176178,0.13635,2.099217,1.075713,0.546642,2.773236,1.575815,0.678367,0.441844,0.725319,0.326405,0.278719,0.763465,0.772928,1.049226,0.53009,0.646139,2.629164,0.524734,2.149425,0.825209,2.613763,1.354951,0.50541,0.884447,0.887647,1.588966,0.808743,1.847112,1.711774,1.345411,2.412065,1.405125,0.581423,0.382689,0.882408,1.110063,0.543304,1.234408,0.45622,0.53968,0.87021,0.491125,0.560595,0.029259,0.926692,0.653992,0.537574,1.977322,1.082735,0.856081,1.216586
2022-05-07,0.371931,0.818101,2.287608,0.554155,0.528677,4.389539,2.101087,0.387638,0.294563,0.942031,0.39894,0.139359,0.66167,0.860579,0.714057,0.623635,0.272058,2.408226,0.765237,0.57318,0.744306,2.485218,1.683726,0.557694,0.748378,1.065177,1.765518,0.303279,1.847112,1.497803,1.280831,3.310677,1.2314,0.470675,0.127563,0.839984,0.838714,0.637792,1.149542,0.547464,0.372193,0.326329,0.252579,0.429462,0.35111,1.081141,0.504836,0.767963,1.016908,0.862805,0.684865,0.873447
2022-05-14,0.234904,0.40905,2.610564,0.912726,0.710891,2.943373,1.935211,0.290729,0.736407,1.229505,0.544009,0.209039,0.814363,0.980104,0.510041,0.53009,0.238051,1.038409,0.699645,2.650958,0.873751,2.313823,1.793318,0.296275,0.85043,0.629423,0.794483,0.202186,2.473251,0.998535,1.022512,1.749929,0.986142,0.34147,0.127563,0.67029,1.159399,0.61417,1.380994,0.729952,0.502461,2.066749,0.420965,0.47208,0.292592,0.463346,0.470416,0.729565,0.903919,0.609039,0.684865,0.842252
2022-05-21,0.29363,2.454302,3.027716,0.488961,0.91107,2.041646,2.073441,0.387638,0.589126,1.640814,0.498675,0.766477,0.610772,0.780896,0.655766,0.311818,0.238051,0.905846,0.7871,2.57931,0.728126,2.09958,1.394803,0.226563,1.054533,0.532588,0.971035,0.353825,3.099391,0.927211,0.936406,3.026905,0.991252,0.415302,0.127563,0.55999,0.715374,0.850389,1.218978,0.547464,0.688557,0.543881,0.210482,0.422905,0.204814,0.01,0.401574,0.767963,0.677939,0.439861,1.027297,0.717474
2022-05-28,0.254479,0.545401,2.677847,0.456363,1.057354,1.480193,0.995252,0.290729,0.589126,2.286525,0.562143,0.627117,0.152693,0.390448,0.45175,0.187091,0.068015,0.486064,0.306095,1.074713,0.469236,1.056932,0.926548,0.209135,0.680344,0.355059,1.235863,0.151639,2.911549,0.427944,0.807247,2.412065,0.832856,0.369157,0.038146,0.381811,0.962055,0.779523,0.640349,0.638708,0.55829,0.326329,0.252579,0.377008,0.029259,0.308897,0.401574,0.857558,0.282475,0.456779,1.027297,0.717474
2022-06-04,0.254479,0.2727,2.812412,0.554155,1.108682,1.276029,0.552918,0.872186,0.736407,2.941082,0.59841,0.278719,0.508977,0.326701,0.39346,0.187091,0.068015,0.486064,0.415414,0.85977,0.27507,0.557032,0.697401,0.104568,0.782395,0.451893,2.030346,0.303279,2.222795,0.427944,0.559691,2.601246,0.633584,0.203036,0.510252,0.313934,0.814046,0.661413,0.493763,0.547464,0.502461,0.108776,0.280643,0.288493,0.146296,0.01,0.470416,0.83196,0.282475,0.270684,1.198513,0.873447
2022-06-11,0.29363,0.818101,1.251456,0.61935,1.00346,0.663535,0.995252,0.581457,0.294563,2.436897,0.435207,0.209039,0.356284,0.127493,0.116581,0.280636,0.068015,0.375595,0.612189,4.083908,0.27507,0.571314,0.348701,0.069712,0.476241,0.274364,0.882759,0.454918,2.786321,0.285296,0.452058,1.466157,0.531393,0.396844,0.255126,0.178178,0.64137,0.425194,0.378037,0.091244,0.465241,0.108776,0.252579,0.249153,0.087777,0.772244,0.458942,0.729565,0.677939,0.253766,1.198513,0.62389
2022-06-18,0.29363,0.13635,0.740108,0.325974,0.78275,0.425343,0.387042,0.09691,0.294563,2.038855,0.37174,0.278719,0.254488,0.183271,0.262307,0.187091,0.01737,0.110469,0.262367,0.214943,0.339792,0.19996,0.318812,0.174279,0.442223,0.371198,0.088276,0.151639,1.941033,0.071324,0.462821,0.756726,0.470078,0.544507,0.032382,0.169694,0.690706,0.283463,0.308602,0.182488,0.316364,0.108776,0.350804,0.360617,0.029259,0.308897,0.332733,0.563173,0.338969,0.15226,0.684865,0.811058
2022-06-25,0.137027,0.40905,0.470978,0.521558,0.610802,0.153123,0.165875,0.193819,0.441844,1.335649,0.244804,0.418078,0.101795,0.151398,0.247734,0.155909,0.102022,0.243032,0.240503,0.358238,0.323611,0.142829,0.159406,0.029329,0.782395,0.306642,0.030659,0.303279,1.127051,0.071324,0.247556,0.283772,0.33723,0.535278,0.012113,0.101816,0.690706,0.188975,0.270027,0.091244,0.53968,0.217553,0.210482,0.301607,0.087777,0.015649,0.401574,0.81916,0.282475,0.118424,0.036318,0.499112
2022-07-02,0.156603,0.2727,0.215304,0.260779,0.495314,0.221178,0.221167,0.017794,0.147281,0.919917,0.317339,0.209039,0.152693,0.055778,0.174871,0.093545,0.136029,0.022094,0.153047,0.143295,0.210347,0.085697,0.109592,0.017428,0.578292,0.177529,0.353104,0.454918,0.751367,0.01,0.118396,0.567545,0.22993,0.350699,0.01,0.093332,0.616702,0.070866,0.270027,0.02858,0.204706,0.108776,0.491125,0.262267,0.146296,0.463346,0.447468,0.703966,0.056495,0.135342,0.171216,0.748669
2022-07-09,0.29363,0.40905,0.188391,0.162987,0.295135,0.187151,0.138229,0.01,0.294563,0.712051,0.253871,0.209039,0.152693,0.079683,0.116581,0.093545,0.102022,0.132563,0.021864,0.071648,0.194167,0.085697,0.089666,0.034856,0.714361,0.225947,0.176552,0.252732,0.62614,0.071324,0.161449,0.029983,0.183944,0.138434,0.012163,0.050908,0.64137,0.029235,0.246882,0.821196,0.148877,0.01,0.126289,0.183587,0.01,0.154449,0.229471,0.396781,0.338969,0.016918,0.342432,0.405529
2022-07-16,0.645986,0.012631,0.121109,0.61935,0.254073,0.153123,0.082938,0.09691,0.147281,0.548412,0.244804,0.019339,0.203591,0.087652,0.131153,0.022013,0.026975,0.066281,0.087456,0.036927,0.113264,0.085697,0.049814,0.034856,0.680344,0.193668,0.176552,0.353825,0.563526,0.017287,0.182976,0.236477,0.194163,0.378386,0.127563,0.042423,0.592034,0.165353,0.162016,0.091244,0.074439,0.031258,0.098225,0.272102,0.025813,0.154449,0.217997,0.383981,0.338969,0.033835,0.513648,0.467918
2022-07-23,0.097877,0.01,0.174935,0.325974,0.15655,0.153123,0.165875,0.01,0.036917,0.393618,0.253871,0.06968,0.027984,0.031873,0.102008,0.013341,0.068015,0.022094,0.39355,0.071648,0.048542,0.042849,0.06974,0.052284,0.782395,0.403476,0.01,0.050546,0.125228,0.071324,0.086106,0.189182,0.051095,0.350699,0.255126,0.093332,0.12334,0.023622,0.216021,0.01,0.483851,0.652658,0.154354,0.268823,0.024278,0.01,0.378627,0.294386,0.056495,0.037798,0.02366,0.405529
2022-07-30,0.176178,0.025101,0.201848,0.032597,0.12062,0.13611,0.082938,0.01,0.028886,0.327278,0.353606,0.139359,0.050898,0.071715,0.145726,0.038852,0.102022,0.132563,0.087456,0.010932,0.048542,0.042849,0.039852,0.052284,0.612309,0.193668,0.01,0.151639,0.156535,0.071324,0.09687,0.047295,0.086862,0.101518,0.01,0.059393,0.148008,0.023622,0.200591,0.01,0.279145,0.87021,0.19645,0.203257,0.029259,0.01,0.309786,0.166392,0.01,0.033835,0.342432,0.467918
2022-08-06,0.176178,0.01,0.067283,0.097792,0.097523,0.204165,0.082938,0.021045,0.294563,0.305165,0.299205,0.209039,0.101795,0.103588,0.145726,0.031182,0.068015,0.022094,0.131183,0.016665,0.032361,0.071414,0.022028,0.034856,0.646327,0.371198,0.011298,0.151639,0.031307,0.01805,0.172213,0.047295,0.056205,0.029746,0.127563,0.033939,0.542697,0.023622,0.177446,0.033056,0.111658,0.543881,0.238547,0.1967,0.032782,0.020108,0.172103,0.217589,0.023104,0.101506,0.02579,0.311945
2022-08-13,0.156603,0.13635,0.107652,0.228182,0.100089,0.170137,0.027646,0.032286,0.030512,0.327278,0.17227,0.06968,0.01,0.087652,0.05829,0.031182,0.034007,0.088375,0.284231,0.143295,0.080903,0.042849,0.029889,0.08714,0.476241,0.193668,0.01,0.01,0.037968,0.034226,0.09687,0.472954,0.056205,0.08306,0.382689,0.01,0.271349,0.047244,0.208306,0.033267,0.111658,0.761434,0.224514,0.209813,0.015221,0.034171,0.321259,0.191991,0.029155,0.016918,0.023129,0.717474
2022-08-20,0.097877,0.13635,0.188391,0.097792,0.089824,0.170137,0.055292,0.010465,0.03263,0.265361,0.117869,0.06968,0.050898,0.09562,0.160298,0.124727,0.068015,0.066281,0.174911,0.037614,0.097083,0.028566,0.019926,0.01,0.442223,0.242086,0.088276,0.303279,0.031307,0.01,0.075343,0.283772,0.081753,0.110747,0.036382,0.084847,0.098672,0.022695,0.293172,0.027683,0.055829,0.761434,0.182418,0.291772,0.029259,0.027977,0.183577,0.153593,0.056495,0.016918,0.024727,0.405529
2022-08-27,0.195753,0.13635,0.215304,0.097792,0.074425,0.017014,0.221167,0.035372,0.147281,0.287474,0.235737,0.06968,0.028815,0.127493,0.218589,0.031182,0.034007,0.088375,0.240503,0.013508,0.064722,0.042849,0.019926,0.017428,0.442223,0.032278,0.01,0.454918,0.156535,0.019353,0.129159,0.283772,0.127739,0.101518,0.018812,0.084847,0.197345,0.029324,0.177446,0.013208,0.055829,0.761434,0.210482,0.232762,0.039307,0.026129,0.16063,0.089596,0.037901,0.033835,0.018343,0.62389
2022-09-03,0.254479,0.016794,0.188391,0.195584,0.084691,0.017014,0.110584,0.09691,0.026969,0.234402,0.181336,0.139359,0.152693,0.079683,0.262307,0.093545,0.02612,0.088375,0.218639,0.010593,0.029972,0.057131,0.027019,0.017428,0.714361,0.129112,0.02695,0.404371,0.219149,0.02612,0.086106,0.804022,0.11752,0.055374,0.127563,0.110301,0.172676,0.01,0.223736,0.025611,0.167487,0.761434,0.19645,0.311442,0.029259,0.154449,0.275365,0.217589,0.01,0.050753,0.038732,0.717474
2022-09-10,0.234904,0.681751,0.053826,0.195584,0.09239,0.034027,0.082938,0.036852,0.030657,0.221134,0.389873,0.06968,0.029222,0.039842,0.378887,0.014304,0.034007,0.176751,0.349822,0.031723,0.048542,0.014283,0.089666,0.017428,0.612309,0.064556,0.037595,0.101093,0.031307,0.017685,0.075343,0.520249,0.076643,0.119976,0.027005,0.135755,0.271349,0.023622,0.285457,0.01,0.130268,0.761434,0.280643,0.344225,0.029259,0.017672,0.229471,0.127994,0.019636,0.036043,0.03797,1.154197
2022-09-17,0.430657,0.013736,0.094196,0.162987,0.053894,0.051041,0.138229,0.193819,0.01,0.349392,0.417074,0.139359,0.027839,0.031873,0.378887,0.031182,0.026907,0.110469,0.415414,0.027617,0.129445,0.042849,0.019926,0.031304,1.224619,0.096834,0.088276,0.454918,0.250456,0.213972,0.107633,0.189182,0.102191,0.156892,0.015941,0.059393,0.296017,0.024218,0.246882,0.027202,0.167487,0.761434,0.238547,0.403235,0.032824,0.010462,0.309786,0.20479,0.056495,0.029765,0.01,1.216586
2022-09-24,0.391507,0.014385,0.121109,0.228182,0.089824,0.068055,0.082938,0.038702,0.147281,0.344969,0.498675,0.209039,0.152693,0.119525,0.466323,0.062364,0.034007,0.220938,0.39355,0.020784,0.048542,0.057131,0.06974,0.034856,0.680344,0.129112,0.01,0.101093,0.344377,0.071324,0.161449,0.283772,0.1073,0.101518,0.127563,0.093332,0.148008,0.047244,0.262312,0.03299,0.316364,0.761434,0.449029,0.704842,0.029259,0.019234,0.183577,0.089596,0.056495,0.067671,0.016752,1.091808
2022-10-01,0.54811,0.2727,0.134565,0.325974,0.174515,0.051041,0.055292,0.01,0.01,0.344969,0.698145,0.278719,0.152693,0.079683,0.553758,0.280636,0.034007,0.088375,1.027603,0.010917,0.097083,0.057131,0.039852,0.034856,0.986499,0.193668,0.176552,0.909836,0.469605,0.071324,0.226029,0.662135,0.143067,0.193808,0.01,0.12727,0.197345,0.023622,0.347177,0.091244,0.334974,1.087763,0.533222,0.416348,0.013041,0.0353,0.332733,0.140793,0.056495,0.016918,0.012533,1.403754
2022-10-08,0.822164,0.019596,0.174935,0.717142,0.236108,0.034027,0.055292,0.030772,0.147281,0.499763,0.988283,0.348399,0.050898,0.09562,0.670339,0.187091,0.238051,0.154657,1.464881,0.071648,0.27507,0.085697,0.119555,0.209135,2.041032,0.096834,0.033443,1.010929,1.095744,0.01,0.258319,1.182385,0.194163,0.184579,0.038573,0.14424,0.148008,0.022417,0.447473,0.091244,0.614119,1.087763,0.547254,0.731068,0.01,0.154449,0.55073,0.191991,0.282475,0.016918,0.171216,1.029419
2022-10-15,1.703055,0.681751,0.148022,1.206103,0.223276,0.051041,0.165875,0.032679,0.294563,0.446691,1.305622,0.418078,0.050898,0.223113,0.78692,0.218272,0.136029,0.508158,2.142662,0.01,0.436875,0.09998,0.149443,0.052284,2.279152,0.16139,0.01,0.556011,0.469605,0.026828,0.344425,1.135089,0.245258,0.313784,0.127563,0.27151,0.345353,0.070866,0.594059,0.038298,0.781605,1.305315,0.827897,1.009727,0.087777,0.033215,0.608098,0.166392,0.621444,0.033835,0.342432,1.341364
2022-10-22,2.760123,0.13635,0.322956,1.532076,0.310534,0.238192,0.304105,0.09691,0.736407,0.548412,1.242154,0.209039,0.050898,0.310765,1.005509,0.280636,0.544117,0.28722,2.820443,0.01,0.695764,0.128546,0.119555,0.243991,2.993513,0.371198,0.024508,0.606557,0.469605,0.071324,0.376715,1.22968,0.21971,0.655254,0.255126,0.279995,0.740042,0.141731,0.702069,0.182488,1.302676,1.414092,1.220798,1.570322,0.175555,0.01,0.883463,0.268787,0.847424,0.186095,0.342432,1.528532
2022-10-29,5.304917,1.499851,0.349869,2.509998,0.510712,0.45937,0.995252,0.387638,1.620096,1.065866,1.958433,0.487758,0.050898,0.844642,1.500977,0.467726,0.646139,1.458192,5.138017,0.214943,1.69896,0.214243,0.478218,0.644834,5.034544,0.790813,0.264828,0.606557,0.375684,0.01,0.72114,2.506656,0.541612,1.707352,0.255126,0.890892,1.40608,0.11811,1.280698,0.012615,2.903106,0.978987,1.711923,2.30139,0.35111,0.154449,1.973451,0.422379,3.163715,0.253766,0.684865,1.622115
2022-11-05,7.888862,2.045252,1.063065,4.368048,1.06762,0.59548,1.050543,0.969096,4.860289,1.282577,2.266705,0.487758,0.814363,1.23509,2.054735,0.498908,1.156248,2.739633,4.831922,0.214943,2.524169,0.428486,0.547958,1.446518,8.84447,1.065177,0.529655,1.566939,1.095744,0.213972,1.786706,4.256585,0.970813,2.611788,0.765378,1.662999,1.159399,0.755901,1.759031,0.273732,4.615194,0.978987,3.241428,3.137365,0.175555,0.034431,3.52238,0.550373,5.028047,0.558285,1.198513,2.807507
2022-11-12,6.910095,1.908902,1.803173,6.617266,2.201965,0.986796,1.437586,1.259824,6.480385,2.003474,2.384573,1.463274,0.559875,2.039891,1.981872,0.623635,1.496321,4.92692,4.98497,0.57318,3.462641,0.585597,0.876733,2.875609,8.300195,1.694599,0.971035,1.213114,2.880242,0.213972,3.17517,7.047013,1.420453,3.239355,1.275631,2.180565,1.825437,1.204717,2.661691,0.547464,4.764071,1.414092,4.364,3.632394,0.35111,0.154449,3.889534,1.139145,7.174853,0.761298,1.712162,2.745118
2022-11-19,5.128739,4.908605,4.144607,6.975838,3.847023,1.820468,2.847525,5.136206,5.302133,2.286525,2.139769,1.045196,2.85027,3.075773,3.424558,1.153725,2.176467,6.4293,5.181745,1.003065,3.397919,1.042649,1.643875,4.234988,8.504298,3.582867,1.147587,1.566939,5.071731,0.641915,3.444252,7.709148,2.529225,3.405476,1.65832,2.638738,3.70021,2.669276,3.147739,0.273732,4.243001,2.610631,3.999164,3.829094,0.234073,0.308897,3.00607,3.059051,7.683308,1.488761,6.67743,2.027644
2022-11-26,5.285342,8.862758,7.670214,13.26713,6.75218,2.671154,5.059195,3.779473,8.542326,3.286051,2.339239,0.836157,7.176573,6.382628,6.659673,3.242902,5.203115,11.510877,7.215088,2.364368,4.983615,2.4995,2.889234,6.657471,9.252676,7.875851,3.88414,3.032786,8.296349,0.641915,5.521567,8.323989,4.031431,3.96844,2.806387,4.751426,8.485815,8.881838,5.408248,1.277417,4.001076,6.309025,6.609145,5.894444,0.848515,2.007834,4.359949,6.860466,10.677538,3.975669,6.334998,2.2772
2022-12-03,8.182492,7.226557,10.751756,15.190375,8.107236,2.773236,11.777143,8.334222,9.720578,4.073288,3.100852,0.627117,9.314276,8.781094,12.109821,6.485804,10.236194,18.757647,9.882484,7.164751,6.650213,6.44157,4.572961,7.720574,9.116608,13.718183,5.737934,5.256829,14.964736,2.068394,10.709472,16.884454,6.770147,5.888058,6.25059,8.111363,19.019079,12.803075,10.021847,2.007369,4.559365,7.940669,9.640091,7.153324,0.994811,4.787911,5.679407,9.369144,17.965381,7.765243,12.49878,2.401978
2022-12-10,5.011287,9.953559,10.482626,11.278691,6.249167,3.998224,10.892475,2.907287,6.038541,3.489494,1.894965,0.905836,9.416071,7.617719,12.284692,7.202984,8.671859,14.869136,8.352011,8.526053,5.258684,7.769876,5.88806,6.012637,6.089077,13.363124,8.82759,6.166665,13.931606,4.636055,8.137046,19.343814,7.643879,3.645428,4.337144,8.119848,20.03047,15.354241,9.150046,4.927178,2.977545,9.137208,6.819627,5.819042,1.755549,6.950193,4.222267,8.716376,13.897748,8.103597,7.191079,2.2772
2022-12-17,3.44526,6.953856,7.643301,8.18194,4.142158,4.338498,10.920121,2.422739,3.387474,3.741587,1.622961,0.975516,14.556737,5.840782,10.652562,10.134069,7.447596,9.478246,3.935502,13.039846,4.223128,9.412405,8.906812,4.3047,4.830441,12.120418,8.739314,8.390708,9.955619,5.420619,6.522553,16.175023,8.854841,2.944029,8.419162,8.247118,18.895739,16.20463,8.062225,3.741006,2.772838,10.5513,3.620296,5.025686,1.199625,8.64913,3.281435,9.471539,11.242487,8.171268,6.848647,1.902866
2022-12-24,2.975452,5.863055,7.804779,6.584669,4.095963,6.788474,7.464387,2.810377,3.092911,4.528824,1.432557,2.020712,10.33223,4.605692,8.962142,10.227614,6.189327,6.208361,3.388905,15.117624,3.737711,10.854973,11.188311,2.823325,2.925479,9.021723,5.296554,7.076501,7.075377,8.3449,5.618436,17.073636,7.751179,2.750221,9.18454,6.779267,16.774285,10.653481,8.077655,5.20091,2.195939,9.137208,3.171267,4.26839,1.843327,9.884719,3.086385,5.170948,8.756711,7.748325,8.560808,3.556176
2022-12-31,2.89715,5.863055,8.827475,6.649864,3.651977,5.359321,6.662656,4.070201,4.713007,5.501814,1.668295,2.36911,11.350183,4.42242,8.248085,9.97816,6.291349,5.368797,3.629408,13.756321,3.640628,10.926388,11.327792,3.084744,4.082063,10.264428,8.033107,7.278686,5.603949,10.056674,5.123325,13.526481,6.688394,2.75945,10.460171,5.998676,17.464991,8.527509,8.494267,4.470958,2.921716,6.417801,3.479975,4.632286,2.42851,12.510348,3.201121,4.914961,9.717124,8.188186,8.732024,1.871671
2023-01-07,2.407767,4.363204,5.194215,5.150385,2.343117,2.688167,4.699799,4.36093,2.503785,5.860051,1.713629,0.696797,5.70054,3.450285,5.260704,6.797622,4.250911,2.938477,3.738727,9.027586,2.540349,6.984318,7.113494,1.394235,2.993513,6.536311,5.296554,5.004097,3.63161,7.702984,3.691808,8.465875,4.884725,2.048823,9.18454,4.149013,12.408037,3.59053,6.241473,3.284785,2.996154,7.505564,2.441595,4.084804,1.931104,7.876886,2.673337,2.956656,8.361247,5.61669,5.478917,1.622115
2023-01-14,1.937959,0.954451,2.193412,3.422724,1.054788,1.684358,2.184024,1.162915,0.883689,3.104721,0.979216,0.627117,2.341293,1.37852,2.521058,2.993448,1.836394,1.39191,1.858432,4.083908,1.634237,3.584998,3.188121,0.819113,1.93898,3.147113,3.44276,3.184425,1.158358,3.352225,1.786706,2.506656,2.641635,1.20899,6.633279,1.64603,6.75905,1.535424,3.487201,0.821196,1.470163,1.631644,1.403216,2.504647,0.643701,1.853385,1.365352,1.84311,2.711756,2.892934,2.739459,2.62034
2023-01-21,1.115794,0.954451,1.587869,2.118829,0.53381,0.629508,0.995252,0.581457,1.178252,2.622649,0.725345,0.028958,1.781419,0.541846,1.457259,1.340815,1.360292,0.773283,1.814704,2.077778,1.084098,1.871055,1.703652,0.50541,1.768894,1.630043,1.412414,2.780054,0.657447,1.64045,1.097855,1.371566,1.578849,0.581423,3.571766,1.043617,4.144235,0.755901,2.337659,1.459905,1.07936,1.305315,0.968219,1.609662,0.643701,1.544487,0.826096,1.100746,0.790929,1.827116,2.397026,1.466143
2023-01-28,0.822164,0.681751,0.767021,1.434284,0.323366,0.442357,0.912314,0.581457,1.03097,1.870794,0.643744,0.627117,0.865261,0.581688,1.034654,1.465542,0.714153,0.707002,0.918284,1.003065,0.631042,1.085497,0.836882,0.313703,1.190602,1.17815,0.794483,1.112022,0.344377,1.355155,0.8503,0.993203,1.205853,0.378386,3.061513,0.610898,2.318798,0.259841,1.813036,0.91244,0.762996,1.631644,0.575318,1.137582,0.204814,0.772244,0.688413,0.844759,1.186393,0.862805,0.856081,1.778088
2023-02-04,0.685137,0.40905,0.834304,0.651947,0.295135,0.646521,0.414688,0.969096,1.325533,1.565629,1.849631,0.557438,0.152693,0.223113,0.597476,0.405363,0.408087,0.353501,2.055207,0.716475,0.825209,0.828406,0.86677,0.278847,0.986499,0.806952,0.794483,0.303279,0.125228,0.285296,0.409005,0.472954,0.740884,0.369157,1.148068,0.500597,2.121454,0.236219,1.489004,0.364976,0.744386,1.631644,0.603383,0.921212,0.204814,0.463346,0.71136,0.537574,1.242888,0.37219,1.027297,1.684504
2023-02-11,0.567685,0.13635,0.753565,1.075713,0.238675,0.45937,0.414688,0.09691,0.736407,1.326804,0.752546,0.696797,0.203591,0.247018,0.597476,0.467726,0.306066,0.640721,1.093195,0.429885,0.663403,0.842689,0.557921,0.121996,0.714361,0.661701,0.176552,0.101093,0.344377,0.570591,0.279845,0.425659,0.531393,0.507591,2.041009,0.41575,1.332076,0.165353,1.388709,0.091244,0.856044,0.978987,0.3929,0.88515,0.204814,0.012655,0.734307,0.601571,0.903919,0.389108,0.342432,2.401978
2023-02-18,0.58726,0.2727,0.511348,0.814934,0.187347,0.289233,0.387042,0.09691,0.736407,1.03933,0.680011,0.278719,0.407181,0.223113,0.480895,0.280636,0.102022,0.486064,0.721509,0.28659,0.420695,0.557032,0.597773,0.174279,0.952481,0.67784,0.529655,0.303279,0.375684,0.285296,0.570454,0.141886,0.44453,0.424531,1.275631,0.39878,1.110063,0.094488,1.496719,0.182488,0.800215,1.740421,0.799833,0.790078,0.35111,0.308897,0.653992,0.396781,0.508454,0.186095,0.342432,1.372559
2023-02-25,0.606836,0.681751,0.57863,0.977921,0.202745,0.221178,0.46998,0.014865,0.589126,0.950876,0.544009,0.348399,0.152693,0.247018,0.612049,0.342999,0.272058,0.154657,0.481006,0.038562,0.420695,0.29994,0.537995,0.104568,1.08855,0.581005,0.264828,0.454918,0.093921,0.142648,0.441295,0.520249,0.281025,0.25841,1.148068,0.203633,0.814046,0.141731,1.296128,0.182488,0.762996,0.435105,0.603383,0.681893,0.117037,0.308897,0.699887,0.486376,0.790929,0.101506,0.010661,0.998225
2023-03-04,0.313205,0.2727,0.659369,1.075713,0.159116,0.323261,0.276459,0.484548,0.589126,0.787237,0.489608,0.06968,0.152693,0.19124,0.655766,0.187091,0.136029,0.243032,0.546598,0.28659,0.210347,0.214243,0.508107,0.139423,1.156585,0.629423,0.529655,0.303279,0.125228,0.142648,0.333662,0.756726,0.250368,0.313784,0.637815,0.195148,0.789378,0.11811,1.303843,0.091244,0.53968,0.761434,0.575318,0.560595,0.087777,0.154449,0.653992,0.742364,0.508454,0.118424,0.171216,0.686279
2023-03-11,0.332781,0.545401,0.57863,0.74974,0.12062,0.153123,0.525272,0.09691,0.294563,0.79166,0.462408,0.209039,0.203591,0.127493,0.466323,0.374181,0.204044,0.331407,0.481006,0.029874,0.258889,0.257091,0.358664,0.08714,1.08855,0.564866,0.264828,0.70765,0.093921,0.285296,0.236792,0.236477,0.286134,0.230723,0.637815,0.220602,0.468693,0.141731,1.357848,0.01,0.576899,1.631644,0.378868,0.514698,0.204814,0.772244,0.458942,0.601571,0.22598,0.169177,0.342432,0.499112
2023-03-18,0.430657,0.13635,0.740108,0.488961,0.153984,0.204165,0.276459,0.021013,0.294563,0.933185,0.489608,0.278719,0.305386,0.09562,0.510041,0.218272,0.238051,0.574439,0.371686,0.358238,0.161806,0.285657,0.328775,0.104568,0.748378,0.387337,0.176552,0.556011,0.187842,0.713239,0.236792,0.141886,0.342339,0.295326,1.403194,0.288479,0.715374,0.212597,1.188117,0.091244,0.390803,1.740421,0.406933,0.521255,0.087777,0.308897,0.688413,0.358383,0.451959,0.101506,0.342432,0.34314
2023-03-25,0.371931,0.40905,0.484435,0.586753,0.09239,0.170137,0.359396,0.193819,0.441844,0.698783,0.562143,0.06968,0.152693,0.23905,0.306024,0.218272,0.204044,0.309313,0.50287,0.071648,0.339792,0.271374,0.20922,0.069712,0.544275,0.516449,0.088276,0.454918,0.250456,0.641915,0.473585,0.141886,0.541612,0.184579,0.01,0.246056,0.567366,0.070866,1.188117,0.182488,0.446632,2.175526,0.434997,0.429462,0.087777,0.617795,0.573678,0.358383,0.903919,0.15226,0.020743,0.779863
2023-04-01,0.528534,0.13635,0.3095,0.880129,0.074425,0.102082,0.331751,0.193819,1.472815,0.729742,0.480541,0.487758,0.152693,0.294828,0.568331,0.124727,0.306066,0.353501,0.590325,0.28659,0.145625,0.185677,0.169369,0.174279,0.646327,0.468032,0.088276,0.505464,0.125228,0.641915,0.419768,0.425659,0.383216,0.110747,0.01,0.279995,0.493361,0.094488,0.81008,0.035221,0.372193,1.414092,0.631447,0.51142,0.087777,0.016855,0.573678,0.40958,0.508454,0.067671,0.171216,1.31017
2023-04-08,0.332781,0.2727,0.538261,0.488961,0.115488,0.119096,0.608209,0.011954,0.589126,0.818196,0.444274,0.209039,0.254488,0.199208,0.262307,0.062364,0.170036,0.419782,0.39355,0.214943,0.194167,0.157111,0.249072,0.209135,0.884447,0.468032,0.038146,0.151639,0.125228,0.427944,0.419768,0.047295,0.398544,0.203036,0.892941,0.110301,0.567366,0.11811,0.501478,0.010948,0.446632,1.414092,0.406933,0.419627,0.175555,0.01452,0.619572,0.332784,0.395464,0.169177,0.342432,1.029419
2023-04-15,0.313205,0.2727,0.619,0.554155,0.084691,0.306247,0.304105,0.030836,0.441844,0.574948,0.262938,0.06968,0.101795,0.294828,0.247734,0.155909,0.238051,0.508158,0.306095,0.036131,0.210347,0.142829,0.159406,0.209135,0.544275,0.290503,0.018127,0.303279,0.250456,0.01,0.484348,0.189182,0.383216,0.230723,0.637815,0.212117,0.468693,0.070866,0.509193,0.091244,0.409412,0.543881,0.350804,0.41307,0.087777,0.154449,0.401574,0.345583,0.395464,0.15226,0.513648,1.060614
2023-04-22,0.391507,0.13635,0.497891,0.260779,0.094957,0.204165,0.221167,0.017347,0.441844,0.672247,0.39894,0.139359,0.152693,0.199208,0.145726,0.01,0.068015,0.265126,0.459142,0.358238,0.161806,0.128546,0.079703,0.139423,1.122567,0.306642,0.176552,0.353825,0.01,0.071324,0.376715,0.378363,0.240149,0.119976,0.382689,0.152724,0.370021,0.023622,0.632634,0.091244,0.390803,0.435105,0.308707,0.33439,0.175555,0.025807,0.51631,0.230389,0.22598,0.084589,0.01,1.029419
2023-04-29,0.215329,0.01,0.551717,0.358571,0.066726,0.153123,0.248813,0.09691,0.147281,0.605907,0.389873,0.06968,0.356284,0.151398,0.262307,0.374181,0.068015,0.088375,0.437278,0.010062,0.161806,0.128546,0.06974,0.209135,0.544275,0.419615,0.015191,0.202186,0.125228,0.142648,0.139923,0.094591,0.189053,0.092289,0.637815,0.161209,0.518029,0.11811,0.617204,0.091244,0.502461,0.435105,0.252579,0.360617,0.019093,0.308897,0.35568,0.179191,0.282475,0.01,0.171216,1.123003
2023-05-06,0.078301,0.681751,0.457522,0.293376,0.056461,0.119096,0.193521,0.01,0.01,0.566103,0.299205,0.031374,0.254488,0.19124,0.306024,0.155909,0.068015,0.353501,0.218639,0.143295,0.242709,0.142829,0.169369,0.331131,0.714361,0.435754,0.01615,0.101093,0.219149,0.213972,0.226029,0.047295,0.265696,0.064603,0.892941,0.14424,0.246681,0.047244,0.362607,0.028021,0.316364,0.761434,0.336772,0.645832,0.117037,0.031391,0.596625,0.166392,0.22598,0.118424,0.342432,1.466143
2023-05-13,0.274055,0.13635,0.740108,0.391168,0.084691,0.119096,0.165875,0.09691,0.294563,0.583794,0.453341,0.06968,0.458079,0.23905,0.262307,0.155909,0.068015,0.331407,0.39355,0.28659,0.177986,0.257091,0.169369,0.226563,0.816413,0.33892,0.029677,0.202186,0.187842,0.071324,0.226029,0.047295,0.275915,0.147663,0.255126,0.14424,0.370021,0.01,0.478333,0.364976,0.428022,0.761434,0.210482,0.324555,0.175555,0.021477,0.504836,0.127994,0.282475,0.084589,0.171216,1.341364
2023-05-20,0.195753,0.01,0.740108,0.293376,0.061593,0.153123,0.248813,0.039952,0.294563,0.619175,0.272005,0.209039,0.050898,0.199208,0.276879,0.093545,0.136029,0.243032,0.371686,0.358238,0.080903,0.185677,0.129517,0.139423,0.748378,0.355059,0.176552,0.101093,0.093921,0.019916,0.161449,0.189182,0.255477,0.101518,1.65832,1.849662,0.567366,0.047244,0.416613,0.039047,0.390803,0.326329,0.19645,0.317998,0.117037,0.308897,0.401574,0.166392,0.508454,0.033835,0.171216,1.840477
2023-05-27,0.215329,0.013065,0.874674,0.456363,0.059027,0.170137,0.331751,0.032676,0.883689,0.623598,0.335472,0.03554,0.101795,0.294828,0.233161,0.124727,0.102022,0.243032,0.240503,0.143295,0.097083,0.142829,0.179332,0.052284,0.680344,0.129112,0.264828,0.353825,0.187842,0.285296,0.215266,0.141886,0.311682,0.046145,0.382689,0.118786,0.493361,0.070866,0.439758,0.273732,0.316364,0.326329,0.378868,0.347503,0.146296,0.01,0.573678,0.191991,0.564949,0.033835,0.013044,1.871671
2023-06-03,0.489384,0.40905,0.874674,0.195584,0.123187,0.085069,0.110584,0.290729,0.441844,0.654557,0.417074,0.278719,0.101795,0.175303,0.218589,0.01,0.136029,0.110469,0.306095,0.214943,0.129445,0.128546,0.13948,0.017428,0.340172,0.129112,0.039212,0.151639,0.187842,0.071324,0.269082,0.094591,0.235039,0.129205,0.127563,0.084847,0.296017,0.070866,0.509193,0.091244,0.483851,0.435105,0.280643,0.272102,0.029259,0.016875,0.413048,0.217589,0.282475,0.118424,0.171216,2.2772
2023-06-10,0.274055,0.2727,0.820847,0.032597,0.110355,0.051041,0.165875,0.011113,0.147281,0.734165,0.498675,0.418078,0.050898,0.167335,0.189444,0.124727,0.442095,0.110469,0.306095,0.071648,0.080903,0.157111,0.13948,0.08714,0.578292,0.290503,0.176552,0.050546,0.344377,0.015054,0.139923,0.047295,0.199272,0.110747,0.382689,0.093332,0.246681,0.141731,0.462903,0.091244,0.390803,0.217553,0.378868,0.245875,0.029259,0.023793,0.309786,0.358383,0.451959,0.186095,0.171216,1.902866
2023-06-17,0.097877,0.818101,0.672826,0.162987,0.09239,0.102082,0.165875,0.034355,0.147281,0.654557,0.37174,0.557438,0.305386,0.159366,0.189444,0.062364,0.068015,0.176751,0.218639,0.038713,0.032361,0.171394,0.199258,0.139423,0.476241,0.16139,0.176552,0.050546,0.250456,0.142648,0.09687,0.047295,0.189053,0.166121,0.255126,0.093332,0.370021,0.047244,0.432043,0.182488,0.428022,0.217553,0.434997,0.327833,0.117037,0.01,0.309786,0.243188,0.338969,0.067671,0.171216,1.559726
2023-06-24,0.215329,0.028162,0.645913,0.391168,0.069293,0.051041,0.165875,0.019267,0.294563,0.729742,0.344539,0.627117,0.050898,0.103588,0.072863,0.031182,0.068015,0.132563,0.174911,0.071648,0.129445,0.057131,0.13948,0.034856,0.442223,0.193668,0.088276,0.050546,0.250456,0.027483,0.129159,0.047295,0.183944,0.147663,0.127563,0.118786,0.222013,0.11811,0.378037,0.027493,0.428022,0.019243,0.182418,0.357338,0.087777,0.029978,0.252418,0.217589,0.11299,0.016918,0.171216,1.809282
2023-07-01,0.215329,0.545401,0.390239,0.195584,0.125753,0.119096,0.165875,0.016476,0.147281,0.698783,0.344539,0.696797,0.356284,0.063747,0.131153,0.062364,0.102022,0.110469,0.349822,0.143295,0.01,0.09998,0.089666,0.029902,0.510258,0.112973,0.088276,0.050546,0.219149,0.071324,0.06458,0.031824,0.148177,0.156892,0.127563,0.313934,0.320685,0.023622,0.362607,0.091244,0.372193,0.217553,0.336772,0.285215,0.087777,0.154449,0.447468,0.243188,0.169485,0.084589,1.540945,1.622115
2023-07-08,0.058726,0.2727,0.457522,0.130389,0.066726,0.051041,0.027646,0.010151,0.294563,0.636866,0.208537,0.557438,0.152693,0.087652,0.029145,0.062364,0.034007,0.176751,0.284231,0.214943,0.048542,0.042849,0.049814,0.017428,0.476241,0.048417,0.017317,0.050546,0.187842,0.01,0.172213,0.047295,0.11752,0.092289,0.255126,0.313934,0.296017,0.047244,0.354892,0.182488,0.260535,0.326329,0.294675,0.258988,0.029259,0.019528,0.447468,0.230389,0.030406,0.067671,0.171216,1.216586
2023-07-15,0.274055,0.2727,0.376782,0.260779,0.138585,0.13611,0.055292,0.019312,0.294563,0.61033,0.163203,0.418078,0.152693,0.079683,0.029145,0.019555,0.102022,0.132563,0.131183,0.016108,0.080903,0.09998,0.029889,0.018176,0.476241,0.209808,0.088276,0.01,0.31307,0.071324,0.075343,0.029455,0.086862,0.119976,0.127563,0.339388,0.197345,0.11811,0.316317,0.011403,0.334974,0.029621,0.32274,0.31472,0.087777,0.01,0.344207,0.243188,0.056495,0.135342,0.024976,1.31017
2023-07-22,0.29363,0.13635,0.174935,0.195584,0.100089,0.068055,0.082938,0.193819,0.147281,0.486495,0.154136,0.278719,0.050898,0.09562,0.05829,0.062364,0.017118,0.066281,0.153047,0.071648,0.064722,0.142829,0.029889,0.014552,0.340172,0.322781,0.014228,0.050546,0.219149,0.034197,0.172213,0.047295,0.143067,0.046145,0.127563,0.279995,0.320685,0.070866,0.285457,0.020891,0.297754,0.036857,0.32274,0.281937,0.012496,0.025644,0.252418,0.230389,0.018529,0.15226,0.01,1.029419
2023-07-29,0.606836,0.027268,0.201848,0.162987,0.094957,0.051041,0.138229,0.022601,0.147281,0.583794,0.145069,0.278719,0.152693,0.079683,0.05829,0.020079,0.068015,0.198844,0.262367,0.214943,0.226528,0.057131,0.039852,0.052284,0.578292,0.16139,0.032624,0.050546,0.125228,0.071324,0.086106,0.01,0.097081,0.08306,0.127563,0.992709,0.345353,0.047244,0.277742,0.039918,0.372193,0.023395,0.224514,0.301607,0.029259,0.011274,0.217997,0.230389,0.169485,0.033835,0.342432,1.31017
2023-08-05,0.254479,0.2727,0.148022,0.358571,0.110355,0.051041,0.110584,0.036794,0.01,0.579371,0.17227,0.418078,0.101795,0.09562,0.102008,0.031182,0.034007,0.198844,0.240503,0.143295,0.113264,0.085697,0.039852,0.034856,0.306155,0.064556,0.033616,0.050546,0.187842,0.071324,0.161449,0.094591,0.168615,0.073831,0.01,0.076362,0.148008,0.070866,0.393467,0.023012,0.334974,0.217553,0.308707,0.357338,0.029259,0.039175,0.35568,0.255988,0.056495,0.016918,0.01,0.904641
2023-08-12,0.176178,0.13635,0.121109,0.325974,0.089824,0.017014,0.193521,0.09691,0.147281,0.588216,0.253871,0.278719,0.152693,0.103588,0.131153,0.032113,0.068015,0.110469,0.153047,0.01,0.080903,0.142829,0.109592,0.01,0.918464,0.145251,0.01,0.050546,0.187842,0.071324,0.06458,0.047295,0.1073,0.119976,0.637815,0.084847,0.271349,0.094488,0.285457,0.023591,0.148877,0.108776,0.364836,0.390122,0.029259,0.017803,0.367154,0.217589,0.01,0.084589,0.171216,1.216586
2023-08-19,0.137027,0.2727,0.080739,0.228182,0.079558,0.02024,0.110584,0.038766,0.147281,0.672247,0.17227,0.418078,0.152693,0.071715,0.043718,0.062364,0.034007,0.265126,0.240503,0.143295,0.097083,0.085697,0.179332,0.034548,1.156585,0.177529,0.029225,0.050546,0.093921,0.024562,0.129159,0.094591,0.076643,0.129205,0.028696,0.067878,0.518029,0.070866,0.293172,0.015804,0.279145,0.326329,0.364836,0.399957,0.01,0.01,0.401574,0.319984,0.508454,0.033835,0.033858,0.935836
2023-08-26,0.234904,0.02884,0.228761,0.293376,0.074425,0.068055,0.221167,0.01,0.294563,0.707629,0.253871,0.418078,0.023345,0.09562,0.160298,0.062364,0.068015,0.154657,0.240503,0.01,0.048542,0.114263,0.099629,0.052284,1.360688,0.112973,0.013875,0.151639,0.125228,0.031695,0.172213,0.047295,0.102191,0.073831,0.127563,0.135755,0.320685,0.094488,0.439758,0.035608,0.372193,0.108776,0.32274,0.360617,0.013835,0.015305,0.321259,0.255988,0.11299,0.016918,0.01,1.622115
2023-09-02,0.234904,0.2727,0.174935,0.195584,0.097523,0.051041,0.165875,0.021585,0.01,0.760701,0.308272,0.487758,0.018696,0.071715,0.087436,0.124727,0.102022,0.220938,0.306095,0.02308,0.080903,0.242809,0.119555,0.01,1.462739,0.096834,0.018356,0.101093,0.093921,0.285296,0.107633,0.094591,0.194163,0.166121,0.015827,0.110301,0.394689,0.047244,0.324032,0.025232,0.167487,0.108776,0.378868,0.41307,0.029259,0.01,0.344207,0.537574,0.056495,0.033835,0.011745,1.840477
2023-09-09,0.097877,0.2727,0.107652,0.260779,0.107789,0.119096,0.027646,0.010202,0.147281,0.663402,0.190403,0.348399,0.101795,0.119525,0.072863,0.031182,0.204044,0.419782,0.240503,0.018023,0.080903,0.114263,0.019926,0.038737,0.646327,0.193668,0.088276,0.050546,0.125228,0.071324,0.139923,0.189182,0.1073,0.064603,0.037739,0.12727,0.394689,0.070866,0.331747,0.029504,0.409412,0.326329,0.645479,0.360617,0.058518,0.154449,0.458942,0.473577,0.11299,0.016918,0.01,1.684504
2023-09-16,0.391507,0.681751,0.134565,0.228182,0.105222,0.034027,0.248813,0.01635,0.015972,0.689938,0.308272,0.557438,0.01,0.14343,0.131153,0.01,0.102022,0.110469,0.284231,0.020685,0.032361,0.071414,0.089666,0.017428,0.782395,0.129112,0.088276,0.034128,0.02147,0.013794,0.107633,0.520249,0.061315,0.101518,0.01,0.076362,0.394689,0.141731,0.370322,0.182488,0.465241,0.01144,0.477093,0.419627,0.087777,0.01,0.35568,0.191991,0.338969,0.050753,0.034112,1.840477
2023-09-23,0.215329,0.818101,0.107652,0.195584,0.118054,0.13611,0.442334,0.010581,0.147281,0.760701,0.272005,0.348399,0.152693,0.159366,0.131153,0.036533,0.136029,0.28722,0.39355,0.071648,0.097083,0.142829,0.169369,0.069712,0.544275,0.258225,0.264828,0.303279,0.125228,0.142648,0.204502,0.141886,0.097081,0.119976,0.127563,0.076362,0.419357,0.141731,0.354892,0.091244,0.483851,0.02284,0.336772,0.33439,0.058518,0.154449,0.458942,0.076796,0.032506,0.01,0.033295,2.62034
2023-09-30,0.391507,0.954451,0.282587,0.325974,0.118054,0.13611,0.221167,0.01,0.03354,0.74301,0.262938,0.696797,0.101795,0.14343,0.174871,0.124727,0.170036,0.309313,0.349822,0.029336,0.064722,0.114263,0.119555,0.034856,0.680344,0.193668,0.353104,0.050546,0.093921,0.071324,0.09687,0.236477,0.245258,0.092289,0.382689,0.135755,0.64137,0.141731,0.462903,0.01,0.52107,0.217553,0.575318,0.386843,0.117037,0.154449,0.619572,0.153593,0.338969,0.15226,0.342432,3.088258
2023-10-07,0.391507,1.363501,0.215304,0.554155,0.115488,0.153123,0.110584,0.193819,0.294563,1.003948,0.308272,0.696797,0.203591,0.167335,0.116581,0.093545,0.340073,0.265126,0.415414,0.358238,0.048542,0.171394,0.169369,0.052284,0.986499,0.387337,0.019958,0.252732,0.125228,0.142648,0.182976,0.283772,0.189053,0.332242,0.036504,0.152724,0.370021,0.141731,0.316317,0.091244,0.409412,0.029356,0.3929,0.396678,0.117037,0.01,0.562204,0.051198,0.11299,0.169177,1.027297,3.400203
2023-10-14,0.469808,1.908902,0.282587,0.488961,0.153984,0.255206,0.082938,0.01,0.294563,0.942031,0.353606,1.045196,0.101795,0.14343,0.33517,0.031182,0.102022,0.508158,0.612189,0.28659,0.048542,0.228526,0.199258,0.104568,0.748378,0.403476,0.030041,0.454918,0.187842,0.024523,0.139923,0.189182,0.132848,0.184579,0.127563,0.178178,0.962055,0.141731,0.308602,0.091244,0.483851,0.024891,0.449029,0.55076,0.087777,0.022282,0.619572,0.166392,0.169485,0.050753,0.684865,3.213036
2023-10-21,0.58726,2.863353,0.699739,0.586753,0.12832,0.272219,0.027646,0.09691,0.589126,1.287,0.281071,0.905836,0.101795,0.215145,0.364315,0.124727,0.238051,0.441876,0.677781,0.143295,0.145625,0.19996,0.20922,0.069712,0.680344,0.274364,0.088276,0.404371,0.219149,0.01,0.355189,0.094591,0.189053,0.156892,0.127563,0.178178,0.542697,0.188975,0.324032,0.030006,0.595509,0.217553,0.603383,0.793357,0.263332,0.308897,0.826096,0.140793,0.169485,0.067671,0.684865,3.462592
2023-10-28,0.58726,4.090504,0.659369,0.423766,0.195046,0.323261,0.193521,0.09691,0.147281,1.384299,0.362673,0.905836,0.203591,0.167335,0.480895,0.124727,0.170036,0.508158,1.005739,0.28659,0.161806,0.39992,0.119555,0.069712,0.578292,0.274364,0.031398,0.353825,0.250456,0.142648,0.473585,0.094591,0.245258,0.184579,0.127563,0.14424,0.246681,0.330707,0.378037,0.091244,0.390803,0.326329,0.617415,0.803192,0.146296,0.01,0.699887,0.102395,0.22598,0.118424,0.01,5.115902
2023-11-04,0.724288,4.499554,0.686282,0.586753,0.24894,0.527425,0.331751,0.09691,0.016282,1.959247,0.507742,0.975516,0.254488,0.270923,0.626621,0.311818,0.170036,0.46397,0.874556,0.071648,0.242709,0.471334,0.338738,0.156851,1.020516,0.387337,0.088276,0.252732,0.375684,0.142648,0.279845,0.472954,0.291244,0.369157,0.031253,0.178178,0.444025,0.141731,0.239166,0.01,0.837434,0.108776,0.617415,1.14086,0.263332,0.015941,0.585151,0.217589,0.395464,0.270684,0.171216,4.492011
2023-11-11,1.115794,5.317655,1.77626,0.782337,0.592837,0.884713,0.138229,0.09691,0.010168,2.043278,1.051751,1.114875,0.203591,0.43029,0.84521,0.405363,0.340073,0.729096,1.421154,0.28659,0.307431,0.457052,0.298886,0.313703,1.292653,0.645562,0.44138,0.252732,0.688754,0.142648,0.495111,0.425659,0.44964,0.452218,0.255126,0.220602,0.838714,0.259841,0.624919,0.182488,0.967702,0.217553,0.659511,1.399848,0.146296,0.308897,1.055567,0.217589,0.790929,0.338355,0.856081,4.616789
2023-11-18,1.448575,2.317952,2.516369,0.554155,0.954698,1.735399,0.608209,0.193819,0.736407,2.883587,1.205887,2.020712,0.559875,0.565751,1.384396,0.436545,0.612131,0.397689,2.098935,0.143295,0.436875,0.542749,0.51807,0.261419,1.564791,0.645562,0.264828,0.202186,0.845288,0.142648,0.355189,0.567545,0.628474,0.812146,0.892941,0.475143,0.912718,0.401572,0.686639,0.012704,1.191018,0.108776,0.799833,1.403127,0.204814,0.772244,1.147355,0.422379,0.451959,0.253766,1.540945,3.431397
2023-11-25,1.409425,1.908902,2.812412,1.85805,1.177974,2.330879,0.912314,0.09691,1.178252,3.100299,1.414424,1.811672,0.407181,0.812769,1.457259,0.841907,0.88419,0.817471,2.514349,1.361303,0.355972,0.956952,0.876733,0.41827,1.598808,0.936064,0.529655,0.404371,1.220972,0.071324,0.807247,0.993203,0.909499,1.412026,0.510252,0.636352,0.838714,0.259841,0.948951,0.273732,1.507382,0.217553,1.024347,1.75063,0.292592,0.463346,1.319458,0.460778,0.734434,0.575203,3.937972,3.649759
2023-12-02,1.663904,2.045252,3.713998,0.782337,1.752846,2.143728,1.575815,0.193819,1.620096,3.286051,2.040034,1.602633,0.967056,1.314774,2.171316,1.371997,1.25827,1.303535,2.645532,0.644828,0.970834,1.414003,1.056065,0.59255,2.619324,1.371818,1.588966,0.404371,1.408814,0.499268,1.388464,2.033702,1.762793,1.965762,2.168572,1.136948,1.751433,0.401572,1.63559,0.547464,2.475084,0.761434,1.375151,2.291555,0.497406,0.463346,1.640718,0.947154,0.960413,0.998147,4.109188,2.776313
2023-12-09,2.153287,1.908902,5.221128,1.336492,2.227629,2.603099,2.045795,0.969096,2.061941,3.365659,2.36644,2.229751,2.341293,1.633507,2.637638,1.340815,1.25827,1.060503,3.454497,1.074713,1.262084,2.113863,1.723578,0.836541,2.415221,2.259465,1.853794,0.556011,2.410637,1.069859,1.722126,4.067403,2.600758,2.879427,1.403194,1.366035,1.455416,1.015742,2.152498,0.547464,3.293909,0.652658,2.132888,2.717739,0.497406,1.23559,1.801347,1.062348,1.129898,1.641021,8.218376,1.497337
2023-12-16,2.877575,0.545401,8.100823,1.727661,2.764005,3.98121,3.317505,1.744372,2.94563,3.728319,4.007534,1.672313,3.410145,2.015986,3.788873,1.559088,1.462313,1.900068,3.891775,1.43295,1.860765,3.085098,2.460831,1.359379,3.26565,2.485412,3.266208,0.657104,3.694223,1.99707,3.27204,7.425376,3.801501,3.71003,2.041009,2.027841,2.096786,1.062986,3.016584,2.189857,4.912949,1.414092,2.497724,3.786475,0.70222,1.23559,2.627443,1.395132,1.864332,2.063964,7.875944,1.778088
2023-12-23,5.285342,0.681751,12.729864,3.129348,4.524551,4.287457,3.179276,2.325829,6.774948,4.37403,6.763847,1.951032,5.853233,3.697303,5.450148,2.806358,3.128671,3.026852,6.712218,1.14636,3.349377,4.527667,2.69994,1.917073,6.803438,3.615145,6.88552,3.133879,4.946503,2.924281,5.252485,10.97253,4.82341,6.764807,3.31664,3.716294,3.774214,2.433057,5.415963,1.459905,7.834664,3.589618,4.125454,5.235499,1.697031,1.853385,4.807418,1.983904,4.632583,3.163617,4.794053,1.840477
2023-12-30,6.224958,0.545401,14.882907,6.095708,4.645171,6.244035,5.3633,5.814573,8.395044,5.979463,10.263639,2.229751,8.296322,4.589755,8.102359,3.086993,3.162678,5.766485,8.330147,3.654023,5.307226,7.912704,5.648951,3.293879,10.103106,5.971444,10.240005,2.577868,5.791791,3.63752,7.846437,11.209007,6.862118,9.93033,6.505716,5.413232,3.379525,3.472421,7.198139,4.197226,12.077666,5.221262,7.5493,6.474709,2.340732,2.934526,8.387165,2.700669,8.643721,5.024569,12.327564,1.965255
2024-01-06,6.831794,0.681751,12.20506,7.627785,3.772598,5.240225,4.616861,4.651659,8.100481,6.253669,6.872648,2.787188,7.990936,4.071814,7.592318,2.931085,3.162678,6.539769,6.646626,4.155555,5.210143,9.055333,4.95155,2.927893,8.946522,5.567968,11.387591,2.527322,4.476898,3.280901,7.179113,10.87794,6.529998,7.189337,6.633279,4.768396,4.292244,3.354311,5.871151,4.379714,8.802366,5.87392,6.651242,6.861552,1.843327,2.316731,6.17277,2.67507,9.54764,4.1956,14.039726,1.590921
2024-01-13,4.443602,0.818101,9.634866,7.269214,2.758873,4.865923,4.395694,3.294925,5.449415,4.732267,5.684895,1.741993,5.191564,3.027963,6.455657,2.619267,3.434736,5.302515,5.509703,3.367433,3.964239,7.398521,3.795856,2.805897,7.823954,5.099936,10.063453,2.780054,4.539512,3.352225,6.135074,7.28349,5.298598,4.66061,4.082018,4.598702,5.180294,2.71652,4.451582,3.102297,4.987387,3.480841,5.472541,6.438647,1.37518,3.70677,4.371423,2.0607,7.683308,4.483201,9.588105,1.902866
2024-01-20,3.308233,1.227151,9.177344,7.399603,2.812767,3.351702,3.538672,3.101106,3.9766,4.015793,4.406474,1.602633,4.478996,2.669389,5.85818,2.962266,2.244481,4.352481,3.08281,2.8659,3.203752,5.727427,3.447156,2.143636,5.374716,4.292984,7.150348,1.769125,2.441944,2.139718,4.74661,5.391674,4.404427,2.860969,5.230085,4.284768,6.241021,2.007862,3.502632,3.102297,3.666102,1.740421,4.911254,5.514157,0.819256,4.015667,3.465012,1.85591,8.191762,2.960605,3.937972,1.559726
2024-01-27,2.779698,0.954451,8.289214,8.964277,1.8786,3.896141,4.312757,2.713468,3.092911,3.692938,4.125402,2.090391,3.51194,2.191289,6.237068,2.369813,2.312496,5.545547,2.842307,2.436015,2.766877,5.584598,3.865596,2.509622,5.476768,4.389818,10.151729,2.375682,2.097568,1.711774,3.713334,4.918721,4.71611,2.842511,6.123027,5.005967,8.535151,2.314947,3.124594,2.189857,3.963856,2.93696,3.929003,6.123927,1.111848,3.243424,3.00607,1.535925,7.683308,2.385401,6.848647,1.590921
2024-02-03,2.01626,1.090801,4.615585,7.986356,1.403817,3.334689,3.068692,2.422739,2.94563,3.144525,3.209654,0.348399,3.613735,2.167384,6.601382,3.336447,3.842824,4.971108,2.68926,4.657088,1.828404,6.370155,4.81207,2.61419,3.775908,4.890129,7.503452,2.375682,1.815805,2.638985,3.562648,3.641745,3.92924,2.353377,5.102522,5.014452,10.33592,1.98424,3.471771,1.551149,3.256689,2.501855,3.129171,6.127206,0.819256,2.780077,2.111133,1.343935,7.174853,2.960605,6.67743,1.060614
2024-02-10,2.133712,1.499851,2.462542,9.485835,1.190806,3.334689,3.925714,2.422739,2.061941,3.661979,2.79258,1.184555,3.104759,1.992081,7.09685,3.492356,4.727013,6.274643,2.120798,5.516858,1.796043,6.170195,6.615351,2.858181,2.925479,5.551829,7.238624,2.729507,1.095744,3.066929,3.476542,3.68904,3.92413,1.605834,3.954455,5.150207,11.445983,2.055106,3.278895,1.916125,2.456474,1.957973,2.750302,4.917501,0.468146,3.088975,1.996398,1.02395,7.400833,3.011358,5.650133,2.121228
2024-02-17,2.349041,0.2727,2.745129,8.410122,0.877706,2.330879,3.289859,3.488744,2.798348,2.998577,2.348306,0.696797,3.002963,2.087701,6.397366,3.866537,3.774809,6.230455,1.858432,6.161685,1.99021,7.312824,7.671416,3.015032,3.197616,5.71322,2.118622,2.729507,1.596656,2.924281,3.982417,3.452563,4.031431,1.651979,3.699329,5.175661,9.595878,1.535424,3.803518,2.646077,2.419255,2.828184,2.73627,3.688125,0.555924,3.243424,2.237342,0.934355,10.395063,3.535808,7.533511,1.622115
2024-02-24,1.703055,0.545401,2.745129,8.964277,0.775051,2.19477,4.727445,2.325829,2.651067,2.737639,1.740829,0.975516,4.580791,2.533927,6.105914,4.895535,2.788598,6.164174,2.055207,4.943678,1.909307,6.612964,9.703843,2.771041,1.870946,7.327123,1.94207,4.2459,1.3462,2.35369,3.196697,2.837723,4.051869,1.476629,3.189077,5.582926,4.168903,2.10235,3.803518,3.102297,2.065672,4.568604,2.820463,3.261942,0.263332,4.015667,2.375025,1.24154,9.20867,3.603479,4.622836,1.622115
2024-03-02,1.585603,1.499851,2.449086,9.062069,0.682661,1.582276,5.860926,3.198015,2.209222,2.379402,1.840564,1.114875,3.104759,2.637516,5.683309,5.612715,2.958634,6.186268,1.68352,4.58544,2.84778,7.255693,10.132246,3.171884,2.279152,7.165733,2.383449,4.801911,1.534042,2.781633,3.691808,2.885019,3.949678,1.476629,2.806387,5.404747,4.415584,1.795265,4.196986,2.463589,1.991233,5.003709,3.311589,2.658729,0.497406,4.633462,2.512708,0.959953,10.225579,3.383548,4.280404,1.341364
2024-03-09,1.663904,0.681751,1.682065,8.051551,0.531243,1.361097,4.56157,2.519648,5.302133,2.370556,1.414424,0.627117,3.562838,2.127543,6.033052,5.550352,2.856612,4.197824,1.202515,3.582375,2.750696,5.74171,8.478409,3.03246,2.075049,6.584728,2.471725,4.346993,1.3462,2.35369,2.927614,3.641745,3.045289,1.218219,2.678824,5.285962,4.46492,1.866131,3.942389,2.098613,1.805136,4.024723,2.638045,2.088299,0.409628,4.479014,2.248816,0.716765,8.078772,3.332795,2.568242,1.622115
2024-03-16,1.272397,1.227151,1.803173,6.193501,0.482482,1.633317,2.736942,1.744372,2.061941,2.282103,0.924815,1.254235,3.461042,1.992081,4.007462,3.585901,3.230693,3.137321,0.874556,2.364368,1.844585,4.613364,5.967764,2.858181,1.870946,4.53507,3.089657,3.487704,0.939209,2.710309,2.346397,2.128293,2.115351,0.86752,3.699329,3.029034,3.428861,1.60629,2.846853,1.916125,1.377114,4.67738,1.810148,1.763744,0.380369,3.70677,1.537456,1.087947,5.705986,3.095946,1.883378,1.965255
2024-03-23,1.370274,1.363501,1.426391,3.357529,0.449119,1.650331,2.294608,1.550553,2.94563,1.870794,0.734412,0.418078,2.799373,1.689285,2.53563,2.931085,2.244481,2.850102,0.721509,1.862835,1.213543,3.427886,5.280325,2.317915,1.530774,3.098695,1.853794,3.032786,1.220972,1.783098,1.937392,2.695837,1.818998,0.766001,2.551261,2.536922,2.318798,2.291325,2.661691,1.186173,1.228237,6.417801,1.782084,1.304777,0.321851,2.780077,1.548929,1.03675,4.519593,2.233142,0.856081,1.559726
2024-03-30,1.17452,1.090801,1.305282,2.672984,0.461951,1.156933,2.460483,1.453643,2.651067,1.786763,0.580276,0.487758,2.290396,1.601633,2.550203,2.806358,2.244481,2.651258,1.027603,1.647893,1.229723,3.256492,5.210585,2.161064,1.598808,3.114834,2.560001,2.577868,0.813981,1.212507,2.023498,1.702634,1.997832,0.812146,3.954455,2.070264,2.244794,1.511802,2.059918,1.277417,1.172408,3.589618,1.178701,1.1802,0.321851,2.316731,1.273564,0.716765,4.011139,2.131635,1.883378,1.466143
2024-04-06,0.763438,0.954451,1.089978,1.955842,0.387525,0.833672,2.432837,1.841282,3.387474,1.379876,0.544009,0.627117,1.577828,1.450235,2.41905,2.556904,1.428306,2.253569,0.699645,1.71954,1.42389,3.242209,4.553035,1.951929,1.802911,2.388578,0.617931,2.729507,1.095744,1.141183,1.808232,1.939111,2.100023,0.710628,2.423698,2.239958,1.554088,1.204717,1.975052,1.459905,0.818825,4.024723,1.43128,1.009727,0.146296,1.390039,1.801347,0.550373,3.841654,2.0978,1.198513,1.216586
2024-04-13,0.371931,0.545401,1.143804,1.532076,0.459384,0.935754,1.714044,0.678367,2.503785,1.441794,0.516809,0.836157,0.610772,1.482108,1.63213,1.96445,0.918197,1.480285,0.655917,1.074713,0.889931,2.528066,3.327601,1.376807,1.292653,1.743016,0.794483,2.274589,0.720061,0.998535,1.399227,0.898612,1.870093,0.507591,2.296135,1.637545,0.863382,0.779523,1.512149,1.277417,1.191018,1.522868,1.080476,0.901542,0.029259,2.47118,1.262091,0.537574,1.242888,1.302666,1.027297,1.341364
2024-04-20,0.352356,0.2727,1.063065,0.977921,0.402924,0.442357,1.575815,0.775276,2.061941,1.05702,0.362673,0.348399,0.763465,0.972136,0.888928,1.652633,1.360292,1.016315,0.524734,1.14636,0.614862,1.813923,1.693689,0.92368,0.85043,1.33954,0.529655,1.364754,0.813981,0.855887,1.183962,0.709431,1.108771,0.212265,1.913446,0.933316,0.740042,0.755901,1.126397,1.003684,0.688557,2.610631,0.813865,0.835975,0.087777,1.544487,0.90641,0.332784,0.734434,1.116571,0.342432,1.123003
2024-04-27,0.313205,0.681751,1.412934,1.955842,0.400357,0.391316,1.769336,0.193819,1.178252,1.158742,0.317339,0.975516,0.814363,0.701213,0.670339,0.685999,0.918197,0.552345,0.371686,1.003065,0.323611,0.985517,1.225434,0.679689,0.714361,0.952203,0.264828,0.859289,0.657447,0.285296,0.957933,0.945908,0.837965,0.119976,0.892941,0.661806,0.88805,0.708657,0.894946,0.638708,0.55829,1.522868,0.71564,0.560595,0.175555,0.926692,0.665466,0.473577,1.242888,0.625956,0.684865,1.372559
2024-05-04,0.195753,0.40905,1.009239,0.456363,0.197612,0.391316,0.93996,0.387638,0.736407,0.623598,0.145069,0.418078,0.101795,0.342638,0.524613,0.280636,0.306066,0.220938,0.196775,0.644828,0.161806,0.828406,0.826919,0.313703,0.680344,0.532588,0.010082,0.252732,0.31307,0.213972,0.871826,0.520249,0.67446,0.073831,0.510252,0.390296,0.394689,0.401572,0.73293,0.273732,0.576899,0.761434,0.308707,0.291772,0.058518,0.617795,0.665466,0.319984,0.395464,0.253766,0.684865,0.998225
2024-05-11,0.032668,0.818101,0.982326,0.391168,0.125753,0.204165,0.608209,0.09691,0.589126,0.375928,0.063468,0.209039,0.01,0.103588,0.174871,0.093545,0.170036,0.066281,0.174911,0.57318,0.080903,0.685577,0.498144,0.022233,0.476241,0.290503,0.176552,0.050546,0.031307,0.010372,0.505875,0.756726,0.265696,0.026143,0.029901,0.076362,0.222013,0.425194,0.648064,0.364976,0.390803,0.108776,0.238547,0.033497,0.087777,0.021942,0.447468,0.358383,0.01,0.169177,0.026064,0.873447
2024-05-18,0.078301,0.13635,0.88813,0.010758,0.146284,0.102082,0.276459,0.09691,0.294563,0.402464,0.054401,0.139359,0.028162,0.079683,0.160298,0.093545,0.068015,0.110469,0.065592,0.214943,0.033353,0.026803,0.308849,0.024149,0.748378,0.177529,0.088276,0.101093,0.062614,0.01,0.344425,0.662135,0.143067,0.022027,0.127563,0.101816,0.12334,0.49606,0.709784,0.091244,0.409412,0.01,0.294675,0.036943,0.018271,0.018137,0.447468,0.153593,0.01,0.186095,0.171216,0.530307
2024-05-25,0.015074,0.2727,0.88813,0.065195,0.107789,0.187151,0.165875,0.09691,0.294563,0.429,0.0272,0.139359,0.01,0.071715,0.05829,0.062364,0.170036,0.066281,0.196775,0.358238,0.01671,0.034071,0.288923,0.013998,0.272138,0.16139,0.088276,0.013631,0.010347,0.037589,0.398242,0.378363,0.102191,0.010597,0.01,0.093332,0.148008,0.330707,0.655779,0.091244,0.334974,0.108776,0.280643,0.01,0.021252,0.154449,0.367154,0.268787,0.029936,0.050753,0.856081,0.124778
2024-06-01,0.015155,0.40905,0.915043,0.195584,0.143718,0.170137,0.110584,0.015964,0.02416,0.340546,0.045334,0.418078,0.019401,0.071715,0.072863,0.031182,0.068015,0.110469,0.131183,0.358238,0.080903,0.01,0.149443,0.038836,0.442223,0.096834,0.176552,0.01,0.031307,0.01,0.279845,0.472954,0.061315,0.014226,0.01991,0.042423,0.049336,0.401572,0.609489,0.091244,0.353583,0.015722,0.420965,0.03206,0.032021,0.154449,0.51631,0.268787,0.01,0.050753,0.014943,0.311945
2024-06-08,0.032385,0.40905,0.713195,0.162987,0.151417,0.068055,0.138229,0.09691,0.010762,0.358237,0.018134,0.06968,0.021944,0.063747,0.072863,0.029693,0.170036,0.154657,0.10932,0.071648,0.048542,0.01,0.089666,0.01,0.374189,0.064556,0.023361,0.050546,0.022273,0.025279,0.215266,0.236477,0.051095,0.013229,0.01,0.025454,0.024668,0.377951,0.455188,0.026803,0.52107,0.034912,0.238547,0.03674,0.011019,0.01,0.275365,0.499176,0.02283,0.027028,0.856081,0.280751
2024-06-15,0.01,0.40905,0.9285,0.162987,0.148851,0.051041,0.055292,0.011423,0.035862,0.353814,0.02697,0.209039,0.01,0.071715,0.029145,0.031182,0.034007,0.066281,0.087456,0.214943,0.01061,0.015625,0.089666,0.01,0.442223,0.048417,0.176552,0.024939,0.023005,0.026001,0.269082,0.027902,0.051095,0.018749,0.036358,0.025454,0.024668,0.141731,0.617204,0.036596,0.53968,0.025208,0.210482,0.023004,0.021128,0.019028,0.458942,0.255988,0.021674,0.033835,0.684865,0.187167
2024-06-22,0.015547,0.818101,0.592087,0.162987,0.164249,0.051041,0.082938,0.021772,0.030671,0.283052,0.018134,0.278719,0.01,0.04781,0.072863,0.01,0.034007,0.022094,0.087456,0.071648,0.027604,0.030296,0.089666,0.030717,0.544275,0.048417,0.176552,0.01,0.031307,0.038026,0.172213,0.0129,0.035767,0.014295,0.127563,0.050908,0.024668,0.330707,0.393467,0.021645,0.372193,0.030444,0.168386,0.011046,0.01373,0.031834,0.286839,0.358383,0.01,0.016918,0.513648,0.311945
2024-06-29,0.023316,0.40905,0.3095,0.032597,0.125753,0.051041,0.027646,0.09691,0.294563,0.274206,0.036267,0.139359,0.013291,0.04781,0.043718,0.031182,0.034007,0.022094,0.10932,0.071648,0.032361,0.029756,0.109592,0.018703,0.204103,0.080695,0.01,0.025617,0.031307,0.030508,0.215266,0.034253,0.030657,0.032423,0.037051,0.016969,0.033402,0.047244,0.362607,0.015549,0.316364,0.01,0.098225,0.011909,0.010465,0.01,0.229471,0.40958,0.021775,0.033835,0.020146,0.218362
2024-07-06,0.010041,0.13635,0.390239,0.130389,0.094957,0.051041,0.193521,0.022944,0.01,0.24767,0.036267,0.209039,0.028597,0.063747,0.043718,0.034799,0.028779,0.044188,0.10932,0.01,0.016181,0.036509,0.06974,0.01,0.102052,0.011945,0.036876,0.033961,0.031307,0.030408,0.226029,0.047295,0.020438,0.036635,0.031512,0.050908,0.049336,0.11811,0.354892,0.091244,0.353583,0.038301,0.140322,0.032479,0.038181,0.01,0.206524,0.243188,0.032292,0.033835,0.342432,0.218362
2024-07-13,0.032864,0.13635,0.390239,0.162987,0.100089,0.017014,0.082938,0.01,0.147281,0.344969,0.029935,0.278719,0.01,0.039842,0.043718,0.031182,0.136029,0.030114,0.028541,0.28659,0.02047,0.01,0.089666,0.015721,0.204103,0.016139,0.088276,0.01,0.035419,0.027407,0.247556,0.01204,0.01,0.039115,0.01454,0.016969,0.01,0.11811,0.447473,0.014481,0.372193,0.01,0.154354,0.010204,0.01,0.037273,0.286839,0.191991,0.036054,0.050753,0.171216,0.187167
2024-07-20,0.033219,0.40905,0.215304,0.228182,0.089824,0.051041,0.055292,0.022485,0.294563,0.260938,0.01,0.418078,0.014902,0.031873,0.039179,0.021442,0.01,0.01,0.10932,0.143295,0.018547,0.01,0.079703,0.029406,0.23812,0.048417,0.029108,0.011489,0.01,0.031483,0.182976,0.01,0.071534,0.018458,0.035527,0.025454,0.148008,0.070866,0.385752,0.035881,0.279145,0.01,0.140322,0.016392,0.012646,0.033653,0.183577,0.076796,0.025152,0.050753,0.513648,0.280751
2024-07-27,0.029841,0.13635,0.161478,0.260779,0.074425,0.102082,0.027646,0.01,0.147281,0.18133,0.01,0.06968,0.022254,0.023905,0.014573,0.031182,0.034007,0.01,0.043728,0.029185,0.011742,0.01,0.06974,0.026968,0.408206,0.064556,0.088276,0.01,0.030069,0.01,0.182976,0.015015,0.032978,0.032195,0.127563,0.016969,0.022018,0.023622,0.455188,0.021405,0.297754,0.028471,0.182418,0.017567,0.024359,0.021842,0.229471,0.076796,0.021142,0.016918,0.013664,0.093584
2024-08-03,0.019575,0.03731,0.134565,0.130389,0.079558,0.102082,0.082938,0.01,0.147281,0.238825,0.0272,0.209039,0.038083,0.031873,0.014573,0.032246,0.034007,0.017462,0.153047,0.143295,0.016181,0.01,0.019926,0.01,0.476241,0.016139,0.015906,0.01,0.035962,0.033368,0.129159,0.015928,0.031489,0.035647,0.023835,0.025454,0.024668,0.01,0.424328,0.037206,0.409412,0.01,0.126289,0.036084,0.020123,0.024529,0.126209,0.038398,0.032184,0.016918,0.342432,0.187167
2024-08-10,0.012883,0.01,0.336413,0.195584,0.048761,0.085069,0.031861,0.01,0.147281,0.185753,0.018134,0.209039,0.010374,0.04781,0.011206,0.031569,0.017934,0.022985,0.10932,0.214943,0.020872,0.020227,0.049814,0.015563,0.544275,0.048417,0.01,0.028058,0.029344,0.017065,0.161449,0.010254,0.015329,0.035496,0.036263,0.033939,0.024668,0.047244,0.339462,0.039521,0.279145,0.025352,0.126289,0.011601,0.01,0.031571,0.275365,0.051198,0.01,0.033835,0.342432,0.155973
2024-08-17,0.032152,0.545401,0.228761,0.130389,0.082125,0.029645,0.055292,0.036038,0.01,0.199021,0.018134,0.06968,0.01,0.023699,0.043718,0.031182,0.034007,0.066281,0.174911,0.071648,0.032361,0.01,0.089666,0.021206,0.23812,0.048417,0.022546,0.0336,0.020091,0.01,0.107633,0.020146,0.033233,0.03566,0.01,0.042423,0.010882,0.01,0.408898,0.01,0.297754,0.108776,0.126289,0.013113,0.017513,0.01,0.16063,0.102395,0.011264,0.050753,0.171216,0.093584
2024-08-24,0.026407,0.012491,0.336413,0.130389,0.046195,0.01,0.027646,0.013709,0.019522,0.18133,0.018134,0.06968,0.014767,0.023905,0.029145,0.062364,0.01662,0.066281,0.196775,0.358238,0.032361,0.034818,0.119555,0.01651,0.272138,0.016139,0.024885,0.050546,0.034718,0.027756,0.129159,0.047295,0.010219,0.010088,0.01,0.025454,0.033961,0.047244,0.424328,0.032843,0.446632,0.017643,0.112257,0.03641,0.01,0.01,0.16063,0.063997,0.024137,0.033835,0.171216,0.093584
2024-08-31,0.019575,0.019272,0.349869,0.162987,0.051328,0.011827,0.01,0.022952,0.147281,0.168062,0.0272,0.139359,0.032957,0.023905,0.014573,0.062364,0.023391,0.026843,0.021864,0.214943,0.01,0.01,0.099629,0.036719,0.510258,0.032278,0.039898,0.050546,0.016951,0.01861,0.075343,0.047295,0.036773,0.01,0.022331,0.01,0.024668,0.047244,0.486048,0.011909,0.055829,0.108776,0.154354,0.016392,0.012693,0.019842,0.217997,0.089596,0.039849,0.022332,0.513648,0.062389
2024-09-07,0.01,0.13635,0.188391,0.228182,0.038496,0.017014,0.055292,0.09691,0.035889,0.243247,0.026208,0.139359,0.032934,0.013977,0.031989,0.031182,0.068015,0.016699,0.065592,0.214943,0.022539,0.03453,0.089666,0.020772,0.306155,0.016139,0.024842,0.035711,0.014121,0.019365,0.129159,0.0242,0.025375,0.024331,0.021344,0.016969,0.030647,0.094488,0.331747,0.013242,0.037219,0.01,0.112257,0.013099,0.035055,0.039916,0.172103,0.076796,0.010238,0.016918,0.171216,0.031195
2024-09-14,0.026627,0.2727,0.322956,0.065195,0.06416,0.039757,0.055292,0.038907,0.147281,0.349392,0.0272,0.06968,0.010726,0.04781,0.05829,0.062364,0.01,0.022173,0.021864,0.03588,0.048542,0.031073,0.159406,0.011917,0.646327,0.048417,0.176552,0.01,0.036373,0.01,0.226029,0.034845,0.010219,0.014858,0.01,0.033939,0.024668,0.070866,0.416613,0.01,0.037219,0.108776,0.084193,0.01,0.03539,0.015626,0.275365,0.063997,0.034183,0.015499,0.035323,0.0304
2024-09-21,0.027488,0.40905,0.242217,0.097792,0.043629,0.014672,0.01,0.01,0.036331,0.194598,0.045334,0.06968,0.050898,0.055778,0.087436,0.02843,0.068015,0.044188,0.087456,0.071648,0.080903,0.036685,0.109592,0.010738,0.544275,0.016139,0.038787,0.050546,0.01,0.013155,0.290609,0.01,0.015329,0.01626,0.034188,0.025454,0.12334,0.047244,0.640349,0.034046,0.01861,0.217553,0.028064,0.032968,0.039637,0.035522,0.045894,0.076796,0.010404,0.016456,0.021915,0.187167
2024-09-28,0.033827,0.013132,0.188391,0.020894,0.066726,0.051041,0.01,0.030973,0.294563,0.203443,0.018134,0.06968,0.028201,0.031873,0.043718,0.031182,0.034007,0.022094,0.087456,0.214943,0.016181,0.0352,0.089666,0.014086,0.23812,0.064556,0.088276,0.050546,0.031307,0.019448,0.086106,0.032137,0.025548,0.011413,0.127563,0.015464,0.12334,0.023622,0.347177,0.01,0.037219,0.025503,0.070161,0.018752,0.01,0.01,0.045894,0.076796,0.017056,0.016918,0.020367,0.093584
2024-10-05,0.016162,0.13635,0.538261,0.097792,0.076992,0.051041,0.110584,0.01,0.02271,0.234402,0.028026,0.037677,0.012873,0.015937,0.05829,0.031182,0.038336,0.019677,0.10932,0.028927,0.016181,0.031289,0.119555,0.010564,0.340172,0.01,0.01,0.027443,0.031307,0.01,0.182976,0.047295,0.035767,0.01,0.010357,0.01,0.014581,0.0118,0.470618,0.033282,0.01861,0.01,0.056129,0.031444,0.01,0.015389,0.068841,0.127994,0.030555,0.016918,0.342432,0.093584
2024-10-12,0.039151,0.13635,0.053826,0.017279,0.076992,0.01855,0.01,0.025173,0.01,0.075186,0.022509,0.06968,0.152693,0.01984,0.043718,0.01,0.01062,0.035083,0.01,0.030723,0.017175,0.028508,0.019926,0.027698,0.032453,0.016139,0.019565,0.030943,0.011432,0.02075,0.02673,0.094591,0.013303,0.710628,0.127563,0.01,0.01,0.11811,0.0262,0.01922,0.019903,0.108776,0.028064,0.258988,0.01,0.01,0.217997,0.089596,0.023406,0.022214,0.03133,0.093584
2024-10-19,0.117452,0.13635,0.188391,0.065195,0.192479,0.034027,0.138229,0.022806,0.010694,0.592639,0.045334,0.06968,0.305386,0.039842,0.043718,0.031182,0.034007,0.044188,0.284231,0.0237,0.032361,0.01,0.059777,1.533658,0.136069,0.032278,0.176552,0.028342,0.156535,0.014002,0.030083,0.094591,0.025548,0.442989,0.025617,0.093332,0.026915,0.094488,0.038575,0.038105,0.148877,0.108776,0.112257,0.150803,0.029259,0.154449,0.172103,0.012799,0.035341,0.118424,0.025875,0.124778
2024-10-26,0.176178,0.40905,2.516369,0.032597,0.351596,0.238192,0.165875,0.028822,0.031694,0.504185,0.072535,0.139359,0.050898,0.09562,0.043718,0.124727,0.102022,0.088375,0.50287,0.028327,0.029755,0.01676,0.039852,0.014062,0.022411,0.129112,0.035871,0.050546,0.156535,0.01,0.021527,0.709431,0.035767,0.43376,0.021055,1.942994,0.098672,0.165353,0.486048,0.019145,0.148877,0.217553,0.434997,0.209813,0.146296,0.01,0.114736,0.051198,0.011933,0.118424,1.198513,0.311945
2024-11-02,0.254479,1.090801,1.735891,0.195584,0.282303,0.425343,0.276459,0.038504,0.147281,0.486495,0.126935,0.209039,0.305386,0.215145,0.204016,0.155909,0.340073,0.154657,0.590325,0.01,0.064722,0.042849,0.13948,0.069712,0.510258,0.209808,0.023237,0.050546,0.344377,0.285296,0.301372,0.094591,0.076643,0.129205,0.255126,0.14424,0.074004,0.141731,0.74836,0.182488,0.204706,0.01,0.631447,0.33439,0.058518,0.028117,0.183577,0.025599,0.022256,0.084589,0.039023,0.405529
2024-11-09,0.626411,0.681751,3.90239,0.358571,0.40549,0.340274,0.110584,0.09691,0.441844,1.578897,0.37174,0.487758,0.407181,0.28686,0.408032,0.124727,0.238051,0.353501,1.836568,0.071648,0.129445,0.414203,0.488181,0.50541,0.782395,0.484171,0.031704,0.202186,0.751367,0.998535,0.322899,0.756726,0.281025,0.249181,0.017205,0.203633,0.320685,0.590548,1.087822,0.273732,0.390803,0.217553,1.122572,0.599935,0.204814,0.01,0.298312,0.166392,0.338969,0.203013,0.856081,1.029419
2024-11-16,0.861315,1.227151,4.857802,0.423766,0.803281,0.493398,0.138229,0.387638,0.147281,1.658505,0.380806,1.045196,0.610772,0.23905,0.378887,0.155909,0.37408,0.397689,1.836568,0.020381,0.177986,0.228526,0.557921,0.453126,0.816413,0.468032,0.353104,0.303279,1.252279,0.784563,0.398242,0.993203,0.306573,0.350699,0.127563,0.339388,0.320685,0.779523,0.85637,0.01,0.241926,0.02649,1.290958,0.724512,0.292592,0.463346,0.298312,0.281586,0.22598,0.101506,0.684865,2.308395
2024-11-23,0.978767,0.681751,6.943562,0.260779,1.224169,0.527425,0.110584,0.678367,1.178252,1.875216,0.42614,0.557438,1.577828,0.597624,0.466323,0.124727,0.578124,0.397689,1.68352,0.01188,0.258889,0.642729,0.627661,0.278847,1.190602,0.645562,0.088276,0.202186,1.377507,0.784563,0.505875,1.22968,0.526283,0.286097,0.382689,0.339388,0.345353,0.968498,1.033816,0.182488,0.223316,0.01,0.785801,0.862202,0.585183,0.027436,0.401574,0.371182,0.282475,0.304519,1.369729,1.278975
2024-11-30,1.272397,1.227151,7.898975,0.391168,1.757979,1.105892,0.276459,0.484548,0.883689,2.565154,0.507742,0.975516,2.901168,0.661371,0.597476,0.124727,0.680146,0.508158,3.060946,0.143295,0.29125,0.89982,0.667513,0.609978,0.952481,0.661701,0.176552,0.556011,1.753191,0.998535,0.72114,2.45936,0.740884,0.396844,0.127563,0.466658,0.986723,1.11023,0.879515,0.547464,0.334974,0.543881,0.827897,1.301498,0.585183,0.463346,0.527783,0.588771,0.169485,0.203013,0.684865,8.703272
2024-12-07,1.996685,2.317952,11.855191,0.586753,2.640818,1.514221,0.359396,1.453643,0.294563,3.016268,0.779746,1.393594,3.461042,0.788864,0.932646,0.405363,1.156248,0.994222,3.410769,0.214943,0.469236,1.171194,0.966399,1.01082,1.32667,0.83923,0.176552,0.454918,2.128875,1.141183,1.173198,4.634948,1.34892,0.590652,0.255126,0.738168,0.789378,1.866131,1.334703,0.91244,0.725777,0.108776,1.487408,1.619497,1.872586,0.020108,0.71136,0.972753,0.677939,0.456779,0.856081,13.538423
