date,Alabama,Alaska,Arizona,Arkansas,California,Colorado,Connecticut,Delaware,District of Columbia,Florida,Georgia,Hawaii,Idaho,Illinois,Indiana,Iowa,Kansas,Kentucky,Louisiana,Maine,Maryland,Massachusetts,Michigan,Minnesota,Mississippi,Missouri,Montana,Nebraska,Nevada,New Hampshire,New Jersey,New Mexico,New York,North Carolina,North Dakota,Ohio,Oklahoma,Oregon,Pennsylvania,Puerto Rico,Rhode Island,South Carolina,South Dakota,Tennessee,Texas,Utah,Vermont,Virginia,Washington,West Virginia,Wisconsin,Wyoming
2022-02-12,0.197481,0.068175,0.871814,0.953358,0.092577,0.499677,0.013823,0.197069,0.073641,0.306529,0.331631,0.03484,0.051666,0.071638,0.483025,1.437399,0.480035,0.33375,0.437151,0.433356,0.114134,0.47287,0.428625,0.349861,0.717383,0.762425,1.161167,1.478457,0.189541,0.717004,0.248537,0.333321,0.137354,0.283111,0.777141,0.238312,1.824423,0.047185,0.43179,0.558696,0.045622,0.400302,2.096071,0.369812,0.548227,0.177713,0.077224,0.46599,0.103415,0.281694,0.492275,0.345672
2022-02-19,0.434458,0.068175,0.830947,0.854735,0.038574,0.344605,0.027616,0.197069,0.149572,0.297514,0.42375,0.03484,0.051666,0.191036,0.805042,1.406152,1.062936,0.445,0.852445,0.36113,0.211964,0.687811,0.518337,0.524792,0.888189,0.924644,0.625244,1.6314,0.189541,0.573603,0.291761,0.333321,0.203488,0.330296,0.647617,0.340446,1.949383,0.117962,0.701658,0.248309,0.09171,0.38124,1.654793,0.412482,0.889198,0.118475,0.077224,0.454341,0.077561,0.563388,0.424375,0.345672
2022-02-26,0.256725,0.140563,1.021657,1.314977,0.069433,0.499677,0.193312,0.098535,0.073641,0.329068,0.331631,0.03484,0.154997,0.222875,0.644034,1.937364,1.302953,0.623,0.743157,0.144452,0.244573,0.587505,0.538273,0.332368,0.956511,0.859756,1.429129,2.03925,0.315902,0.286802,0.399821,0.238086,0.147529,0.358607,0.063782,0.289379,1.974375,0.094369,0.639974,0.248309,0.045622,0.419364,1.434154,0.640059,1.169997,0.207331,0.154581,0.46599,0.064634,0.845081,0.492275,0.691344
2022-03-05,0.612191,0.068175,1.157878,1.972466,0.09772,0.413526,0.110464,0.197069,0.149572,0.32456,0.248723,0.03484,0.103331,0.167156,0.907502,1.812373,0.994359,0.46725,0.677585,0.216678,0.407622,0.186282,0.75757,0.489806,1.2298,1.232858,1.875732,2.702007,0.600214,0.215101,0.475463,0.285704,0.28997,0.434103,0.259047,0.391513,2.349256,0.047185,0.609132,0.186232,0.183421,0.514674,3.861183,0.4836,1.116512,0.325806,0.077224,0.407742,0.168049,1.690163,1.035474,0.691344
2022-03-12,0.710932,0.281126,1.212366,2.103963,0.108006,0.70644,0.220928,0.689742,0.598287,0.306529,0.350054,0.03484,0.723319,0.294513,1.610084,1.71863,1.508683,0.73425,0.765015,0.144452,0.277183,0.415552,0.897122,0.612258,1.127317,1.151749,1.250488,2.192194,0.726575,1.075506,0.399821,0.333321,0.284883,0.547347,0.777141,0.663869,3.024043,0.165146,0.655395,0.807005,0.045622,0.419364,1.544473,0.469376,1.464168,0.444281,0.077224,0.384442,0.155122,1.521146,0.729924,1.037016
2022-03-19,0.533199,0.140563,1.539296,2.136838,0.136294,0.999354,0.497088,0.591208,0.299143,0.320053,0.276359,0.071481,0.826651,0.493509,1.756455,1.531143,1.1658,0.867751,0.983591,0.072226,0.375012,0.630493,1.186195,0.507299,1.093156,1.492407,1.429129,3.109857,1.105657,0.717004,0.518687,0.761876,0.483284,0.150992,0.38857,0.825581,4.198671,0.424662,0.832737,0.68285,0.09171,0.438426,1.434154,0.512047,2.136081,0.533138,0.077224,0.47764,0.271464,2.647922,0.933624,0.518508
2022-03-26,0.533199,0.421688,1.770872,2.728578,0.16201,1.41288,0.6904,0.591208,0.598287,0.486841,0.313207,0.03484,0.723319,0.8915,1.844278,1.343656,1.508683,1.001251,0.961733,0.216678,0.521756,0.573176,1.36562,0.647244,1.639733,1.395076,1.697091,3.058876,1.453149,0.645304,0.702389,1.761838,0.457848,0.245363,0.777141,0.927715,4.023726,0.566216,0.909843,1.14843,0.09171,0.324054,0.551598,0.682729,2.129395,0.177713,1.236648,0.48929,0.310245,1.408469,0.984549,1.209852
2022-04-02,0.631939,0.068175,1.416697,2.038215,0.216013,2.11932,0.718016,0.492673,0.598287,0.455286,0.460598,0.071481,1.033314,0.716384,1.697907,1.124921,0.994359,1.134751,1.027306,0.650034,0.489147,1.332634,1.634757,0.577271,0.854028,1.589738,3.394181,1.274532,1.737461,0.501903,0.896896,1.952308,0.829213,0.292548,0.38857,0.859625,4.198671,0.235923,1.148869,1.055314,0.275131,0.400302,0.772237,0.668506,1.798453,0.533138,0.927486,0.524239,0.258537,2.478905,0.967574,0.345672
2022-04-09,0.552947,0.281126,1.634651,2.794326,0.262301,1.809176,1.297952,0.985346,0.299143,0.437255,0.257935,0.214442,1.033314,0.89946,1.624721,0.781195,1.200089,2.002501,0.612012,0.794486,0.831549,2.049103,1.724469,0.489806,1.127317,1.265302,1.697091,1.784344,3.064249,1.003806,1.534449,2.095159,1.017439,0.377481,0.518094,1.097937,3.024043,0.330293,1.503553,1.241546,0.458552,0.495612,1.213515,0.540494,1.216797,0.414663,1.54581,0.47764,0.310245,2.140873,0.746899,1.72836
2022-04-16,0.375214,0.140563,1.307721,1.676596,0.272588,2.395004,1.24272,4.039918,0.299143,0.71223,0.37769,0.643327,0.826651,0.724344,1.37589,0.781195,0.754341,2.158251,0.89616,1.08339,0.847854,2.450326,1.525108,0.472313,0.819867,1.281524,1.250488,1.478457,2.306084,1.362308,1.545255,1.3809,1.175143,0.585095,0.777141,1.174538,2.649162,0.330293,1.565238,2.141667,0.825393,0.686232,0.551598,0.611611,1.186712,0.503519,1.391229,0.710636,0.413659,2.70426,1.137324,1.382688
2022-04-23,0.572695,0.281126,1.82536,1.282103,0.390881,3.135905,1.436032,1.773623,0.149572,0.730261,0.432962,0.500366,0.878316,0.90742,0.936776,0.656204,0.960071,1.757751,0.939876,1.516746,0.750025,2.622279,1.405492,0.577271,0.580739,1.184193,1.875732,0.8157,2.495626,2.437814,1.393971,2.047542,1.510898,0.452977,0.777141,1.038359,1.999367,0.636993,1.680896,3.755677,0.917103,0.705294,0.551598,0.540494,1.176683,0.266569,1.391229,0.570838,0.439513,2.478905,0.916649,0.172836
2022-04-30,0.31597,0.140563,2.234023,1.150605,0.55289,2.84299,1.574112,0.886811,0.448715,0.79337,0.340842,0.285923,0.774985,0.835781,1.083148,0.531213,0.78863,2.180501,0.371579,2.16678,0.880464,2.808561,1.355652,0.507299,0.92235,0.940865,1.60777,0.8157,1.64269,2.222713,1.426389,2.476097,1.424415,0.603969,0.38857,0.910692,1.19962,0.589808,1.364764,1.645049,0.458552,0.743418,0.992876,0.696953,0.675256,0.088856,0.927486,0.768884,0.542928,2.140873,1.086399,0.86418
2022-05-07,0.434458,0.843377,2.41111,0.657489,0.547747,4.479864,2.098816,0.591208,0.299143,1.018759,0.396114,0.142962,0.671654,0.923339,0.761131,0.624956,0.514324,1.335001,0.502724,0.577808,0.79894,2.60795,1.704533,0.559778,0.785706,1.103084,1.786411,0.305888,1.453149,1.64911,1.339941,3.428442,1.231102,0.509599,0.129523,0.885159,0.924707,0.684178,1.210553,1.055314,0.550262,0.457488,0.330959,0.312918,0.521485,0.414663,1.082067,0.570838,0.775611,1.239453,0.865724,0.691344
2022-05-14,0.296222,0.421688,2.751662,0.756112,0.732901,3.032523,1.93312,0.591208,0.747858,1.298242,0.432962,0.214442,0.929982,1.026817,0.556211,0.531213,0.342882,1.023501,0.459009,2.672362,0.961988,2.421668,1.794245,0.297382,0.888189,0.648873,0.803885,0.203925,2.306084,1.290608,1.069792,1.809456,0.976742,0.415229,0.129523,0.697914,1.274597,0.613401,1.418738,0.962198,0.733682,0.648108,1.213515,0.497823,0.55157,0.385044,0.463743,0.547539,0.736831,1.35213,0.611099,0.691344
2022-05-21,0.276473,2.53013,3.187569,0.558865,0.930913,2.08486,2.0712,0.394138,0.598287,1.730989,0.405326,0.786289,0.723319,0.803942,0.687945,0.343726,0.240018,1.001251,0.459009,2.672362,0.79894,2.206727,1.445364,0.22741,1.058995,0.583985,0.982526,0.356869,2.685167,1.075506,0.961732,3.095122,0.986916,0.490725,0.129523,0.587269,0.799747,0.849324,1.233685,0.838044,0.550262,0.838728,0.661917,0.270247,0.50477,0.23695,0.077224,0.47764,0.69805,0.90142,0.44135,1.037016
2022-05-28,0.394962,0.562251,2.73804,0.558865,1.067207,1.550722,0.994176,0.295604,0.598287,2.375602,0.571141,0.643327,0.206663,0.405951,0.497662,0.187487,0.102865,0.60075,0.196718,1.08339,0.521756,1.289645,0.927027,0.209917,0.683222,0.405545,1.250488,0.152944,2.527216,0.717004,0.842866,2.523715,0.829213,0.405792,0.063782,0.417046,0.974692,0.778547,0.663106,0.775966,0.641972,0.648108,0.441278,0.327141,0.467999,0.029619,0.309162,0.48929,0.866099,0.45071,0.458325,1.037016
2022-06-04,0.375214,0.281126,2.942371,0.624614,1.144355,1.309499,0.55232,0.886811,0.747858,3.074308,0.598777,0.285923,0.619988,0.326353,0.40984,0.187487,0.102865,0.5785,0.262291,0.866712,0.309793,0.71647,0.697762,0.104958,0.785706,0.502876,2.054373,0.305888,1.958592,0.573603,0.572717,2.618949,0.630812,0.245363,0.38857,0.391513,0.899715,0.684178,0.508895,0.93116,0.550262,0.66717,0.11032,0.355588,0.404485,0.177713,0.077224,0.524239,0.840246,0.394371,0.2716,1.209852
2022-06-11,0.375214,0.843377,1.321343,0.723237,1.051778,0.67198,0.994176,0.591208,0.299143,2.569437,0.386902,0.214442,0.36166,0.135317,0.161008,0.28123,0.102865,0.5785,0.524582,1.227842,0.309793,0.71647,0.348881,0.069972,0.512417,0.291993,0.893206,0.458831,2.590396,0.286802,0.529493,1.476135,0.529068,0.424666,0.259047,0.195756,0.674786,0.424662,0.43179,0.620773,0.09171,0.629046,0.11032,0.28447,0.354342,0.088856,0.463743,0.47764,0.736831,0.732404,0.254625,1.209852
2022-06-18,0.335718,0.140563,0.776459,0.427368,0.810049,0.482447,0.386624,0.197069,0.299143,2.190783,0.331631,0.285923,0.36166,0.198996,0.30738,0.187487,0.034288,0.15575,0.306006,0.216678,0.358708,0.2436,0.229265,0.174931,0.478256,0.405545,0.089321,0.152944,1.769051,0.143401,0.497075,0.809493,0.468022,0.594532,0.063782,0.195756,0.699779,0.283108,0.362395,0.962198,0.183421,0.457488,0.220639,0.412482,0.45797,0.059238,0.309162,0.419391,0.568782,0.45071,0.152775,0.691344
2022-06-25,0.296222,0.421688,0.517639,0.525991,0.640324,0.155072,0.165696,0.295604,0.448715,1.437983,0.230299,0.428885,0.103331,0.159196,0.336654,0.187487,0.137153,0.356,0.196718,0.36113,0.358708,0.257929,0.159488,0.008714,0.785706,0.324436,0.044138,0.305888,0.947706,0.0717,0.270149,0.333321,0.335755,0.566221,0.063782,0.119156,0.699779,0.188739,0.308421,0.527657,0.09171,0.648108,0.330959,0.312918,0.41117,0.118475,0.077224,0.51259,0.827319,0.338033,0.118825,0.085608
2022-07-02,0.157985,0.281126,0.217953,0.394493,0.511745,0.241223,0.220928,0.098535,0.149572,1.005236,0.313207,0.214442,0.154997,0.063679,0.263468,0.124991,0.137153,0.089,0.109288,0.144452,0.228268,0.128965,0.109648,0.017493,0.580739,0.210884,0.357282,0.458831,0.726575,0.215101,0.16209,0.714259,0.228924,0.386918,0.063782,0.119156,0.649794,0.070777,0.331553,0.869082,0.045622,0.304992,0.11032,0.398259,0.320914,0.207331,0.463743,0.547539,0.710977,0.281694,0.1358,0.172836
2022-07-09,0.493703,0.421688,0.204331,0.164372,0.321448,0.189533,0.13808,0.098535,0.299143,0.788862,0.221087,0.214442,0.206663,0.087558,0.146371,0.124991,0.102865,0.178,0.043715,0.072226,0.244573,0.171953,0.109648,0.034986,0.717383,0.259549,0.178641,0.254906,0.694984,0.0717,0.194508,0.023648,0.183139,0.150992,0.063782,0.0766,0.674786,0.011811,0.316132,0.527657,0.045622,0.304992,0.054388,0.184906,0.260742,0.01463,0.154581,0.314544,0.400732,0.394371,0.016975,0.345672
2022-07-16,0.434458,0.068175,0.190709,0.657489,0.267445,0.172302,0.082848,0.098535,0.149572,0.613059,0.248723,0.03484,0.258328,0.095518,0.190283,0.015591,0.034288,0.178,0.109288,0.035824,0.130439,0.2436,0.069776,0.034986,0.717383,0.194662,0.178641,0.356869,0.505443,0.035662,0.226926,0.285704,0.193313,0.405792,0.129523,0.059578,0.59981,0.165146,0.200474,0.496618,0.09171,0.171558,0.054388,0.113788,0.367713,0.01463,0.154581,0.302894,0.387806,0.45071,0.03395,0.518508
2022-07-23,0.217229,0.068175,0.25882,0.460242,0.172296,0.155072,0.165696,0.048455,0.073641,0.473317,0.239511,0.071481,0.025449,0.031839,0.10246,0.031248,0.137153,0.089,0.327864,0.144452,0.081524,0.157623,0.069776,0.052479,0.785706,0.308215,0.044138,0.050981,0.126361,0.143401,0.086448,0.238086,0.050872,0.368044,0.259047,0.093623,0.149953,0.023592,0.262158,0.46558,0.045622,0.304992,0.661917,0.213353,0.350999,0.01463,0.077224,0.442691,0.297318,0.225355,0.008459,0.085608
2022-07-30,0.31597,0.068175,0.272442,0.230121,0.126008,0.155072,0.082848,0.197069,0.073641,0.396685,0.285571,0.142962,0.051666,0.103478,0.219557,0.015591,0.171441,0.15575,0.043715,0.035824,0.06522,0.057318,0.039872,0.052479,0.6149,0.194662,0.044138,0.152944,0.157951,0.143401,0.097254,0.142852,0.086482,0.132118,0.063782,0.068089,0.174945,0.023592,0.215895,0.558696,0.045622,0.38124,1.103195,0.298694,0.280799,0.029619,0.077224,0.407742,0.168049,0.056339,0.03395,0.345672
2022-08-06,0.296222,0.068175,0.149843,0.197247,0.105435,0.206763,0.082848,0.048455,0.299143,0.36513,0.313207,0.214442,0.103331,0.103478,0.20492,0.031248,0.068576,0.15575,0.109288,0.035824,0.06522,0.171953,0.009968,0.034986,0.683222,0.389324,0.044138,0.152944,0.06318,0.0717,0.183702,0.095235,0.055959,0.018874,0.129523,0.034045,0.549826,0.023592,0.223605,0.403503,0.045622,0.209682,0.551598,0.654282,0.290828,0.01463,0.077224,0.221345,0.219757,0.507049,0.10185,0.085608
2022-08-13,0.31597,0.140563,0.149843,0.29587,0.102863,0.172302,0.027616,0.098535,0.073641,0.401193,0.101332,0.071481,0.025449,0.095518,0.073186,0.031248,0.068576,0.178,0.153003,0.144452,0.081524,0.114635,0.029904,0.087465,0.478256,0.243327,0.044138,0.025273,0.03159,0.0717,0.097254,0.52379,0.055959,0.103807,0.38857,0.008511,0.274913,0.047185,0.239026,0.744928,0.045622,0.209682,0.772237,0.256023,0.284142,0.088856,0.077224,0.442691,0.193903,0.056339,0.016975,0.085608
2022-08-20,0.236977,0.140563,0.204331,0.098623,0.100292,0.189533,0.055232,0.098535,0.073641,0.32456,0.165815,0.071481,0.103331,0.095518,0.161008,0.124991,0.102865,0.1335,0.153003,0.035824,0.130439,0.071647,0.019936,0.008714,0.512417,0.243327,0.089321,0.305888,0.06318,0.035662,0.118866,0.285704,0.081395,0.122681,0.063782,0.102134,0.149953,0.011811,0.339263,0.46558,0.045622,0.171558,0.772237,0.227576,0.367713,0.029619,0.077224,0.221345,0.155122,0.112678,0.016975,0.085608
2022-08-27,0.375214,0.140563,0.25882,0.131498,0.077147,0.03446,0.220928,0.098535,0.149572,0.347099,0.175027,0.071481,0.051666,0.127357,0.219557,0.031248,0.034288,0.089,0.174861,0.035824,0.114134,0.143294,0.019936,0.017493,0.444094,0.081109,0.044138,0.458831,0.189541,0.035662,0.151284,0.333321,0.12718,0.122681,0.063782,0.102134,0.199937,0.011811,0.239026,0.68285,0.045622,0.152496,0.772237,0.213353,0.324256,0.01463,0.077224,0.279594,0.090488,0.169016,0.03395,0.085608
2022-09-03,0.454206,0.068175,0.231576,0.230121,0.084862,0.01723,0.110464,0.295604,0.073641,0.306529,0.184239,0.142962,0.154997,0.079598,0.292743,0.093743,0.068576,0.15575,0.174861,0.035824,0.00809,0.114635,0.009968,0.017493,0.751545,0.162218,0.044138,0.40785,0.126361,0.035662,0.10806,0.809493,0.117006,0.084933,0.38857,0.110645,0.174945,0.011811,0.246737,0.869082,0.045622,0.247806,0.772237,0.213353,0.317571,0.029619,0.154581,0.337843,0.103415,0.112678,0.050925,0.085608
2022-09-10,0.197481,0.702814,0.06811,0.197247,0.095149,0.03446,0.082848,0.048455,0.073641,0.252436,0.340842,0.071481,0.025449,0.039799,0.380565,0.015591,0.034288,0.4005,0.327864,0.035824,0.06522,0.057318,0.089712,0.017493,0.6149,0.064887,0.044138,0.101963,0.189541,0.035662,0.129672,0.52379,0.076308,0.122681,0.063782,0.136178,0.274913,0.023592,0.293,1.210508,0.045622,0.152496,0.772237,0.355588,0.377742,0.029619,0.077224,0.232995,0.129269,0.028247,0.008459,0.085608
2022-09-17,0.335718,0.068175,0.095355,0.164372,0.054003,0.051691,0.13808,0.197069,0.073641,0.356115,0.331631,0.142962,0.025449,0.031839,0.380565,0.031248,0.017004,0.11125,0.437151,0.035824,0.130439,0.042988,0.019936,0.008714,1.2298,0.097331,0.089321,0.458831,0.189541,0.215101,0.10806,0.190469,0.101744,0.160429,0.063782,0.059578,0.324897,0.011811,0.246737,1.458817,0.045622,0.171558,0.772237,0.256023,0.41117,0.01463,0.077224,0.314544,0.20683,0.056339,0.008459,0.085608
2022-09-24,0.375214,0.068175,0.122599,0.230121,0.090005,0.068921,0.082848,0.048455,0.149572,0.351607,0.386902,0.214442,0.154997,0.119397,0.468388,0.062496,0.034288,0.2225,0.437151,0.035824,0.048915,0.057318,0.069776,0.034986,0.683222,0.129775,0.044138,0.101963,0.315902,0.0717,0.16209,0.285704,0.055959,0.103807,0.129523,0.093623,0.149953,0.047185,0.262158,1.334662,0.045622,0.324054,0.772237,0.469376,0.431228,0.029619,0.077224,0.186396,0.090488,0.056339,0.0679,0.085608
2022-10-01,0.454206,0.281126,0.136221,0.328744,0.174868,0.051691,0.055232,0.048455,0.073641,0.351607,0.451386,0.285923,0.154997,0.079598,0.556211,0.28123,0.102865,0.089,0.852445,0.035824,0.114134,0.057318,0.039872,0.034986,0.990672,0.194662,0.178641,0.917663,0.473853,0.0717,0.226926,0.666642,0.142442,0.198177,0.063782,0.127667,0.199937,0.023592,0.346974,1.520894,0.09171,0.343116,1.103195,0.568941,0.431228,0.01463,0.077224,0.337843,0.142195,0.056339,0.016975,0.085608
2022-10-08,0.750428,0.068175,0.245198,0.723237,0.236586,0.03446,0.055232,0.048455,0.149572,0.50938,0.755381,0.357404,0.051666,0.095518,0.673308,0.187487,0.240018,0.15575,0.89616,0.072226,0.277183,0.085976,0.119616,0.209917,2.049667,0.097331,0.044138,1.019625,1.010886,0.035662,0.259343,1.190431,0.193313,0.18874,0.063782,0.153201,0.174945,0.011811,0.454921,1.241546,0.09171,0.629046,1.103195,0.625835,0.752141,0.01463,0.154581,0.559189,0.193903,0.281694,0.016975,0.172836
2022-10-15,1.599596,0.702814,0.149843,1.216354,0.223728,0.051691,0.165696,0.048455,0.299143,0.455286,0.994892,0.428885,0.051666,0.222875,0.819679,0.218735,0.137153,0.51175,1.508172,0.035824,0.440232,0.100306,0.14952,0.052479,2.288795,0.162218,0.044138,0.560794,0.379082,0.035662,0.345791,1.142814,0.244185,0.320859,0.129523,0.272357,0.374881,0.070777,0.593711,1.676087,0.045622,0.800604,1.323834,0.881858,1.039626,0.088856,0.077224,0.617437,0.168049,0.619726,0.03395,0.345672
2022-10-22,2.567253,0.140563,0.32693,1.545098,0.311162,0.241223,0.303776,0.098535,0.747858,0.558965,1.087011,0.214442,0.051666,0.310433,1.024599,0.28123,0.5829,0.28925,2.120184,0.035824,0.717415,0.128965,0.119616,0.244903,3.006178,0.373102,0.044138,0.611775,0.442263,0.0717,0.378209,1.238049,0.218749,0.670029,0.259047,0.289379,0.749763,0.141554,0.701658,1.676087,0.183421,1.33434,1.434154,1.265894,1.607911,0.177713,0.154581,0.897032,0.271464,0.90142,0.186725,0.345672
2022-10-29,4.917277,1.54619,0.395041,2.531331,0.511745,0.465217,0.994176,0.394138,1.79486,1.086376,1.639729,0.500366,0.051666,0.843741,1.507624,0.531213,0.685765,1.468501,3.846932,0.216678,1.712013,0.214941,0.478465,0.647244,5.055845,0.811091,0.267962,0.611775,0.347492,0.035662,0.724001,2.523715,0.539243,1.745849,0.259047,0.902181,1.474533,0.117962,1.30308,2.265822,0.045622,2.973672,0.992876,1.792164,2.366737,0.355425,0.154581,2.003759,0.426586,3.15497,0.254625,0.691344
2022-11-05,6.911835,2.108441,1.076145,4.405173,1.069779,0.603059,1.049408,0.985346,4.935864,1.307257,1.897664,0.500366,0.826651,1.281531,2.093109,0.562461,1.200089,2.759002,3.934363,0.216678,2.543563,0.429882,0.548242,1.451925,8.916051,1.119305,0.535923,1.580419,0.916116,0.215101,1.793792,4.285553,0.966567,2.670678,0.647617,1.557539,1.224612,0.754955,1.788843,3.196982,0.275131,4.727376,0.992876,3.413646,3.235878,0.177713,0.077224,3.576477,0.555855,5.014149,0.560174,1.382688
2022-11-12,6.161408,1.967879,1.852604,6.673509,2.206418,0.999354,1.436032,1.28095,6.581152,2.055549,2.220082,1.501097,0.568322,2.133232,1.99065,0.624956,1.542971,4.961753,3.650214,0.577808,3.521856,0.487199,0.887154,2.886357,8.335312,1.800622,0.982526,1.22355,2.432445,0.215101,3.187763,7.094971,1.414241,3.312395,1.165711,2.187364,1.974375,1.203209,2.721817,3.165943,0.550262,4.879872,1.434154,4.565751,3.733963,0.355425,0.154581,3.949269,1.15049,7.155022,0.763874,1.901197
2022-11-19,4.660552,5.341385,4.263714,7.035128,3.854803,1.843636,2.844448,5.222333,5.53415,2.335032,1.934511,1.072212,2.893278,3.183929,3.439725,1.156169,2.228736,6.474754,3.78136,1.011164,3.440331,1.060375,1.654693,4.250817,8.540279,3.098367,1.161167,1.580419,4.359447,0.645304,3.457913,7.761613,2.52325,3.482262,1.554281,2.646966,3.923758,2.665934,3.261554,2.638286,0.275131,4.346136,2.647668,4.110598,3.937877,0.23695,0.309162,3.052238,3.141226,7.662071,1.510774,7.43195
2022-11-26,4.6803,9.69883,7.859945,13.379892,6.765835,2.550076,5.053728,3.842849,8.675154,3.362806,1.971359,0.85777,7.28486,6.853406,6.689168,3.249773,5.348967,11.592258,4.743093,2.383458,5.10343,2.765573,2.890728,6.682354,9.291823,8.062244,3.930105,3.058876,7.265745,0.645304,5.543467,8.380637,4.013799,4.05792,2.849516,4.783262,9.122113,8.58761,5.590135,3.134904,1.283944,4.09833,6.398531,6.827291,6.023815,0.858944,2.009553,4.613306,7.032209,10.648025,4.023071,6.56777
2022-12-03,7.109316,7.449826,10.938537,15.319484,8.126203,2.82576,11.764417,8.473975,9.871727,4.151669,2.542501,0.643327,10.023141,9.121955,12.192728,6.562041,10.457916,18.957013,6.491698,7.2226,6.766529,5.946699,4.684973,7.749432,9.155179,13.950764,5.984478,5.302051,12.636079,2.437814,9.595708,17.18983,6.745623,6.020821,6.735219,8.170697,20.218601,12.787045,10.31669,2.731402,2.017627,4.67019,8.053324,9.814231,7.397726,1.007038,4.792011,5.813231,9.462457,17.915725,7.825467,13.654048
2022-12-10,4.621056,10.261081,10.679718,11.374552,6.187229,4.083568,10.880705,2.956038,6.132437,3.556641,1.676577,0.92925,9.55815,7.832464,12.441559,7.28074,8.949233,15.797511,6.054547,8.594894,5.413223,8.28239,6.090465,6.035111,6.114839,13.593884,9.200018,6.219714,11.656783,5.019029,8.320603,19.475458,7.620621,3.727624,6.994266,8.162186,21.693134,15.523756,9.144689,2.886595,4.952356,3.04992,9.266839,6.955303,6.003758,1.777126,6.956145,4.287113,8.803188,13.859335,8.164967,8.468966
2022-12-17,3.021459,7.168701,7.914434,8.448728,4.204538,4.376482,10.797857,2.561899,3.440147,3.804569,1.326522,1.000731,14.621386,5.874348,9.967885,10.405522,7.954874,9.723257,3.038202,13.217358,4.353405,9.443071,9.031033,4.320789,4.9192,12.31236,8.842736,8.462889,7.929139,5.951135,6.699706,16.285102,8.744892,3.01041,11.65711,8.366454,19.693767,16.561818,8.096057,2.110629,3.760123,2.840238,10.700992,3.726563,5.094503,1.214369,8.656536,3.343482,9.86319,11.211413,8.283792,7.604786
2022-12-24,3.021459,6.044199,7.996166,6.706383,4.114533,5.892744,7.45632,2.857503,3.141004,4.61597,1.473913,2.072943,10.488132,4.608737,9.089657,10.311778,6.411903,6.252254,3.387923,15.239686,3.962088,11.004975,11.223999,2.833878,2.937856,9.132884,5.359234,7.137377,7.170975,8.388949,5.813616,17.18983,7.763063,2.812233,9.325688,6.825937,17.21955,10.663735,8.126899,3.569445,5.686039,2.249316,9.266839,3.242963,4.171876,1.865982,9.893185,3.133786,5.235376,8.732508,7.774542,8.641802
2022-12-31,2.922719,6.044199,9.045067,6.706383,3.651648,5.427527,6.655456,4.138453,4.786292,5.467941,1.695001,2.430347,11.521446,4.44954,8.299252,9.9993,6.377614,5.406754,3.628357,13.867392,3.6686,11.004975,11.333647,3.096274,4.099334,10.381964,8.217492,7.341302,5.654645,10.109759,5.316541,13.618535,6.659141,2.82167,10.620922,6.051423,17.894336,8.516833,8.296531,1.924397,4.677226,3.04992,6.508851,3.527434,4.613132,2.458357,12.521062,3.261933,4.963912,9.690266,8.249842,8.814639
2023-01-07,2.468513,4.498008,5.285371,5.19416,2.35557,2.722379,4.69472,4.631126,2.542718,5.846595,1.74106,0.714808,5.786556,3.446603,5.342552,6.812023,4.320319,2.959252,3.759502,9.100476,2.559867,7.150368,7.117172,1.399446,3.006178,6.569836,5.359234,5.047145,3.664463,7.743645,3.792898,8.523489,4.82775,2.095019,9.325688,4.17046,12.621005,3.586035,6.276372,1.862319,3.393281,2.802114,7.612046,2.474893,4.181905,1.954838,7.883631,2.714395,2.986103,9.07054,5.720569,5.530754
2023-01-14,1.955062,0.983939,2.234023,3.451815,1.059492,1.705794,2.181664,1.28095,0.89743,3.200526,1.004104,0.643327,2.376621,1.377049,2.532223,2.99979,1.885854,1.401751,1.857893,4.116882,1.646794,3.653996,3.189769,0.822175,1.947184,3.163255,3.483502,3.211819,1.168837,3.36992,1.901852,2.523715,2.630081,1.23625,6.735219,1.651162,6.847833,1.533502,3.508291,2.607247,0.825393,1.505898,1.654793,1.422352,2.58068,0.651613,1.854972,1.386322,1.861467,2.70426,2.936672,2.765377
2023-01-21,1.125642,0.983939,1.621029,2.136838,0.534889,0.637519,0.994176,0.591208,1.196573,2.673116,0.736957,0.03484,1.808299,0.549228,1.463713,1.343656,1.405818,0.778751,1.814178,2.094554,1.092428,1.89148,1.714501,0.507299,1.776378,1.638404,1.429129,3.007894,0.663394,1.64911,1.10221,1.3809,1.571944,0.594532,3.626656,0.944737,4.223663,0.754955,2.351712,1.458817,1.467365,1.105596,1.323834,1.038317,1.65471,0.651613,1.54581,0.838783,0.995368,0.788743,1.833298,2.419705
2023-01-28,0.82942,0.702814,0.776459,1.150605,0.326591,0.447986,0.911328,0.591208,1.047001,1.924824,0.663261,0.643327,0.878316,0.581067,1.039236,1.468647,0.78863,0.756501,0.918018,1.011164,0.635891,1.089034,0.837314,0.314875,1.195639,1.184193,0.803885,1.121588,0.347492,1.362308,0.853672,0.999962,1.073399,0.386918,3.108563,0.612802,2.349256,0.259516,1.811975,1.769203,0.917103,0.781542,1.654793,0.597388,1.163312,0.207331,0.772905,0.698986,0.853172,1.183114,0.865724,0.86418
2023-02-04,0.710932,0.421688,0.858192,0.657489,0.295732,0.654749,0.41424,1.379484,1.346145,1.604771,0.80144,0.571846,0.154997,0.222875,0.600122,0.406222,0.411459,0.356,0.743157,0.72226,0.831549,0.831105,0.867218,0.279889,0.990672,0.811091,0.803885,0.356869,0.126361,0.286802,0.410627,0.476173,0.737644,0.377481,1.165711,0.502157,2.14932,0.235923,1.495843,1.707126,0.366841,0.76248,1.654793,0.625835,0.872484,0.207331,0.463743,0.722285,0.542928,1.239453,0.37345,1.037016
2023-02-11,0.572695,0.140563,0.84457,1.084856,0.239157,0.465217,0.41424,0.197069,0.747858,1.352335,0.764593,0.714808,0.206663,0.246754,0.600122,0.468717,0.342882,0.64525,1.092878,0.433356,0.6685,0.845434,0.568178,0.122452,0.717383,0.665095,0.178641,0.101963,0.347492,0.573603,0.280955,0.428555,0.529068,0.519036,2.072375,0.417046,1.349573,0.165146,1.395606,2.07959,0.09171,0.876852,0.992876,0.398259,0.909255,0.207331,0.077224,0.745585,0.607562,0.90142,0.390425,0.345672
2023-02-18,0.592443,0.281126,0.517639,0.821861,0.187726,0.292914,0.386624,0.098535,0.747858,1.063837,0.690897,0.285923,0.413325,0.222875,0.483025,0.28123,0.102865,0.4895,0.7213,0.288904,0.423927,0.573176,0.598082,0.174931,0.956511,0.681316,0.535923,0.305888,0.379082,0.286802,0.572717,0.142852,0.442586,0.434103,1.295234,0.400024,1.124644,0.094369,1.518975,1.427778,0.183421,0.819666,1.765112,0.682729,0.818998,0.088856,0.309162,0.664036,0.400732,0.507049,0.186725,0.345672
2023-02-25,0.612191,0.702814,0.612994,0.986233,0.203155,0.223993,0.469472,0.048455,0.598287,0.969173,0.552718,0.357404,0.154997,0.246754,0.614759,0.343726,0.308594,0.24475,0.480867,0.035824,0.423927,0.300917,0.548242,0.104958,1.093156,0.583985,0.267962,0.458831,0.094771,0.143401,0.443045,0.52379,0.279796,0.264237,1.165711,0.204267,0.824739,0.141554,1.295369,1.024276,0.183421,0.781542,0.441278,0.611611,0.695313,0.118475,0.309162,0.710636,0.49122,0.788743,0.10185,0.085608
2023-03-04,0.31597,0.281126,0.681104,1.084856,0.159438,0.327375,0.27616,0.492673,0.598287,0.802385,0.497446,0.071481,0.154997,0.191036,0.658671,0.187487,0.137153,0.267,0.546439,0.288904,0.211964,0.214941,0.508369,0.139945,1.161478,0.632651,0.535923,0.305888,0.126361,0.143401,0.334985,0.761876,0.249273,0.320859,0.647617,0.195756,0.799747,0.117962,1.30308,0.713889,0.09171,0.552798,0.772237,0.583164,0.534856,0.088856,0.154581,0.664036,0.749758,0.507049,0.118825,0.172836
2023-03-11,0.335718,0.562251,0.58575,0.756112,0.120864,0.155072,0.524704,0.098535,0.299143,0.806893,0.46981,0.214442,0.206663,0.127357,0.468388,0.374974,0.205729,0.33375,0.480867,0.035824,0.260878,0.257929,0.358849,0.087465,1.093156,0.567764,0.267962,0.713738,0.094771,0.286802,0.237732,0.238086,0.284883,0.235926,0.647617,0.22129,0.47485,0.141554,1.364764,0.496618,0.045622,0.590922,1.654793,0.384035,0.524827,0.207331,0.772905,0.46599,0.607562,0.225355,0.16975,0.345672
2023-03-18,0.434458,0.140563,0.749215,0.493116,0.154295,0.206763,0.27616,0.048455,0.299143,0.951142,0.497446,0.285923,0.309994,0.095518,0.5123,0.218735,0.274306,0.5785,0.459009,0.36113,0.163049,0.286588,0.328945,0.104958,0.751545,0.389324,0.178641,0.560794,0.189541,0.717004,0.237732,0.142852,0.340842,0.301985,1.424758,0.289379,0.724771,0.212331,1.256816,0.341425,0.09171,0.400302,1.765112,0.412482,0.538199,0.088856,0.309162,0.698986,0.361952,0.45071,0.10185,0.345672
2023-03-25,0.394962,0.421688,0.504017,0.59174,0.092577,0.172302,0.359008,0.197069,0.448715,0.71223,0.571141,0.071481,0.154997,0.238795,0.30738,0.218735,0.205729,0.3115,0.524582,0.072226,0.342403,0.272258,0.209329,0.069972,0.546578,0.519098,0.089321,0.458831,0.252722,0.645304,0.475463,0.142852,0.366278,0.18874,0.063782,0.246823,0.574818,0.070777,1.187422,0.775966,0.183421,0.457488,2.20639,0.440929,0.437913,0.088856,0.618324,0.582488,0.361952,0.90142,0.152775,0.085608
2023-04-01,0.533199,0.140563,0.354174,0.88761,0.074576,0.103381,0.331392,0.197069,1.495716,0.743784,0.497446,0.500366,0.154997,0.222875,0.570848,0.124991,0.308594,0.356,0.590154,0.288904,0.146744,0.186282,0.169456,0.174931,0.649061,0.470433,0.089321,0.509813,0.126361,0.645304,0.421433,0.428555,0.38154,0.113244,0.063782,0.280868,0.499842,0.094369,0.809606,1.303624,0.045622,0.38124,1.434154,0.640059,0.478027,0.088856,0.077224,0.582488,0.413659,0.507049,0.0679,0.172836
2023-04-08,0.335718,0.281126,0.572128,0.525991,0.115721,0.120612,0.607552,0.048455,0.598287,0.83394,0.451386,0.214442,0.258328,0.198996,0.263468,0.062496,0.171441,0.42275,0.393436,0.216678,0.195659,0.157623,0.249201,0.209917,0.888189,0.470433,0.044138,0.152944,0.126361,0.430203,0.421433,0.047617,0.396801,0.207615,0.906664,0.110645,0.574818,0.117962,0.501184,1.024276,0.045622,0.457488,1.434154,0.412482,0.427885,0.177713,0.077224,0.629087,0.336098,0.394371,0.16975,0.345672
2023-04-15,0.31597,0.281126,0.640238,0.558865,0.087434,0.310144,0.303776,0.048455,0.448715,0.586012,0.267147,0.071481,0.103331,0.294513,0.248831,0.156239,0.274306,0.3115,0.306006,0.035824,0.211964,0.143294,0.159488,0.209917,0.546578,0.291993,0.044138,0.305888,0.252722,0.035662,0.486269,0.190469,0.38154,0.235926,0.647617,0.212779,0.47485,0.070777,0.508895,1.055314,0.09171,0.419364,0.551598,0.355588,0.381085,0.088856,0.154581,0.407742,0.349025,0.394371,0.16975,0.518508
2023-04-22,0.394962,0.140563,0.504017,0.262995,0.095149,0.206763,0.220928,0.048455,0.448715,0.685183,0.405326,0.142962,0.154997,0.198996,0.146371,0.015591,0.068576,0.267,0.546439,0.36113,0.163049,0.128965,0.079744,0.139945,1.127317,0.308215,0.178641,0.356869,0.015653,0.0717,0.378209,0.380938,0.239098,0.122681,0.38857,0.153201,0.374881,0.023592,0.632264,1.024276,0.09171,0.400302,0.441278,0.312918,0.340971,0.177713,0.077224,0.524239,0.232683,0.225355,0.084875,0.085608
2023-04-29,0.256725,0.068175,0.572128,0.361619,0.066861,0.155072,0.248544,0.098535,0.149572,0.617566,0.396114,0.071481,0.36166,0.151237,0.263468,0.374974,0.068576,0.089,0.459009,0.035824,0.163049,0.128965,0.069776,0.209917,0.546578,0.421767,0.044138,0.203925,0.126361,0.143401,0.16209,0.095235,0.188226,0.09437,0.647617,0.161712,0.524834,0.117962,0.616842,1.117392,0.09171,0.514674,0.441278,0.256023,0.367713,0.01463,0.309162,0.361143,0.180976,0.281694,0.008459,0.172836
2023-05-06,0.098741,0.702814,0.476773,0.29587,0.056575,0.120612,0.193312,0.048455,0.073641,0.576996,0.303995,0.03484,0.258328,0.191036,0.30738,0.156239,0.102865,0.356,0.218576,0.144452,0.244573,0.143294,0.169456,0.332368,0.717383,0.437989,0.044138,0.101963,0.221131,0.215101,0.226926,0.047617,0.264534,0.066059,0.906664,0.144689,0.249921,0.047185,0.362395,1.458817,0.045622,0.324054,0.772237,0.341365,0.371056,0.118475,0.077224,0.605788,0.168049,0.225355,0.118825,0.345672
2023-05-13,0.276473,0.140563,0.749215,0.394493,0.090005,0.120612,0.165696,0.098535,0.299143,0.595027,0.460598,0.071481,0.464991,0.238795,0.263468,0.156239,0.068576,0.33375,0.393436,0.288904,0.179354,0.128965,0.169456,0.22741,0.819867,0.340658,0.044138,0.203925,0.189541,0.0717,0.226926,0.047617,0.274709,0.150992,0.259047,0.144689,0.374881,0.011811,0.478053,1.334662,0.366841,0.438426,0.772237,0.213353,0.334285,0.177713,0.077224,0.51259,0.129269,0.281694,0.084875,0.172836
2023-05-20,0.217229,0.068175,0.749215,0.29587,0.06429,0.155072,0.248544,0.048455,0.299143,0.63109,0.276359,0.214442,0.051666,0.198996,0.278105,0.093743,0.171441,0.24475,0.371579,0.36113,0.081524,0.186282,0.129584,0.139945,0.751545,0.35688,0.178641,0.101963,0.094771,0.035662,0.16209,0.190469,0.25436,0.103807,0.518094,0.093623,0.574818,0.047185,0.416369,1.831281,0.045622,0.400302,0.330959,0.199129,0.324256,0.118475,0.309162,0.407742,0.168049,0.507049,0.03395,0.172836
2023-05-27,0.217229,0.068175,0.899058,0.460242,0.066861,0.172302,0.331392,0.048455,0.89743,0.635597,0.340842,0.03484,0.103331,0.222875,0.234194,0.124991,0.102865,0.24475,0.240433,0.144452,0.097829,0.143294,0.179424,0.052479,0.683222,0.129775,0.267962,0.356869,0.189541,0.286802,0.21612,0.142852,0.310319,0.047185,0.38857,0.119156,0.499842,0.070777,0.4395,1.862319,0.275131,0.324054,0.330959,0.384035,0.264085,0.148094,0.077224,0.582488,0.193903,0.563388,0.03395,0.085608
2023-06-03,0.493703,0.421688,0.899058,0.197247,0.126008,0.086151,0.110464,0.295604,0.448715,0.676168,0.42375,0.285923,0.103331,0.175116,0.219557,0.015591,0.137153,0.11125,0.306006,0.216678,0.130439,0.128965,0.139552,0.017493,0.341611,0.129775,0.044138,0.152944,0.189541,0.0717,0.270149,0.095235,0.188226,0.132118,0.129523,0.085111,0.299905,0.070777,0.508895,2.265822,0.09171,0.495612,0.441278,0.28447,0.277457,0.029619,0.077224,0.419391,0.219757,0.281694,0.118825,0.172836
2023-06-10,0.276473,0.281126,0.830947,0.032874,0.110578,0.051691,0.165696,0.048455,0.149572,0.748292,0.506658,0.428885,0.051666,0.167156,0.190283,0.124991,0.137153,0.2225,0.306006,0.072226,0.081524,0.157623,0.139552,0.087465,0.580739,0.145996,0.178641,0.050981,0.347492,0.035662,0.140478,0.047617,0.198401,0.113244,0.38857,0.093623,0.249921,0.141554,0.462632,1.893358,0.09171,0.400302,0.220639,0.384035,0.250714,0.029619,0.077224,0.314544,0.413659,0.45071,0.186725,0.172836
2023-06-17,0.098741,0.843377,0.681104,0.164372,0.092577,0.103381,0.165696,0.048455,0.149572,0.680675,0.37769,0.571846,0.309994,0.167156,0.190283,0.062496,0.068576,0.178,0.218576,0.035824,0.03261,0.171953,0.109648,0.139945,0.478256,0.162218,0.178641,0.050981,0.284312,0.143401,0.097254,0.047617,0.188226,0.169866,0.259047,0.093623,0.374881,0.047185,0.43179,1.551933,0.183421,0.457488,0.220639,0.327141,0.310885,0.118475,0.077224,0.314544,0.258537,0.338033,0.0679,0.172836
2023-06-24,0.217229,0.068175,0.65386,0.460242,0.069433,0.051691,0.165696,0.048455,0.299143,0.743784,0.350054,0.643327,0.051666,0.103478,0.073186,0.031248,0.068576,0.1335,0.174861,0.072226,0.146744,0.057318,0.139552,0.034986,0.444094,0.194662,0.089321,0.050981,0.252722,0.035662,0.129672,0.047617,0.183139,0.150992,0.129523,0.119156,0.224929,0.117962,0.377816,1.800242,0.045622,0.438426,0.054388,0.184906,0.364371,0.088856,0.077224,0.256295,0.219757,0.112678,0.016975,0.172836
2023-07-01,0.217229,0.562251,0.395041,0.197247,0.126008,0.120612,0.165696,0.048455,0.149572,0.71223,0.350054,0.714808,0.36166,0.063679,0.131734,0.062496,0.102865,0.11125,0.349721,0.144452,0.00809,0.100306,0.089712,0.008714,0.512417,0.113553,0.089321,0.050981,0.221131,0.0717,0.064836,0.023648,0.147529,0.160429,0.129523,0.110645,0.324897,0.023592,0.362395,1.61401,0.09171,0.38124,0.220639,0.341365,0.290828,0.088856,0.154581,0.454341,0.24561,0.169016,0.084875,0.085608
2023-07-08,0.059244,0.281126,0.463151,0.131498,0.066861,0.051691,0.027616,0.048455,0.299143,0.649121,0.211875,0.571846,0.154997,0.087558,0.029274,0.062496,0.034288,0.178,0.284148,0.216678,0.048915,0.042988,0.04984,0.017493,0.478256,0.048665,0.044138,0.050981,0.189541,0.035662,0.172896,0.047617,0.117006,0.09437,0.259047,0.0766,0.299905,0.047185,0.354684,1.210508,0.183421,0.266868,0.330959,0.298694,0.264085,0.029619,0.077224,0.454341,0.232683,0.028247,0.0679,0.172836
2023-07-15,0.276473,0.281126,0.381418,0.262995,0.136294,0.137842,0.055232,0.048455,0.299143,0.622074,0.165815,0.428885,0.154997,0.079598,0.029274,0.015591,0.137153,0.1335,0.131145,0.035824,0.081524,0.100306,0.029904,0.008714,0.546578,0.210884,0.089321,0.025273,0.315902,0.0717,0.075642,0.023648,0.086482,0.122681,0.129523,0.102134,0.199937,0.117962,0.316132,1.303624,0.045622,0.343116,0.054388,0.327141,0.320914,0.088856,0.077224,0.349493,0.24561,0.056339,0.1358,0.085608
2023-07-22,0.296222,0.140563,0.177087,0.197247,0.077147,0.068921,0.110464,0.197069,0.149572,0.495856,0.156603,0.285923,0.051666,0.095518,0.058549,0.062496,0.017004,0.06675,0.153003,0.072226,0.06522,0.143294,0.029904,0.008714,0.375772,0.324436,0.044138,0.050981,0.221131,0.035662,0.172896,0.047617,0.142442,0.047185,0.129523,0.042556,0.324897,0.070777,0.28529,1.024276,0.045622,0.304992,0.054388,0.327141,0.287485,0.01463,0.077224,0.256295,0.232683,0.028247,0.152775,0.085608
2023-07-29,0.631939,0.068175,0.231576,0.164372,0.095149,0.051691,0.13808,0.048455,0.149572,0.595027,0.147391,0.285923,0.154997,0.079598,0.058549,0.015591,0.068576,0.20025,0.262291,0.216678,0.228268,0.057318,0.039872,0.052479,0.580739,0.162218,0.044138,0.050981,0.157951,0.0717,0.086448,0.023648,0.096657,0.084933,0.129523,0.0766,0.349889,0.047185,0.300711,1.303624,0.045622,0.38124,0.054388,0.227576,0.264085,0.029619,0.077224,0.221345,0.232683,0.169016,0.03395,0.345672
2023-08-05,0.256725,0.281126,0.149843,0.361619,0.110578,0.051691,0.13808,0.048455,0.073641,0.608551,0.175027,0.428885,0.103331,0.095518,0.10246,0.031248,0.034288,0.20025,0.240433,0.144452,0.114134,0.085976,0.039872,0.034986,0.30745,0.064887,0.044138,0.050981,0.189541,0.0717,0.16209,0.095235,0.167878,0.075496,0.063782,0.0766,0.149953,0.070777,0.393237,0.900121,0.045622,0.343116,0.220639,0.312918,0.317571,0.029619,0.077224,0.361143,0.258537,0.056339,0.016975,0.085608
2023-08-12,0.177733,0.140563,0.122599,0.328744,0.090005,0.01723,0.193312,0.098535,0.149572,0.599535,0.257935,0.285923,0.154997,0.103478,0.131734,0.015591,0.068576,0.11125,0.153003,0.035824,0.081524,0.143294,0.109648,0.008714,0.92235,0.145996,0.044138,0.050981,0.189541,0.0717,0.064836,0.047617,0.106831,0.122681,0.129523,0.085111,0.274913,0.094369,0.28529,1.210508,0.045622,0.152496,0.11032,0.369812,0.397799,0.029619,0.077224,0.372792,0.219757,0.028247,0.084875,0.172836
2023-08-19,0.177733,0.281126,0.081733,0.230121,0.079719,0.008507,0.110464,0.048455,0.149572,0.685183,0.175027,0.428885,0.154997,0.071638,0.043911,0.062496,0.034288,0.267,0.240433,0.144452,0.097829,0.085976,0.179424,0.008714,1.195639,0.17844,0.044138,0.050981,0.094771,0.035662,0.129672,0.095235,0.076308,0.132118,0.063782,0.068089,0.524834,0.070777,0.293,0.93116,0.045622,0.28593,0.330959,0.369812,0.414513,0.01463,0.077224,0.407742,0.323171,0.507049,0.03395,0.085608
2023-08-26,0.236977,0.068175,0.231576,0.29587,0.074576,0.068921,0.220928,0.048455,0.299143,0.725753,0.257935,0.428885,0.025449,0.095518,0.161008,0.062496,0.068576,0.15575,0.240433,0.035824,0.048915,0.114635,0.09968,0.052479,1.366445,0.113553,0.044138,0.152944,0.126361,0.035662,0.172896,0.047617,0.101744,0.075496,0.129523,0.136178,0.324897,0.094369,0.346974,1.61401,0.045622,0.38124,0.11032,0.327141,0.344313,0.01463,0.077224,0.326193,0.258537,0.112678,0.016975,0.085608
2023-09-02,0.236977,0.281126,0.177087,0.197247,0.09772,0.051691,0.165696,0.048455,0.073641,0.775339,0.313207,0.500366,0.025449,0.071638,0.087823,0.124991,0.102865,0.2225,0.306006,0.035824,0.081524,0.2436,0.119616,0.008714,1.468928,0.097331,0.044138,0.101963,0.094771,0.286802,0.10806,0.095235,0.193313,0.169866,0.063782,0.110645,0.399873,0.047185,0.323842,1.831281,0.045622,0.171558,0.11032,0.384035,0.421199,0.029619,0.077224,0.349493,0.542928,0.056339,0.0679,0.085608
2023-09-09,0.098741,0.281126,0.108977,0.262995,0.108006,0.120612,0.027616,0.048455,0.149572,0.676168,0.193451,0.357404,0.103331,0.119397,0.073186,0.031248,0.240018,0.42275,0.240433,0.035824,0.081524,0.114635,0.019936,0.008714,0.649061,0.194662,0.089321,0.050981,0.126361,0.0717,0.140478,0.190469,0.106831,0.066059,0.063782,0.127667,0.399873,0.070777,0.331553,1.676087,0.045622,0.419364,0.330959,0.654282,0.367713,0.059238,0.154581,0.46599,0.478294,0.112678,0.016975,0.085608
2023-09-16,0.394962,0.702814,0.136221,0.230121,0.105435,0.03446,0.248544,0.048455,0.073641,0.703214,0.313207,0.571846,0.025449,0.143277,0.131734,0.015591,0.102865,0.11125,0.284148,0.035824,0.03261,0.071647,0.089712,0.017493,0.819867,0.129775,0.089321,0.025273,0.015653,0.035662,0.10806,0.52379,0.061046,0.103807,0.063782,0.0766,0.399873,0.141554,0.370105,1.831281,0.183421,0.495612,0.054388,0.4836,0.427885,0.088856,0.077224,0.361143,0.193903,0.338033,0.050925,0.085608
2023-09-23,0.217229,0.843377,0.122599,0.197247,0.131151,0.137842,0.441856,0.048455,0.149572,0.775339,0.322419,0.357404,0.154997,0.159196,0.20492,0.015591,0.137153,0.28925,0.393436,0.072226,0.097829,0.143294,0.169456,0.069972,0.546578,0.259549,0.267962,0.305888,0.126361,0.143401,0.313373,0.380938,0.096657,0.122681,0.129523,0.0766,0.424866,0.141554,0.385527,2.731402,0.09171,0.590922,0.054388,0.341365,0.424542,0.059238,0.154581,0.524239,0.077561,0.281694,0.008459,0.085608
2023-09-30,0.454206,0.983939,0.286064,0.328744,0.120864,0.206763,0.220928,0.048455,0.073641,0.802385,0.350054,0.714808,0.103331,0.143277,0.190283,0.124991,0.205729,0.3115,0.349721,0.035824,0.06522,0.22927,0.119616,0.034986,0.683222,0.194662,0.357282,0.050981,0.221131,0.0717,0.118866,0.285704,0.244185,0.132118,0.38857,0.136178,0.649794,0.141554,0.462632,3.103866,0.045622,0.552798,0.220639,0.640059,0.41117,0.118475,0.154581,0.687336,0.155122,0.394371,0.152775,0.345672
2023-10-07,0.394962,1.405628,0.217953,0.558865,0.115721,0.172302,0.110464,0.197069,0.299143,1.03679,0.322419,0.714808,0.206663,0.167156,0.117097,0.093743,0.514324,0.267,0.415294,0.36113,0.048915,0.200612,0.169456,0.052479,0.990672,0.389324,0.044138,0.254906,0.157951,0.143401,0.183702,0.285704,0.188226,0.34917,0.063782,0.153201,0.374881,0.141554,0.316132,3.383213,0.09171,0.419364,0.054388,0.412482,0.374399,0.118475,0.077224,0.582488,0.051707,0.112678,0.16975,1.037016
2023-10-14,0.513451,1.967879,0.286064,0.493116,0.156867,0.258454,0.082848,0.048455,0.299143,0.969173,0.359266,1.072212,0.103331,0.143277,0.336654,0.031248,0.137153,0.51175,0.612012,0.288904,0.048915,0.22927,0.199361,0.104958,0.751545,0.405545,0.044138,0.458831,0.189541,0.035662,0.140478,0.190469,0.132267,0.18874,0.129523,0.178734,0.974692,0.141554,0.323842,3.196982,0.09171,0.495612,0.054388,0.455153,0.561599,0.088856,0.077224,0.629087,0.168049,0.169016,0.050925,0.691344
2023-10-21,0.592443,2.951818,0.708349,0.59174,0.131151,0.275684,0.027616,0.098535,0.598287,1.316273,0.285571,0.92925,0.103331,0.214915,0.365928,0.124991,0.240018,0.445,0.677585,0.144452,0.146744,0.200612,0.209329,0.069972,0.683222,0.275771,0.089321,0.40785,0.221131,0.035662,0.356597,0.095235,0.188226,0.160429,0.129523,0.212779,0.549826,0.188739,0.331553,3.476329,0.045622,0.609984,0.220639,0.611611,0.80897,0.266569,0.309162,0.838783,0.142195,0.169016,0.0679,0.86418
2023-10-28,0.631939,4.216883,0.667482,0.427368,0.19544,0.327375,0.193312,0.098535,0.149572,1.410936,0.368478,0.92925,0.206663,0.167156,0.483025,0.124991,0.171441,0.51175,1.005448,0.288904,0.163049,0.401223,0.119616,0.069972,0.6149,0.275771,0.044138,0.356869,0.252722,0.143401,0.475463,0.095235,0.244185,0.18874,0.129523,0.144689,0.249921,0.330293,0.385527,5.09034,0.09171,0.400302,0.330959,0.625835,0.822341,0.148094,0.077224,0.710636,0.103415,0.225355,0.118825,0.085608
2023-11-04,0.73068,4.638571,0.694727,0.59174,0.249444,0.534138,0.331392,0.098535,0.073641,2.001456,0.552718,1.000731,0.258328,0.270634,0.570848,0.312478,0.205729,0.46725,0.874303,0.072226,0.244573,0.429882,0.338913,0.157438,1.024833,0.389324,0.089321,0.254906,0.410673,0.143401,0.280955,0.476173,0.28997,0.377481,0.063782,0.178734,0.449858,0.141554,0.300711,4.469566,0.045622,0.85779,0.11032,0.625835,1.019569,0.266569,0.077224,0.594138,0.219757,0.394371,0.2716,0.172836
2023-11-11,1.184886,5.481948,1.798116,0.788986,0.570891,0.895973,0.13808,0.098535,0.073641,2.082596,1.068587,1.143693,0.206663,0.42983,0.687945,0.406222,0.342882,0.73425,1.420742,0.288904,0.309793,0.444211,0.299041,0.314875,1.298122,0.648873,0.446603,0.254906,0.694984,0.143401,0.497075,0.428555,0.447673,0.462414,0.259047,0.22129,0.849731,0.259516,0.632264,4.593721,0.183421,0.991224,0.220639,0.668506,1.246883,0.148094,0.309162,1.071778,0.219757,0.788743,0.3395,0.86418
2023-11-18,1.520604,2.389567,2.601819,0.558865,0.92577,1.757485,0.607552,0.197069,0.747858,2.939075,1.225191,2.072943,0.568322,0.573107,1.27343,0.437469,0.617188,0.4005,2.098327,0.144452,0.440232,0.444211,0.518337,0.262396,1.571411,0.648873,0.267962,0.203925,0.947706,0.143401,0.356597,0.571407,0.625725,0.830458,0.906664,0.476624,0.924707,0.40107,0.686237,3.507368,0.045622,1.219968,0.11032,0.810741,1.246883,0.207331,0.772905,1.164976,0.426586,0.45071,0.254625,1.555524
2023-11-25,1.441611,1.967879,2.887883,0.88761,1.123782,2.360544,0.911328,0.098535,1.196573,3.159956,1.437066,1.858501,0.413325,0.811902,1.229519,0.843691,1.028647,0.823251,2.601051,0.650034,0.358708,0.730799,0.877186,0.419834,1.605572,0.940865,0.535923,0.40785,1.232018,0.0717,0.810448,0.999962,0.905521,1.443865,0.518094,0.638336,0.849731,0.259516,0.963816,3.6936,0.275131,1.544022,0.220639,1.038317,1.561111,0.296188,0.463743,1.339723,0.465367,0.732404,0.577149,3.975229
2023-12-02,1.678589,2.108441,3.800563,0.788986,1.622669,2.171011,1.574112,0.197069,1.645288,3.371822,2.072691,1.644058,0.981648,1.313371,2.019924,1.374904,1.268665,1.290501,2.666624,0.650034,0.978293,1.260987,1.056611,0.594765,2.630406,1.378855,1.60777,0.40785,1.484739,0.501903,1.393971,2.047542,1.755083,2.010086,2.201899,1.140493,1.774438,0.40107,1.673185,2.824518,0.550262,2.535246,0.772237,1.393905,1.825196,0.503519,0.463743,1.665916,0.956587,0.957759,1.001524,4.148065
2023-12-09,2.192039,1.967879,5.367103,1.347852,2.075268,2.636227,2.043584,0.985346,2.094003,3.439439,2.404321,2.358867,2.376621,1.631763,2.137021,1.374904,1.268665,1.068001,3.453496,1.08339,1.271781,1.676539,1.684597,0.839668,2.425439,2.271055,1.875732,0.560794,2.432445,1.075506,1.728956,4.237936,2.589383,2.953788,1.424758,1.370294,1.524517,1.01447,2.189791,1.924397,0.550262,3.373974,0.661917,2.176199,1.972281,0.503519,1.236648,1.829013,1.072929,1.126775,1.680523,8.29613
2023-12-16,2.981963,0.562251,8.254986,1.742345,2.561297,3.790654,3.31392,1.773623,2.991433,3.804569,4.071686,1.929982,3.4616,2.021795,3.029886,1.562391,1.474395,1.935751,3.912505,1.44452,1.875062,2.736914,2.372391,1.36446,3.279467,2.49816,3.304861,0.662756,3.727643,2.007612,3.295823,7.475909,3.784875,3.793683,2.072375,2.034163,2.124328,1.061655,3.04566,1.769203,2.201047,5.032368,1.434154,2.560234,3.041993,0.71085,1.236648,2.667796,1.409027,1.859179,2.070948,8.468966
2023-12-23,5.489972,0.702814,13.10445,3.155945,4.196824,4.342022,3.17584,2.36483,6.880295,4.458198,6.872122,2.001462,5.941553,3.693357,4.186219,2.812303,3.120231,3.048252,6.710274,1.155616,3.375112,4.27016,2.442167,1.924238,6.832223,3.633687,6.967004,2.702007,4.991251,2.939717,5.294929,11.047203,4.756529,6.917338,3.36761,3.642769,3.94875,2.43001,5.466766,1.862319,1.650785,8.025102,3.640544,4.181716,4.208647,1.717888,1.854972,4.88125,2.003662,4.619778,3.174322,5.012245
2023-12-30,5.884934,0.562251,15.679024,6.147518,4.505414,5.961665,5.357504,5.912076,8.525583,6.022399,10.473998,2.287386,8.421505,4.592817,6.279328,3.093533,3.188807,5.807254,8.327734,3.683526,5.348003,6.820792,5.253151,3.306191,10.248334,6.002073,10.361186,2.600044,5.180792,4.086924,7.920782,11.28529,6.832106,10.154237,6.605696,5.430109,3.423916,3.468073,7.964978,1.986474,4.310384,12.371239,5.295336,7.723373,5.11456,2.369501,2.937039,8.515976,2.727566,8.61983,5.092495,12.789868
2024-01-06,6.911835,0.702814,12.736653,7.692616,3.651648,5.306915,4.611872,4.72966,8.226439,6.383021,7.047149,2.859232,8.111511,4.067469,6.747716,2.937294,3.188807,6.586004,6.710274,4.189108,5.250174,8.52599,4.535453,2.938837,9.360145,5.596527,11.522353,2.651026,4.517398,3.36992,7.207587,10.951969,6.501438,7.351441,6.735219,4.885396,4.348624,3.350111,5.875424,1.582971,4.402095,9.14976,5.957253,6.855738,5.311788,1.865982,2.318715,6.267572,2.701713,9.52125,4.209796,14.518228
2024-01-13,4.6803,0.843377,9.916881,7.330997,2.648731,4.92785,4.390944,3.350176,5.53415,4.827836,5.849594,1.78702,5.269899,3.024732,5.898763,2.624816,3.428825,5.340004,5.551823,3.394622,3.994698,7.422626,3.648298,2.816385,8.027862,5.126095,10.182544,2.803969,4.77012,3.36992,6.159407,7.333057,5.229639,4.765697,4.14475,4.61304,5.348307,2.713118,4.456687,1.893358,3.11815,5.108616,3.530224,5.604068,4.649904,1.392082,3.709944,4.578357,2.081224,7.662071,4.532321,9.678819
2024-01-20,3.416421,1.265065,9.535462,7.462495,2.67959,3.394358,3.534848,3.153107,4.038434,4.002912,4.60598,1.644058,4.546579,2.66654,4.903438,2.968542,2.263024,4.383253,3.081917,2.88904,3.228368,5.588464,3.189769,2.151648,5.670745,4.315004,7.234966,1.784344,2.653577,2.151013,4.765436,5.428367,4.390251,2.925477,5.310461,4.298127,6.322999,2.005348,3.500581,1.551933,3.209861,3.755214,1.765112,5.134692,4.318961,0.829325,4.019106,3.553178,1.874394,8.16912,2.987597,3.975229
2024-01-27,2.823978,0.983939,8.840736,9.073342,1.815538,3.945726,4.308096,2.758969,3.141004,3.768507,4.228289,2.144424,3.564932,2.188951,4.903438,2.374834,2.331601,5.673754,2.841484,2.455684,2.788136,5.101264,3.409065,2.519003,5.602423,4.412335,9.46798,2.396119,2.179724,1.72081,3.738868,4.952195,4.695483,2.906603,6.217125,5.021574,8.647263,2.312049,3.153607,1.582971,2.476178,4.060206,2.978627,3.982586,4.796989,1.125513,3.246201,3.145436,1.551223,7.662071,2.393473,6.913442
2024-02-03,2.034054,1.124502,4.903952,8.054235,1.329508,3.377128,3.065376,2.463365,2.991433,3.205034,3.261034,0.357404,3.668263,2.165071,5.371826,3.343516,5.383255,5.028503,2.644766,4.69469,1.842452,5.946699,4.19654,2.623961,3.962689,4.915211,7.681569,2.396119,1.832231,2.652915,3.576779,3.666529,3.917142,2.406441,5.180938,5.030086,10.52167,1.981756,3.516002,1.055314,1.559075,3.33585,2.537349,3.171846,4.512847,0.829325,2.782458,2.213455,1.35732,7.155022,2.970622,6.913442
2024-02-10,2.211787,1.54619,2.560953,9.599333,1.056921,3.377128,3.921472,2.463365,2.094003,3.732445,2.837283,1.215174,3.151606,1.989955,5.430375,3.499755,6.000444,6.319004,2.120184,5.561402,1.809843,5.43084,5.881136,2.868864,3.040339,5.580306,7.324286,2.854951,1.105657,3.226519,3.490331,3.714146,3.5763,1.642042,4.015227,5.174775,11.72129,2.052533,3.315528,2.110629,1.925916,2.516184,1.985751,2.802034,3.931191,0.4739,3.09162,2.085307,1.034148,7.380377,3.021547,5.70359
2024-02-17,2.409268,0.281126,2.778906,8.481602,0.843479,2.360544,3.286304,3.547245,2.841861,3.056277,2.385897,0.714808,3.048275,2.085473,5.108358,3.874729,6.000444,6.274504,1.857893,6.211436,2.005501,7.164697,6.688546,3.026302,3.313628,5.742524,2.143694,2.854951,1.6111,2.939717,3.998212,3.47606,4.018886,1.689227,3.75618,5.191797,9.771907,1.533502,3.847555,1.61401,2.751309,2.47806,2.868307,2.773587,2.981822,0.562757,3.246201,2.353252,0.94366,10.366332,3.547772,7.604786
2024-02-24,1.757581,0.562251,2.778906,9.040468,0.771475,2.222702,4.777568,2.36483,2.692289,2.817365,1.731848,1.000731,4.649911,2.379987,5.064447,4.905907,2.948789,6.252254,2.076469,4.983594,1.923977,6.276275,8.383111,2.781399,1.947184,7.364706,1.965052,4.384389,1.358378,2.366114,3.209375,2.857035,4.059583,1.509924,3.238086,5.634377,4.248655,2.099718,3.855265,1.61401,3.209861,2.115882,4.633419,2.887375,2.634165,0.266569,4.019106,2.423151,1.279759,9.183218,3.615671,4.666573
2024-03-02,1.678589,1.54619,2.47922,9.139091,0.691756,1.602413,5.882208,3.251642,2.243574,2.425187,1.860816,1.143693,3.151606,2.634701,4.727793,5.624606,3.017366,6.608254,1.70489,4.622464,2.86966,7.150368,8.981193,3.18374,2.527922,7.202487,2.411655,4.894201,1.54792,2.796316,3.70645,2.904653,3.932403,1.509924,2.849516,5.43862,4.473584,1.793017,4.194529,1.334662,2.476178,2.039634,5.074697,3.370975,2.189566,0.503519,4.63743,2.504699,0.982441,10.197315,3.394997,4.320901
2024-03-09,1.540352,0.702814,1.716383,8.119984,0.532318,1.39565,4.55664,2.561899,5.384579,2.416172,1.437066,0.643327,3.616597,2.141192,4.94735,5.562111,3.154519,4.316503,1.202166,3.6113,2.853355,5.258888,7.78503,3.043795,2.15215,6.618502,2.500976,4.588314,1.358378,2.366114,2.939226,3.666529,3.031969,1.245687,2.719992,5.302442,4.523568,1.863794,3.940081,1.61401,2.201047,1.849014,4.081822,2.674022,1.627968,0.414663,4.482849,2.341602,0.723904,8.056442,3.361047,2.592541
2024-03-16,1.599596,1.265065,1.82536,6.509137,0.486029,1.654104,2.7616,1.773623,2.094003,2.398141,0.976468,1.286654,3.513266,2.053634,3.732468,3.593498,3.53169,3.159502,0.874303,2.383458,1.858757,4.327477,5.352831,2.868864,2.049667,4.558331,3.21554,3.517707,1.200427,2.724616,2.398927,2.142777,2.1061,0.88708,3.75618,3.038478,3.473901,1.604279,2.845186,1.986474,2.017627,1.486836,4.743739,1.877505,1.544396,0.503519,3.709944,1.852312,1.098783,5.690215,3.140372,1.901197
2024-03-23,1.165138,1.405628,1.443941,3.451815,0.450027,1.671334,2.292128,1.576553,2.991433,1.929331,0.755381,0.428885,2.841612,1.719321,2.180932,2.937294,2.263024,2.870252,0.7213,1.877876,1.222867,3.381737,4.934174,2.326579,1.639733,3.114589,1.875732,3.109857,1.295198,1.79251,1.955882,2.714184,1.816129,0.783273,2.590469,2.263964,2.349256,2.288456,2.675554,1.551933,1.283944,1.277154,6.508851,1.820611,1.133226,0.355425,2.782458,1.642617,1.047075,4.507101,2.257673,0.86418
2024-03-30,1.204634,1.124502,1.321343,2.695703,0.465457,1.171657,2.457824,1.478019,2.692289,1.821144,0.589565,0.500366,2.324955,1.623804,2.283392,2.812303,2.400177,2.670002,1.049163,1.661198,1.239172,2.865879,4.784653,2.169141,1.742217,3.130811,2.590296,2.600044,0.821345,1.218907,2.031524,1.714221,1.994181,0.830458,4.015227,2.076719,2.27428,1.509909,2.066422,1.489855,1.283944,1.200906,3.640544,1.223223,1.006198,0.325806,2.318715,1.293124,0.723904,4.000052,2.138848,1.901197
2024-04-06,0.770176,0.983939,1.144255,1.972466,0.385737,0.844282,2.430208,1.872157,3.440147,1.415444,0.51587,0.643327,1.601636,1.448687,2.239481,2.562321,1.440106,2.269502,0.743157,1.733424,1.43483,3.06649,4.106827,1.959224,2.049667,2.400829,0.625244,2.803969,1.105657,1.147207,1.815404,1.952308,2.090838,0.726651,2.460945,2.289498,1.574502,1.203209,1.989317,1.210508,1.467365,0.838728,4.081822,1.450799,0.825684,0.148094,1.391229,1.829013,0.555855,3.831036,2.121873,1.209852
2024-04-13,0.375214,1.124502,1.198744,1.545098,0.457742,0.947663,1.712192,0.689742,2.542718,1.478553,0.497446,0.85777,0.619988,1.480527,1.522261,1.968612,0.925783,1.490751,0.655727,1.08339,0.896769,2.407338,2.960504,1.381953,1.298122,1.751956,0.803885,2.345138,0.758165,1.003806,1.404777,0.904728,1.861914,0.519036,2.201899,1.625628,0.899715,0.778547,1.534396,1.334662,1.283944,1.219968,1.544473,1.095211,0.695313,0.029619,2.473296,1.281474,0.542928,1.239453,1.307074,1.037016
2024-04-20,0.355466,0.281126,1.103389,0.986233,0.396024,0.447986,1.574112,0.788277,2.094003,1.095391,0.340842,0.357404,0.774985,0.971098,0.805042,1.656134,1.508683,1.045751,0.546439,1.155616,0.619586,1.819833,1.555012,0.927133,0.854028,1.265302,0.535923,1.376494,0.821345,0.860405,1.188658,0.714259,1.103922,0.217052,1.942852,0.927715,0.774755,0.754955,1.179711,1.117392,1.008813,0.705294,2.647668,0.824964,0.635141,0.088856,1.54581,0.920331,0.336098,0.732404,1.120349,0.345672
2024-04-27,0.31597,0.421688,1.443941,0.986233,0.388309,0.396296,1.767424,0.197069,1.196573,1.19907,0.276359,1.000731,0.826651,0.684545,0.541574,0.687452,0.925783,0.55625,0.371579,1.011164,0.326098,0.960069,1.166259,0.68223,0.717383,0.957087,0.267962,0.866681,0.663394,0.286802,0.961732,0.952345,0.829213,0.122681,0.906664,0.638336,0.774755,0.802139,0.909843,1.365701,0.641972,0.57186,1.544473,0.654282,0.501427,0.177713,0.927486,0.675686,0.478294,1.239453,0.645049,0.691344
